
Timer1_G6.elf:     file format elf32-avr

Sections:
Idx Name          Size      VMA       LMA       File off  Algn
  0 .text         000046b2  00000000  00000000  00000094  2**1
                  CONTENTS, ALLOC, LOAD, READONLY, CODE
  1 .data         00000136  00800060  000046b2  00004746  2**0
                  CONTENTS, ALLOC, LOAD, DATA
  2 .bss          0000000e  00800196  00800196  0000487c  2**0
                  ALLOC
  3 .stab         00003c3c  00000000  00000000  0000487c  2**2
                  CONTENTS, READONLY, DEBUGGING
  4 .stabstr      0000113c  00000000  00000000  000084b8  2**0
                  CONTENTS, READONLY, DEBUGGING
  5 .debug_aranges 000001e0  00000000  00000000  000095f4  2**0
                  CONTENTS, READONLY, DEBUGGING
  6 .debug_pubnames 0000022e  00000000  00000000  000097d4  2**0
                  CONTENTS, READONLY, DEBUGGING
  7 .debug_info   00002909  00000000  00000000  00009a02  2**0
                  CONTENTS, READONLY, DEBUGGING
  8 .debug_abbrev 0000163a  00000000  00000000  0000c30b  2**0
                  CONTENTS, READONLY, DEBUGGING
  9 .debug_line   0000137c  00000000  00000000  0000d945  2**0
                  CONTENTS, READONLY, DEBUGGING
 10 .debug_frame  00000200  00000000  00000000  0000ecc4  2**2
                  CONTENTS, READONLY, DEBUGGING
 11 .debug_str    00000306  00000000  00000000  0000eec4  2**0
                  CONTENTS, READONLY, DEBUGGING
 12 .debug_loc    000009e6  00000000  00000000  0000f1ca  2**0
                  CONTENTS, READONLY, DEBUGGING
 13 .debug_ranges 00000050  00000000  00000000  0000fbb0  2**0
                  CONTENTS, READONLY, DEBUGGING

Disassembly of section .text:

00000000 <__vectors>:
       0:	0c 94 2a 00 	jmp	0x54	; 0x54 <__ctors_end>
       4:	0c 94 47 00 	jmp	0x8e	; 0x8e <__bad_interrupt>
       8:	0c 94 47 00 	jmp	0x8e	; 0x8e <__bad_interrupt>
       c:	0c 94 47 00 	jmp	0x8e	; 0x8e <__bad_interrupt>
      10:	0c 94 47 00 	jmp	0x8e	; 0x8e <__bad_interrupt>
      14:	0c 94 47 00 	jmp	0x8e	; 0x8e <__bad_interrupt>
      18:	0c 94 47 00 	jmp	0x8e	; 0x8e <__bad_interrupt>
      1c:	0c 94 47 00 	jmp	0x8e	; 0x8e <__bad_interrupt>
      20:	0c 94 47 00 	jmp	0x8e	; 0x8e <__bad_interrupt>
      24:	0c 94 a3 0e 	jmp	0x1d46	; 0x1d46 <__vector_9>
      28:	0c 94 47 00 	jmp	0x8e	; 0x8e <__bad_interrupt>
      2c:	0c 94 47 00 	jmp	0x8e	; 0x8e <__bad_interrupt>
      30:	0c 94 47 00 	jmp	0x8e	; 0x8e <__bad_interrupt>
      34:	0c 94 47 00 	jmp	0x8e	; 0x8e <__bad_interrupt>
      38:	0c 94 47 00 	jmp	0x8e	; 0x8e <__bad_interrupt>
      3c:	0c 94 47 00 	jmp	0x8e	; 0x8e <__bad_interrupt>
      40:	0c 94 47 00 	jmp	0x8e	; 0x8e <__bad_interrupt>
      44:	0c 94 47 00 	jmp	0x8e	; 0x8e <__bad_interrupt>
      48:	0c 94 47 00 	jmp	0x8e	; 0x8e <__bad_interrupt>
      4c:	0c 94 47 00 	jmp	0x8e	; 0x8e <__bad_interrupt>
      50:	0c 94 47 00 	jmp	0x8e	; 0x8e <__bad_interrupt>

00000054 <__ctors_end>:
      54:	11 24       	eor	r1, r1
      56:	1f be       	out	0x3f, r1	; 63
      58:	cf e5       	ldi	r28, 0x5F	; 95
      5a:	d8 e0       	ldi	r29, 0x08	; 8
      5c:	de bf       	out	0x3e, r29	; 62
      5e:	cd bf       	out	0x3d, r28	; 61

00000060 <__do_copy_data>:
      60:	11 e0       	ldi	r17, 0x01	; 1
      62:	a0 e6       	ldi	r26, 0x60	; 96
      64:	b0 e0       	ldi	r27, 0x00	; 0
      66:	e2 eb       	ldi	r30, 0xB2	; 178
      68:	f6 e4       	ldi	r31, 0x46	; 70
      6a:	02 c0       	rjmp	.+4      	; 0x70 <.do_copy_data_start>

0000006c <.do_copy_data_loop>:
      6c:	05 90       	lpm	r0, Z+
      6e:	0d 92       	st	X+, r0

00000070 <.do_copy_data_start>:
      70:	a6 39       	cpi	r26, 0x96	; 150
      72:	b1 07       	cpc	r27, r17
      74:	d9 f7       	brne	.-10     	; 0x6c <.do_copy_data_loop>

00000076 <__do_clear_bss>:
      76:	11 e0       	ldi	r17, 0x01	; 1
      78:	a6 e9       	ldi	r26, 0x96	; 150
      7a:	b1 e0       	ldi	r27, 0x01	; 1
      7c:	01 c0       	rjmp	.+2      	; 0x80 <.do_clear_bss_start>

0000007e <.do_clear_bss_loop>:
      7e:	1d 92       	st	X+, r1

00000080 <.do_clear_bss_start>:
      80:	a4 3a       	cpi	r26, 0xA4	; 164
      82:	b1 07       	cpc	r27, r17
      84:	e1 f7       	brne	.-8      	; 0x7e <.do_clear_bss_loop>
      86:	0e 94 3b 21 	call	0x4276	; 0x4276 <main>
      8a:	0c 94 57 23 	jmp	0x46ae	; 0x46ae <_exit>

0000008e <__bad_interrupt>:
      8e:	0c 94 00 00 	jmp	0	; 0x0 <__vectors>

00000092 <__fixunssfsi>:
      92:	ef 92       	push	r14
      94:	ff 92       	push	r15
      96:	0f 93       	push	r16
      98:	1f 93       	push	r17
      9a:	7b 01       	movw	r14, r22
      9c:	8c 01       	movw	r16, r24
      9e:	20 e0       	ldi	r18, 0x00	; 0
      a0:	30 e0       	ldi	r19, 0x00	; 0
      a2:	40 e0       	ldi	r20, 0x00	; 0
      a4:	5f e4       	ldi	r21, 0x4F	; 79
      a6:	0e 94 55 04 	call	0x8aa	; 0x8aa <__gesf2>
      aa:	88 23       	and	r24, r24
      ac:	8c f0       	brlt	.+34     	; 0xd0 <__fixunssfsi+0x3e>
      ae:	c8 01       	movw	r24, r16
      b0:	b7 01       	movw	r22, r14
      b2:	20 e0       	ldi	r18, 0x00	; 0
      b4:	30 e0       	ldi	r19, 0x00	; 0
      b6:	40 e0       	ldi	r20, 0x00	; 0
      b8:	5f e4       	ldi	r21, 0x4F	; 79
      ba:	0e 94 c1 01 	call	0x382	; 0x382 <__subsf3>
      be:	0e 94 b5 04 	call	0x96a	; 0x96a <__fixsfsi>
      c2:	9b 01       	movw	r18, r22
      c4:	ac 01       	movw	r20, r24
      c6:	20 50       	subi	r18, 0x00	; 0
      c8:	30 40       	sbci	r19, 0x00	; 0
      ca:	40 40       	sbci	r20, 0x00	; 0
      cc:	50 48       	sbci	r21, 0x80	; 128
      ce:	06 c0       	rjmp	.+12     	; 0xdc <__fixunssfsi+0x4a>
      d0:	c8 01       	movw	r24, r16
      d2:	b7 01       	movw	r22, r14
      d4:	0e 94 b5 04 	call	0x96a	; 0x96a <__fixsfsi>
      d8:	9b 01       	movw	r18, r22
      da:	ac 01       	movw	r20, r24
      dc:	b9 01       	movw	r22, r18
      de:	ca 01       	movw	r24, r20
      e0:	1f 91       	pop	r17
      e2:	0f 91       	pop	r16
      e4:	ff 90       	pop	r15
      e6:	ef 90       	pop	r14
      e8:	08 95       	ret

000000ea <_fpadd_parts>:
      ea:	a0 e0       	ldi	r26, 0x00	; 0
      ec:	b0 e0       	ldi	r27, 0x00	; 0
      ee:	eb e7       	ldi	r30, 0x7B	; 123
      f0:	f0 e0       	ldi	r31, 0x00	; 0
      f2:	0c 94 20 23 	jmp	0x4640	; 0x4640 <__prologue_saves__>
      f6:	dc 01       	movw	r26, r24
      f8:	2b 01       	movw	r4, r22
      fa:	fa 01       	movw	r30, r20
      fc:	9c 91       	ld	r25, X
      fe:	92 30       	cpi	r25, 0x02	; 2
     100:	08 f4       	brcc	.+2      	; 0x104 <_fpadd_parts+0x1a>
     102:	39 c1       	rjmp	.+626    	; 0x376 <_fpadd_parts+0x28c>
     104:	eb 01       	movw	r28, r22
     106:	88 81       	ld	r24, Y
     108:	82 30       	cpi	r24, 0x02	; 2
     10a:	08 f4       	brcc	.+2      	; 0x10e <_fpadd_parts+0x24>
     10c:	33 c1       	rjmp	.+614    	; 0x374 <_fpadd_parts+0x28a>
     10e:	94 30       	cpi	r25, 0x04	; 4
     110:	69 f4       	brne	.+26     	; 0x12c <_fpadd_parts+0x42>
     112:	84 30       	cpi	r24, 0x04	; 4
     114:	09 f0       	breq	.+2      	; 0x118 <_fpadd_parts+0x2e>
     116:	2f c1       	rjmp	.+606    	; 0x376 <_fpadd_parts+0x28c>
     118:	11 96       	adiw	r26, 0x01	; 1
     11a:	9c 91       	ld	r25, X
     11c:	11 97       	sbiw	r26, 0x01	; 1
     11e:	89 81       	ldd	r24, Y+1	; 0x01
     120:	98 17       	cp	r25, r24
     122:	09 f4       	brne	.+2      	; 0x126 <_fpadd_parts+0x3c>
     124:	28 c1       	rjmp	.+592    	; 0x376 <_fpadd_parts+0x28c>
     126:	ae e8       	ldi	r26, 0x8E	; 142
     128:	b0 e0       	ldi	r27, 0x00	; 0
     12a:	25 c1       	rjmp	.+586    	; 0x376 <_fpadd_parts+0x28c>
     12c:	84 30       	cpi	r24, 0x04	; 4
     12e:	09 f4       	brne	.+2      	; 0x132 <_fpadd_parts+0x48>
     130:	21 c1       	rjmp	.+578    	; 0x374 <_fpadd_parts+0x28a>
     132:	82 30       	cpi	r24, 0x02	; 2
     134:	a9 f4       	brne	.+42     	; 0x160 <_fpadd_parts+0x76>
     136:	92 30       	cpi	r25, 0x02	; 2
     138:	09 f0       	breq	.+2      	; 0x13c <_fpadd_parts+0x52>
     13a:	1d c1       	rjmp	.+570    	; 0x376 <_fpadd_parts+0x28c>
     13c:	9a 01       	movw	r18, r20
     13e:	ad 01       	movw	r20, r26
     140:	88 e0       	ldi	r24, 0x08	; 8
     142:	ea 01       	movw	r28, r20
     144:	09 90       	ld	r0, Y+
     146:	ae 01       	movw	r20, r28
     148:	e9 01       	movw	r28, r18
     14a:	09 92       	st	Y+, r0
     14c:	9e 01       	movw	r18, r28
     14e:	81 50       	subi	r24, 0x01	; 1
     150:	c1 f7       	brne	.-16     	; 0x142 <_fpadd_parts+0x58>
     152:	e2 01       	movw	r28, r4
     154:	89 81       	ldd	r24, Y+1	; 0x01
     156:	11 96       	adiw	r26, 0x01	; 1
     158:	9c 91       	ld	r25, X
     15a:	89 23       	and	r24, r25
     15c:	81 83       	std	Z+1, r24	; 0x01
     15e:	08 c1       	rjmp	.+528    	; 0x370 <_fpadd_parts+0x286>
     160:	92 30       	cpi	r25, 0x02	; 2
     162:	09 f4       	brne	.+2      	; 0x166 <_fpadd_parts+0x7c>
     164:	07 c1       	rjmp	.+526    	; 0x374 <_fpadd_parts+0x28a>
     166:	12 96       	adiw	r26, 0x02	; 2
     168:	2d 90       	ld	r2, X+
     16a:	3c 90       	ld	r3, X
     16c:	13 97       	sbiw	r26, 0x03	; 3
     16e:	eb 01       	movw	r28, r22
     170:	8a 81       	ldd	r24, Y+2	; 0x02
     172:	9b 81       	ldd	r25, Y+3	; 0x03
     174:	14 96       	adiw	r26, 0x04	; 4
     176:	ad 90       	ld	r10, X+
     178:	bd 90       	ld	r11, X+
     17a:	cd 90       	ld	r12, X+
     17c:	dc 90       	ld	r13, X
     17e:	17 97       	sbiw	r26, 0x07	; 7
     180:	ec 80       	ldd	r14, Y+4	; 0x04
     182:	fd 80       	ldd	r15, Y+5	; 0x05
     184:	0e 81       	ldd	r16, Y+6	; 0x06
     186:	1f 81       	ldd	r17, Y+7	; 0x07
     188:	91 01       	movw	r18, r2
     18a:	28 1b       	sub	r18, r24
     18c:	39 0b       	sbc	r19, r25
     18e:	b9 01       	movw	r22, r18
     190:	37 ff       	sbrs	r19, 7
     192:	04 c0       	rjmp	.+8      	; 0x19c <_fpadd_parts+0xb2>
     194:	66 27       	eor	r22, r22
     196:	77 27       	eor	r23, r23
     198:	62 1b       	sub	r22, r18
     19a:	73 0b       	sbc	r23, r19
     19c:	60 32       	cpi	r22, 0x20	; 32
     19e:	71 05       	cpc	r23, r1
     1a0:	0c f0       	brlt	.+2      	; 0x1a4 <_fpadd_parts+0xba>
     1a2:	61 c0       	rjmp	.+194    	; 0x266 <_fpadd_parts+0x17c>
     1a4:	12 16       	cp	r1, r18
     1a6:	13 06       	cpc	r1, r19
     1a8:	6c f5       	brge	.+90     	; 0x204 <_fpadd_parts+0x11a>
     1aa:	37 01       	movw	r6, r14
     1ac:	48 01       	movw	r8, r16
     1ae:	06 2e       	mov	r0, r22
     1b0:	04 c0       	rjmp	.+8      	; 0x1ba <_fpadd_parts+0xd0>
     1b2:	96 94       	lsr	r9
     1b4:	87 94       	ror	r8
     1b6:	77 94       	ror	r7
     1b8:	67 94       	ror	r6
     1ba:	0a 94       	dec	r0
     1bc:	d2 f7       	brpl	.-12     	; 0x1b2 <_fpadd_parts+0xc8>
     1be:	21 e0       	ldi	r18, 0x01	; 1
     1c0:	30 e0       	ldi	r19, 0x00	; 0
     1c2:	40 e0       	ldi	r20, 0x00	; 0
     1c4:	50 e0       	ldi	r21, 0x00	; 0
     1c6:	04 c0       	rjmp	.+8      	; 0x1d0 <_fpadd_parts+0xe6>
     1c8:	22 0f       	add	r18, r18
     1ca:	33 1f       	adc	r19, r19
     1cc:	44 1f       	adc	r20, r20
     1ce:	55 1f       	adc	r21, r21
     1d0:	6a 95       	dec	r22
     1d2:	d2 f7       	brpl	.-12     	; 0x1c8 <_fpadd_parts+0xde>
     1d4:	21 50       	subi	r18, 0x01	; 1
     1d6:	30 40       	sbci	r19, 0x00	; 0
     1d8:	40 40       	sbci	r20, 0x00	; 0
     1da:	50 40       	sbci	r21, 0x00	; 0
     1dc:	2e 21       	and	r18, r14
     1de:	3f 21       	and	r19, r15
     1e0:	40 23       	and	r20, r16
     1e2:	51 23       	and	r21, r17
     1e4:	21 15       	cp	r18, r1
     1e6:	31 05       	cpc	r19, r1
     1e8:	41 05       	cpc	r20, r1
     1ea:	51 05       	cpc	r21, r1
     1ec:	21 f0       	breq	.+8      	; 0x1f6 <_fpadd_parts+0x10c>
     1ee:	21 e0       	ldi	r18, 0x01	; 1
     1f0:	30 e0       	ldi	r19, 0x00	; 0
     1f2:	40 e0       	ldi	r20, 0x00	; 0
     1f4:	50 e0       	ldi	r21, 0x00	; 0
     1f6:	79 01       	movw	r14, r18
     1f8:	8a 01       	movw	r16, r20
     1fa:	e6 28       	or	r14, r6
     1fc:	f7 28       	or	r15, r7
     1fe:	08 29       	or	r16, r8
     200:	19 29       	or	r17, r9
     202:	3c c0       	rjmp	.+120    	; 0x27c <_fpadd_parts+0x192>
     204:	23 2b       	or	r18, r19
     206:	d1 f1       	breq	.+116    	; 0x27c <_fpadd_parts+0x192>
     208:	26 0e       	add	r2, r22
     20a:	37 1e       	adc	r3, r23
     20c:	35 01       	movw	r6, r10
     20e:	46 01       	movw	r8, r12
     210:	06 2e       	mov	r0, r22
     212:	04 c0       	rjmp	.+8      	; 0x21c <_fpadd_parts+0x132>
     214:	96 94       	lsr	r9
     216:	87 94       	ror	r8
     218:	77 94       	ror	r7
     21a:	67 94       	ror	r6
     21c:	0a 94       	dec	r0
     21e:	d2 f7       	brpl	.-12     	; 0x214 <_fpadd_parts+0x12a>
     220:	21 e0       	ldi	r18, 0x01	; 1
     222:	30 e0       	ldi	r19, 0x00	; 0
     224:	40 e0       	ldi	r20, 0x00	; 0
     226:	50 e0       	ldi	r21, 0x00	; 0
     228:	04 c0       	rjmp	.+8      	; 0x232 <_fpadd_parts+0x148>
     22a:	22 0f       	add	r18, r18
     22c:	33 1f       	adc	r19, r19
     22e:	44 1f       	adc	r20, r20
     230:	55 1f       	adc	r21, r21
     232:	6a 95       	dec	r22
     234:	d2 f7       	brpl	.-12     	; 0x22a <_fpadd_parts+0x140>
     236:	21 50       	subi	r18, 0x01	; 1
     238:	30 40       	sbci	r19, 0x00	; 0
     23a:	40 40       	sbci	r20, 0x00	; 0
     23c:	50 40       	sbci	r21, 0x00	; 0
     23e:	2a 21       	and	r18, r10
     240:	3b 21       	and	r19, r11
     242:	4c 21       	and	r20, r12
     244:	5d 21       	and	r21, r13
     246:	21 15       	cp	r18, r1
     248:	31 05       	cpc	r19, r1
     24a:	41 05       	cpc	r20, r1
     24c:	51 05       	cpc	r21, r1
     24e:	21 f0       	breq	.+8      	; 0x258 <_fpadd_parts+0x16e>
     250:	21 e0       	ldi	r18, 0x01	; 1
     252:	30 e0       	ldi	r19, 0x00	; 0
     254:	40 e0       	ldi	r20, 0x00	; 0
     256:	50 e0       	ldi	r21, 0x00	; 0
     258:	59 01       	movw	r10, r18
     25a:	6a 01       	movw	r12, r20
     25c:	a6 28       	or	r10, r6
     25e:	b7 28       	or	r11, r7
     260:	c8 28       	or	r12, r8
     262:	d9 28       	or	r13, r9
     264:	0b c0       	rjmp	.+22     	; 0x27c <_fpadd_parts+0x192>
     266:	82 15       	cp	r24, r2
     268:	93 05       	cpc	r25, r3
     26a:	2c f0       	brlt	.+10     	; 0x276 <_fpadd_parts+0x18c>
     26c:	1c 01       	movw	r2, r24
     26e:	aa 24       	eor	r10, r10
     270:	bb 24       	eor	r11, r11
     272:	65 01       	movw	r12, r10
     274:	03 c0       	rjmp	.+6      	; 0x27c <_fpadd_parts+0x192>
     276:	ee 24       	eor	r14, r14
     278:	ff 24       	eor	r15, r15
     27a:	87 01       	movw	r16, r14
     27c:	11 96       	adiw	r26, 0x01	; 1
     27e:	9c 91       	ld	r25, X
     280:	d2 01       	movw	r26, r4
     282:	11 96       	adiw	r26, 0x01	; 1
     284:	8c 91       	ld	r24, X
     286:	98 17       	cp	r25, r24
     288:	09 f4       	brne	.+2      	; 0x28c <_fpadd_parts+0x1a2>
     28a:	45 c0       	rjmp	.+138    	; 0x316 <_fpadd_parts+0x22c>
     28c:	99 23       	and	r25, r25
     28e:	39 f0       	breq	.+14     	; 0x29e <_fpadd_parts+0x1b4>
     290:	a8 01       	movw	r20, r16
     292:	97 01       	movw	r18, r14
     294:	2a 19       	sub	r18, r10
     296:	3b 09       	sbc	r19, r11
     298:	4c 09       	sbc	r20, r12
     29a:	5d 09       	sbc	r21, r13
     29c:	06 c0       	rjmp	.+12     	; 0x2aa <_fpadd_parts+0x1c0>
     29e:	a6 01       	movw	r20, r12
     2a0:	95 01       	movw	r18, r10
     2a2:	2e 19       	sub	r18, r14
     2a4:	3f 09       	sbc	r19, r15
     2a6:	40 0b       	sbc	r20, r16
     2a8:	51 0b       	sbc	r21, r17
     2aa:	57 fd       	sbrc	r21, 7
     2ac:	08 c0       	rjmp	.+16     	; 0x2be <_fpadd_parts+0x1d4>
     2ae:	11 82       	std	Z+1, r1	; 0x01
     2b0:	33 82       	std	Z+3, r3	; 0x03
     2b2:	22 82       	std	Z+2, r2	; 0x02
     2b4:	24 83       	std	Z+4, r18	; 0x04
     2b6:	35 83       	std	Z+5, r19	; 0x05
     2b8:	46 83       	std	Z+6, r20	; 0x06
     2ba:	57 83       	std	Z+7, r21	; 0x07
     2bc:	1d c0       	rjmp	.+58     	; 0x2f8 <_fpadd_parts+0x20e>
     2be:	81 e0       	ldi	r24, 0x01	; 1
     2c0:	81 83       	std	Z+1, r24	; 0x01
     2c2:	33 82       	std	Z+3, r3	; 0x03
     2c4:	22 82       	std	Z+2, r2	; 0x02
     2c6:	88 27       	eor	r24, r24
     2c8:	99 27       	eor	r25, r25
     2ca:	dc 01       	movw	r26, r24
     2cc:	82 1b       	sub	r24, r18
     2ce:	93 0b       	sbc	r25, r19
     2d0:	a4 0b       	sbc	r26, r20
     2d2:	b5 0b       	sbc	r27, r21
     2d4:	84 83       	std	Z+4, r24	; 0x04
     2d6:	95 83       	std	Z+5, r25	; 0x05
     2d8:	a6 83       	std	Z+6, r26	; 0x06
     2da:	b7 83       	std	Z+7, r27	; 0x07
     2dc:	0d c0       	rjmp	.+26     	; 0x2f8 <_fpadd_parts+0x20e>
     2de:	22 0f       	add	r18, r18
     2e0:	33 1f       	adc	r19, r19
     2e2:	44 1f       	adc	r20, r20
     2e4:	55 1f       	adc	r21, r21
     2e6:	24 83       	std	Z+4, r18	; 0x04
     2e8:	35 83       	std	Z+5, r19	; 0x05
     2ea:	46 83       	std	Z+6, r20	; 0x06
     2ec:	57 83       	std	Z+7, r21	; 0x07
     2ee:	82 81       	ldd	r24, Z+2	; 0x02
     2f0:	93 81       	ldd	r25, Z+3	; 0x03
     2f2:	01 97       	sbiw	r24, 0x01	; 1
     2f4:	93 83       	std	Z+3, r25	; 0x03
     2f6:	82 83       	std	Z+2, r24	; 0x02
     2f8:	24 81       	ldd	r18, Z+4	; 0x04
     2fa:	35 81       	ldd	r19, Z+5	; 0x05
     2fc:	46 81       	ldd	r20, Z+6	; 0x06
     2fe:	57 81       	ldd	r21, Z+7	; 0x07
     300:	da 01       	movw	r26, r20
     302:	c9 01       	movw	r24, r18
     304:	01 97       	sbiw	r24, 0x01	; 1
     306:	a1 09       	sbc	r26, r1
     308:	b1 09       	sbc	r27, r1
     30a:	8f 5f       	subi	r24, 0xFF	; 255
     30c:	9f 4f       	sbci	r25, 0xFF	; 255
     30e:	af 4f       	sbci	r26, 0xFF	; 255
     310:	bf 43       	sbci	r27, 0x3F	; 63
     312:	28 f3       	brcs	.-54     	; 0x2de <_fpadd_parts+0x1f4>
     314:	0b c0       	rjmp	.+22     	; 0x32c <_fpadd_parts+0x242>
     316:	91 83       	std	Z+1, r25	; 0x01
     318:	33 82       	std	Z+3, r3	; 0x03
     31a:	22 82       	std	Z+2, r2	; 0x02
     31c:	ea 0c       	add	r14, r10
     31e:	fb 1c       	adc	r15, r11
     320:	0c 1d       	adc	r16, r12
     322:	1d 1d       	adc	r17, r13
     324:	e4 82       	std	Z+4, r14	; 0x04
     326:	f5 82       	std	Z+5, r15	; 0x05
     328:	06 83       	std	Z+6, r16	; 0x06
     32a:	17 83       	std	Z+7, r17	; 0x07
     32c:	83 e0       	ldi	r24, 0x03	; 3
     32e:	80 83       	st	Z, r24
     330:	24 81       	ldd	r18, Z+4	; 0x04
     332:	35 81       	ldd	r19, Z+5	; 0x05
     334:	46 81       	ldd	r20, Z+6	; 0x06
     336:	57 81       	ldd	r21, Z+7	; 0x07
     338:	57 ff       	sbrs	r21, 7
     33a:	1a c0       	rjmp	.+52     	; 0x370 <_fpadd_parts+0x286>
     33c:	c9 01       	movw	r24, r18
     33e:	aa 27       	eor	r26, r26
     340:	97 fd       	sbrc	r25, 7
     342:	a0 95       	com	r26
     344:	ba 2f       	mov	r27, r26
     346:	81 70       	andi	r24, 0x01	; 1
     348:	90 70       	andi	r25, 0x00	; 0
     34a:	a0 70       	andi	r26, 0x00	; 0
     34c:	b0 70       	andi	r27, 0x00	; 0
     34e:	56 95       	lsr	r21
     350:	47 95       	ror	r20
     352:	37 95       	ror	r19
     354:	27 95       	ror	r18
     356:	82 2b       	or	r24, r18
     358:	93 2b       	or	r25, r19
     35a:	a4 2b       	or	r26, r20
     35c:	b5 2b       	or	r27, r21
     35e:	84 83       	std	Z+4, r24	; 0x04
     360:	95 83       	std	Z+5, r25	; 0x05
     362:	a6 83       	std	Z+6, r26	; 0x06
     364:	b7 83       	std	Z+7, r27	; 0x07
     366:	82 81       	ldd	r24, Z+2	; 0x02
     368:	93 81       	ldd	r25, Z+3	; 0x03
     36a:	01 96       	adiw	r24, 0x01	; 1
     36c:	93 83       	std	Z+3, r25	; 0x03
     36e:	82 83       	std	Z+2, r24	; 0x02
     370:	df 01       	movw	r26, r30
     372:	01 c0       	rjmp	.+2      	; 0x376 <_fpadd_parts+0x28c>
     374:	d2 01       	movw	r26, r4
     376:	cd 01       	movw	r24, r26
     378:	cd b7       	in	r28, 0x3d	; 61
     37a:	de b7       	in	r29, 0x3e	; 62
     37c:	e2 e1       	ldi	r30, 0x12	; 18
     37e:	0c 94 3c 23 	jmp	0x4678	; 0x4678 <__epilogue_restores__>

00000382 <__subsf3>:
     382:	a0 e2       	ldi	r26, 0x20	; 32
     384:	b0 e0       	ldi	r27, 0x00	; 0
     386:	e7 ec       	ldi	r30, 0xC7	; 199
     388:	f1 e0       	ldi	r31, 0x01	; 1
     38a:	0c 94 2c 23 	jmp	0x4658	; 0x4658 <__prologue_saves__+0x18>
     38e:	69 83       	std	Y+1, r22	; 0x01
     390:	7a 83       	std	Y+2, r23	; 0x02
     392:	8b 83       	std	Y+3, r24	; 0x03
     394:	9c 83       	std	Y+4, r25	; 0x04
     396:	2d 83       	std	Y+5, r18	; 0x05
     398:	3e 83       	std	Y+6, r19	; 0x06
     39a:	4f 83       	std	Y+7, r20	; 0x07
     39c:	58 87       	std	Y+8, r21	; 0x08
     39e:	e9 e0       	ldi	r30, 0x09	; 9
     3a0:	ee 2e       	mov	r14, r30
     3a2:	f1 2c       	mov	r15, r1
     3a4:	ec 0e       	add	r14, r28
     3a6:	fd 1e       	adc	r15, r29
     3a8:	ce 01       	movw	r24, r28
     3aa:	01 96       	adiw	r24, 0x01	; 1
     3ac:	b7 01       	movw	r22, r14
     3ae:	0e 94 a6 06 	call	0xd4c	; 0xd4c <__unpack_f>
     3b2:	8e 01       	movw	r16, r28
     3b4:	0f 5e       	subi	r16, 0xEF	; 239
     3b6:	1f 4f       	sbci	r17, 0xFF	; 255
     3b8:	ce 01       	movw	r24, r28
     3ba:	05 96       	adiw	r24, 0x05	; 5
     3bc:	b8 01       	movw	r22, r16
     3be:	0e 94 a6 06 	call	0xd4c	; 0xd4c <__unpack_f>
     3c2:	8a 89       	ldd	r24, Y+18	; 0x12
     3c4:	91 e0       	ldi	r25, 0x01	; 1
     3c6:	89 27       	eor	r24, r25
     3c8:	8a 8b       	std	Y+18, r24	; 0x12
     3ca:	c7 01       	movw	r24, r14
     3cc:	b8 01       	movw	r22, r16
     3ce:	ae 01       	movw	r20, r28
     3d0:	47 5e       	subi	r20, 0xE7	; 231
     3d2:	5f 4f       	sbci	r21, 0xFF	; 255
     3d4:	0e 94 75 00 	call	0xea	; 0xea <_fpadd_parts>
     3d8:	0e 94 d1 05 	call	0xba2	; 0xba2 <__pack_f>
     3dc:	a0 96       	adiw	r28, 0x20	; 32
     3de:	e6 e0       	ldi	r30, 0x06	; 6
     3e0:	0c 94 48 23 	jmp	0x4690	; 0x4690 <__epilogue_restores__+0x18>

000003e4 <__addsf3>:
     3e4:	a0 e2       	ldi	r26, 0x20	; 32
     3e6:	b0 e0       	ldi	r27, 0x00	; 0
     3e8:	e8 ef       	ldi	r30, 0xF8	; 248
     3ea:	f1 e0       	ldi	r31, 0x01	; 1
     3ec:	0c 94 2c 23 	jmp	0x4658	; 0x4658 <__prologue_saves__+0x18>
     3f0:	69 83       	std	Y+1, r22	; 0x01
     3f2:	7a 83       	std	Y+2, r23	; 0x02
     3f4:	8b 83       	std	Y+3, r24	; 0x03
     3f6:	9c 83       	std	Y+4, r25	; 0x04
     3f8:	2d 83       	std	Y+5, r18	; 0x05
     3fa:	3e 83       	std	Y+6, r19	; 0x06
     3fc:	4f 83       	std	Y+7, r20	; 0x07
     3fe:	58 87       	std	Y+8, r21	; 0x08
     400:	f9 e0       	ldi	r31, 0x09	; 9
     402:	ef 2e       	mov	r14, r31
     404:	f1 2c       	mov	r15, r1
     406:	ec 0e       	add	r14, r28
     408:	fd 1e       	adc	r15, r29
     40a:	ce 01       	movw	r24, r28
     40c:	01 96       	adiw	r24, 0x01	; 1
     40e:	b7 01       	movw	r22, r14
     410:	0e 94 a6 06 	call	0xd4c	; 0xd4c <__unpack_f>
     414:	8e 01       	movw	r16, r28
     416:	0f 5e       	subi	r16, 0xEF	; 239
     418:	1f 4f       	sbci	r17, 0xFF	; 255
     41a:	ce 01       	movw	r24, r28
     41c:	05 96       	adiw	r24, 0x05	; 5
     41e:	b8 01       	movw	r22, r16
     420:	0e 94 a6 06 	call	0xd4c	; 0xd4c <__unpack_f>
     424:	c7 01       	movw	r24, r14
     426:	b8 01       	movw	r22, r16
     428:	ae 01       	movw	r20, r28
     42a:	47 5e       	subi	r20, 0xE7	; 231
     42c:	5f 4f       	sbci	r21, 0xFF	; 255
     42e:	0e 94 75 00 	call	0xea	; 0xea <_fpadd_parts>
     432:	0e 94 d1 05 	call	0xba2	; 0xba2 <__pack_f>
     436:	a0 96       	adiw	r28, 0x20	; 32
     438:	e6 e0       	ldi	r30, 0x06	; 6
     43a:	0c 94 48 23 	jmp	0x4690	; 0x4690 <__epilogue_restores__+0x18>

0000043e <__mulsf3>:
     43e:	a0 e2       	ldi	r26, 0x20	; 32
     440:	b0 e0       	ldi	r27, 0x00	; 0
     442:	e5 e2       	ldi	r30, 0x25	; 37
     444:	f2 e0       	ldi	r31, 0x02	; 2
     446:	0c 94 20 23 	jmp	0x4640	; 0x4640 <__prologue_saves__>
     44a:	69 83       	std	Y+1, r22	; 0x01
     44c:	7a 83       	std	Y+2, r23	; 0x02
     44e:	8b 83       	std	Y+3, r24	; 0x03
     450:	9c 83       	std	Y+4, r25	; 0x04
     452:	2d 83       	std	Y+5, r18	; 0x05
     454:	3e 83       	std	Y+6, r19	; 0x06
     456:	4f 83       	std	Y+7, r20	; 0x07
     458:	58 87       	std	Y+8, r21	; 0x08
     45a:	ce 01       	movw	r24, r28
     45c:	01 96       	adiw	r24, 0x01	; 1
     45e:	be 01       	movw	r22, r28
     460:	67 5f       	subi	r22, 0xF7	; 247
     462:	7f 4f       	sbci	r23, 0xFF	; 255
     464:	0e 94 a6 06 	call	0xd4c	; 0xd4c <__unpack_f>
     468:	ce 01       	movw	r24, r28
     46a:	05 96       	adiw	r24, 0x05	; 5
     46c:	be 01       	movw	r22, r28
     46e:	6f 5e       	subi	r22, 0xEF	; 239
     470:	7f 4f       	sbci	r23, 0xFF	; 255
     472:	0e 94 a6 06 	call	0xd4c	; 0xd4c <__unpack_f>
     476:	99 85       	ldd	r25, Y+9	; 0x09
     478:	92 30       	cpi	r25, 0x02	; 2
     47a:	88 f0       	brcs	.+34     	; 0x49e <__mulsf3+0x60>
     47c:	89 89       	ldd	r24, Y+17	; 0x11
     47e:	82 30       	cpi	r24, 0x02	; 2
     480:	c8 f0       	brcs	.+50     	; 0x4b4 <__mulsf3+0x76>
     482:	94 30       	cpi	r25, 0x04	; 4
     484:	19 f4       	brne	.+6      	; 0x48c <__mulsf3+0x4e>
     486:	82 30       	cpi	r24, 0x02	; 2
     488:	51 f4       	brne	.+20     	; 0x49e <__mulsf3+0x60>
     48a:	04 c0       	rjmp	.+8      	; 0x494 <__mulsf3+0x56>
     48c:	84 30       	cpi	r24, 0x04	; 4
     48e:	29 f4       	brne	.+10     	; 0x49a <__mulsf3+0x5c>
     490:	92 30       	cpi	r25, 0x02	; 2
     492:	81 f4       	brne	.+32     	; 0x4b4 <__mulsf3+0x76>
     494:	8e e8       	ldi	r24, 0x8E	; 142
     496:	90 e0       	ldi	r25, 0x00	; 0
     498:	c6 c0       	rjmp	.+396    	; 0x626 <__mulsf3+0x1e8>
     49a:	92 30       	cpi	r25, 0x02	; 2
     49c:	49 f4       	brne	.+18     	; 0x4b0 <__mulsf3+0x72>
     49e:	20 e0       	ldi	r18, 0x00	; 0
     4a0:	9a 85       	ldd	r25, Y+10	; 0x0a
     4a2:	8a 89       	ldd	r24, Y+18	; 0x12
     4a4:	98 13       	cpse	r25, r24
     4a6:	21 e0       	ldi	r18, 0x01	; 1
     4a8:	2a 87       	std	Y+10, r18	; 0x0a
     4aa:	ce 01       	movw	r24, r28
     4ac:	09 96       	adiw	r24, 0x09	; 9
     4ae:	bb c0       	rjmp	.+374    	; 0x626 <__mulsf3+0x1e8>
     4b0:	82 30       	cpi	r24, 0x02	; 2
     4b2:	49 f4       	brne	.+18     	; 0x4c6 <__mulsf3+0x88>
     4b4:	20 e0       	ldi	r18, 0x00	; 0
     4b6:	9a 85       	ldd	r25, Y+10	; 0x0a
     4b8:	8a 89       	ldd	r24, Y+18	; 0x12
     4ba:	98 13       	cpse	r25, r24
     4bc:	21 e0       	ldi	r18, 0x01	; 1
     4be:	2a 8b       	std	Y+18, r18	; 0x12
     4c0:	ce 01       	movw	r24, r28
     4c2:	41 96       	adiw	r24, 0x11	; 17
     4c4:	b0 c0       	rjmp	.+352    	; 0x626 <__mulsf3+0x1e8>
     4c6:	2d 84       	ldd	r2, Y+13	; 0x0d
     4c8:	3e 84       	ldd	r3, Y+14	; 0x0e
     4ca:	4f 84       	ldd	r4, Y+15	; 0x0f
     4cc:	58 88       	ldd	r5, Y+16	; 0x10
     4ce:	6d 88       	ldd	r6, Y+21	; 0x15
     4d0:	7e 88       	ldd	r7, Y+22	; 0x16
     4d2:	8f 88       	ldd	r8, Y+23	; 0x17
     4d4:	98 8c       	ldd	r9, Y+24	; 0x18
     4d6:	ee 24       	eor	r14, r14
     4d8:	ff 24       	eor	r15, r15
     4da:	87 01       	movw	r16, r14
     4dc:	aa 24       	eor	r10, r10
     4de:	bb 24       	eor	r11, r11
     4e0:	65 01       	movw	r12, r10
     4e2:	40 e0       	ldi	r20, 0x00	; 0
     4e4:	50 e0       	ldi	r21, 0x00	; 0
     4e6:	60 e0       	ldi	r22, 0x00	; 0
     4e8:	70 e0       	ldi	r23, 0x00	; 0
     4ea:	e0 e0       	ldi	r30, 0x00	; 0
     4ec:	f0 e0       	ldi	r31, 0x00	; 0
     4ee:	c1 01       	movw	r24, r2
     4f0:	81 70       	andi	r24, 0x01	; 1
     4f2:	90 70       	andi	r25, 0x00	; 0
     4f4:	89 2b       	or	r24, r25
     4f6:	e9 f0       	breq	.+58     	; 0x532 <__mulsf3+0xf4>
     4f8:	e6 0c       	add	r14, r6
     4fa:	f7 1c       	adc	r15, r7
     4fc:	08 1d       	adc	r16, r8
     4fe:	19 1d       	adc	r17, r9
     500:	9a 01       	movw	r18, r20
     502:	ab 01       	movw	r20, r22
     504:	2a 0d       	add	r18, r10
     506:	3b 1d       	adc	r19, r11
     508:	4c 1d       	adc	r20, r12
     50a:	5d 1d       	adc	r21, r13
     50c:	80 e0       	ldi	r24, 0x00	; 0
     50e:	90 e0       	ldi	r25, 0x00	; 0
     510:	a0 e0       	ldi	r26, 0x00	; 0
     512:	b0 e0       	ldi	r27, 0x00	; 0
     514:	e6 14       	cp	r14, r6
     516:	f7 04       	cpc	r15, r7
     518:	08 05       	cpc	r16, r8
     51a:	19 05       	cpc	r17, r9
     51c:	20 f4       	brcc	.+8      	; 0x526 <__mulsf3+0xe8>
     51e:	81 e0       	ldi	r24, 0x01	; 1
     520:	90 e0       	ldi	r25, 0x00	; 0
     522:	a0 e0       	ldi	r26, 0x00	; 0
     524:	b0 e0       	ldi	r27, 0x00	; 0
     526:	ba 01       	movw	r22, r20
     528:	a9 01       	movw	r20, r18
     52a:	48 0f       	add	r20, r24
     52c:	59 1f       	adc	r21, r25
     52e:	6a 1f       	adc	r22, r26
     530:	7b 1f       	adc	r23, r27
     532:	aa 0c       	add	r10, r10
     534:	bb 1c       	adc	r11, r11
     536:	cc 1c       	adc	r12, r12
     538:	dd 1c       	adc	r13, r13
     53a:	97 fe       	sbrs	r9, 7
     53c:	08 c0       	rjmp	.+16     	; 0x54e <__mulsf3+0x110>
     53e:	81 e0       	ldi	r24, 0x01	; 1
     540:	90 e0       	ldi	r25, 0x00	; 0
     542:	a0 e0       	ldi	r26, 0x00	; 0
     544:	b0 e0       	ldi	r27, 0x00	; 0
     546:	a8 2a       	or	r10, r24
     548:	b9 2a       	or	r11, r25
     54a:	ca 2a       	or	r12, r26
     54c:	db 2a       	or	r13, r27
     54e:	31 96       	adiw	r30, 0x01	; 1
     550:	e0 32       	cpi	r30, 0x20	; 32
     552:	f1 05       	cpc	r31, r1
     554:	49 f0       	breq	.+18     	; 0x568 <__mulsf3+0x12a>
     556:	66 0c       	add	r6, r6
     558:	77 1c       	adc	r7, r7
     55a:	88 1c       	adc	r8, r8
     55c:	99 1c       	adc	r9, r9
     55e:	56 94       	lsr	r5
     560:	47 94       	ror	r4
     562:	37 94       	ror	r3
     564:	27 94       	ror	r2
     566:	c3 cf       	rjmp	.-122    	; 0x4ee <__mulsf3+0xb0>
     568:	fa 85       	ldd	r31, Y+10	; 0x0a
     56a:	ea 89       	ldd	r30, Y+18	; 0x12
     56c:	2b 89       	ldd	r18, Y+19	; 0x13
     56e:	3c 89       	ldd	r19, Y+20	; 0x14
     570:	8b 85       	ldd	r24, Y+11	; 0x0b
     572:	9c 85       	ldd	r25, Y+12	; 0x0c
     574:	28 0f       	add	r18, r24
     576:	39 1f       	adc	r19, r25
     578:	2e 5f       	subi	r18, 0xFE	; 254
     57a:	3f 4f       	sbci	r19, 0xFF	; 255
     57c:	17 c0       	rjmp	.+46     	; 0x5ac <__mulsf3+0x16e>
     57e:	ca 01       	movw	r24, r20
     580:	81 70       	andi	r24, 0x01	; 1
     582:	90 70       	andi	r25, 0x00	; 0
     584:	89 2b       	or	r24, r25
     586:	61 f0       	breq	.+24     	; 0x5a0 <__mulsf3+0x162>
     588:	16 95       	lsr	r17
     58a:	07 95       	ror	r16
     58c:	f7 94       	ror	r15
     58e:	e7 94       	ror	r14
     590:	80 e0       	ldi	r24, 0x00	; 0
     592:	90 e0       	ldi	r25, 0x00	; 0
     594:	a0 e0       	ldi	r26, 0x00	; 0
     596:	b0 e8       	ldi	r27, 0x80	; 128
     598:	e8 2a       	or	r14, r24
     59a:	f9 2a       	or	r15, r25
     59c:	0a 2b       	or	r16, r26
     59e:	1b 2b       	or	r17, r27
     5a0:	76 95       	lsr	r23
     5a2:	67 95       	ror	r22
     5a4:	57 95       	ror	r21
     5a6:	47 95       	ror	r20
     5a8:	2f 5f       	subi	r18, 0xFF	; 255
     5aa:	3f 4f       	sbci	r19, 0xFF	; 255
     5ac:	77 fd       	sbrc	r23, 7
     5ae:	e7 cf       	rjmp	.-50     	; 0x57e <__mulsf3+0x140>
     5b0:	0c c0       	rjmp	.+24     	; 0x5ca <__mulsf3+0x18c>
     5b2:	44 0f       	add	r20, r20
     5b4:	55 1f       	adc	r21, r21
     5b6:	66 1f       	adc	r22, r22
     5b8:	77 1f       	adc	r23, r23
     5ba:	17 fd       	sbrc	r17, 7
     5bc:	41 60       	ori	r20, 0x01	; 1
     5be:	ee 0c       	add	r14, r14
     5c0:	ff 1c       	adc	r15, r15
     5c2:	00 1f       	adc	r16, r16
     5c4:	11 1f       	adc	r17, r17
     5c6:	21 50       	subi	r18, 0x01	; 1
     5c8:	30 40       	sbci	r19, 0x00	; 0
     5ca:	40 30       	cpi	r20, 0x00	; 0
     5cc:	90 e0       	ldi	r25, 0x00	; 0
     5ce:	59 07       	cpc	r21, r25
     5d0:	90 e0       	ldi	r25, 0x00	; 0
     5d2:	69 07       	cpc	r22, r25
     5d4:	90 e4       	ldi	r25, 0x40	; 64
     5d6:	79 07       	cpc	r23, r25
     5d8:	60 f3       	brcs	.-40     	; 0x5b2 <__mulsf3+0x174>
     5da:	2b 8f       	std	Y+27, r18	; 0x1b
     5dc:	3c 8f       	std	Y+28, r19	; 0x1c
     5de:	db 01       	movw	r26, r22
     5e0:	ca 01       	movw	r24, r20
     5e2:	8f 77       	andi	r24, 0x7F	; 127
     5e4:	90 70       	andi	r25, 0x00	; 0
     5e6:	a0 70       	andi	r26, 0x00	; 0
     5e8:	b0 70       	andi	r27, 0x00	; 0
     5ea:	80 34       	cpi	r24, 0x40	; 64
     5ec:	91 05       	cpc	r25, r1
     5ee:	a1 05       	cpc	r26, r1
     5f0:	b1 05       	cpc	r27, r1
     5f2:	61 f4       	brne	.+24     	; 0x60c <__mulsf3+0x1ce>
     5f4:	47 fd       	sbrc	r20, 7
     5f6:	0a c0       	rjmp	.+20     	; 0x60c <__mulsf3+0x1ce>
     5f8:	e1 14       	cp	r14, r1
     5fa:	f1 04       	cpc	r15, r1
     5fc:	01 05       	cpc	r16, r1
     5fe:	11 05       	cpc	r17, r1
     600:	29 f0       	breq	.+10     	; 0x60c <__mulsf3+0x1ce>
     602:	40 5c       	subi	r20, 0xC0	; 192
     604:	5f 4f       	sbci	r21, 0xFF	; 255
     606:	6f 4f       	sbci	r22, 0xFF	; 255
     608:	7f 4f       	sbci	r23, 0xFF	; 255
     60a:	40 78       	andi	r20, 0x80	; 128
     60c:	1a 8e       	std	Y+26, r1	; 0x1a
     60e:	fe 17       	cp	r31, r30
     610:	11 f0       	breq	.+4      	; 0x616 <__mulsf3+0x1d8>
     612:	81 e0       	ldi	r24, 0x01	; 1
     614:	8a 8f       	std	Y+26, r24	; 0x1a
     616:	4d 8f       	std	Y+29, r20	; 0x1d
     618:	5e 8f       	std	Y+30, r21	; 0x1e
     61a:	6f 8f       	std	Y+31, r22	; 0x1f
     61c:	78 a3       	std	Y+32, r23	; 0x20
     61e:	83 e0       	ldi	r24, 0x03	; 3
     620:	89 8f       	std	Y+25, r24	; 0x19
     622:	ce 01       	movw	r24, r28
     624:	49 96       	adiw	r24, 0x19	; 25
     626:	0e 94 d1 05 	call	0xba2	; 0xba2 <__pack_f>
     62a:	a0 96       	adiw	r28, 0x20	; 32
     62c:	e2 e1       	ldi	r30, 0x12	; 18
     62e:	0c 94 3c 23 	jmp	0x4678	; 0x4678 <__epilogue_restores__>

00000632 <__divsf3>:
     632:	a8 e1       	ldi	r26, 0x18	; 24
     634:	b0 e0       	ldi	r27, 0x00	; 0
     636:	ef e1       	ldi	r30, 0x1F	; 31
     638:	f3 e0       	ldi	r31, 0x03	; 3
     63a:	0c 94 28 23 	jmp	0x4650	; 0x4650 <__prologue_saves__+0x10>
     63e:	69 83       	std	Y+1, r22	; 0x01
     640:	7a 83       	std	Y+2, r23	; 0x02
     642:	8b 83       	std	Y+3, r24	; 0x03
     644:	9c 83       	std	Y+4, r25	; 0x04
     646:	2d 83       	std	Y+5, r18	; 0x05
     648:	3e 83       	std	Y+6, r19	; 0x06
     64a:	4f 83       	std	Y+7, r20	; 0x07
     64c:	58 87       	std	Y+8, r21	; 0x08
     64e:	b9 e0       	ldi	r27, 0x09	; 9
     650:	eb 2e       	mov	r14, r27
     652:	f1 2c       	mov	r15, r1
     654:	ec 0e       	add	r14, r28
     656:	fd 1e       	adc	r15, r29
     658:	ce 01       	movw	r24, r28
     65a:	01 96       	adiw	r24, 0x01	; 1
     65c:	b7 01       	movw	r22, r14
     65e:	0e 94 a6 06 	call	0xd4c	; 0xd4c <__unpack_f>
     662:	8e 01       	movw	r16, r28
     664:	0f 5e       	subi	r16, 0xEF	; 239
     666:	1f 4f       	sbci	r17, 0xFF	; 255
     668:	ce 01       	movw	r24, r28
     66a:	05 96       	adiw	r24, 0x05	; 5
     66c:	b8 01       	movw	r22, r16
     66e:	0e 94 a6 06 	call	0xd4c	; 0xd4c <__unpack_f>
     672:	29 85       	ldd	r18, Y+9	; 0x09
     674:	22 30       	cpi	r18, 0x02	; 2
     676:	08 f4       	brcc	.+2      	; 0x67a <__divsf3+0x48>
     678:	7e c0       	rjmp	.+252    	; 0x776 <__divsf3+0x144>
     67a:	39 89       	ldd	r19, Y+17	; 0x11
     67c:	32 30       	cpi	r19, 0x02	; 2
     67e:	10 f4       	brcc	.+4      	; 0x684 <__divsf3+0x52>
     680:	b8 01       	movw	r22, r16
     682:	7c c0       	rjmp	.+248    	; 0x77c <__divsf3+0x14a>
     684:	8a 85       	ldd	r24, Y+10	; 0x0a
     686:	9a 89       	ldd	r25, Y+18	; 0x12
     688:	89 27       	eor	r24, r25
     68a:	8a 87       	std	Y+10, r24	; 0x0a
     68c:	24 30       	cpi	r18, 0x04	; 4
     68e:	11 f0       	breq	.+4      	; 0x694 <__divsf3+0x62>
     690:	22 30       	cpi	r18, 0x02	; 2
     692:	31 f4       	brne	.+12     	; 0x6a0 <__divsf3+0x6e>
     694:	23 17       	cp	r18, r19
     696:	09 f0       	breq	.+2      	; 0x69a <__divsf3+0x68>
     698:	6e c0       	rjmp	.+220    	; 0x776 <__divsf3+0x144>
     69a:	6e e8       	ldi	r22, 0x8E	; 142
     69c:	70 e0       	ldi	r23, 0x00	; 0
     69e:	6e c0       	rjmp	.+220    	; 0x77c <__divsf3+0x14a>
     6a0:	34 30       	cpi	r19, 0x04	; 4
     6a2:	39 f4       	brne	.+14     	; 0x6b2 <__divsf3+0x80>
     6a4:	1d 86       	std	Y+13, r1	; 0x0d
     6a6:	1e 86       	std	Y+14, r1	; 0x0e
     6a8:	1f 86       	std	Y+15, r1	; 0x0f
     6aa:	18 8a       	std	Y+16, r1	; 0x10
     6ac:	1c 86       	std	Y+12, r1	; 0x0c
     6ae:	1b 86       	std	Y+11, r1	; 0x0b
     6b0:	04 c0       	rjmp	.+8      	; 0x6ba <__divsf3+0x88>
     6b2:	32 30       	cpi	r19, 0x02	; 2
     6b4:	21 f4       	brne	.+8      	; 0x6be <__divsf3+0x8c>
     6b6:	84 e0       	ldi	r24, 0x04	; 4
     6b8:	89 87       	std	Y+9, r24	; 0x09
     6ba:	b7 01       	movw	r22, r14
     6bc:	5f c0       	rjmp	.+190    	; 0x77c <__divsf3+0x14a>
     6be:	2b 85       	ldd	r18, Y+11	; 0x0b
     6c0:	3c 85       	ldd	r19, Y+12	; 0x0c
     6c2:	8b 89       	ldd	r24, Y+19	; 0x13
     6c4:	9c 89       	ldd	r25, Y+20	; 0x14
     6c6:	28 1b       	sub	r18, r24
     6c8:	39 0b       	sbc	r19, r25
     6ca:	3c 87       	std	Y+12, r19	; 0x0c
     6cc:	2b 87       	std	Y+11, r18	; 0x0b
     6ce:	ed 84       	ldd	r14, Y+13	; 0x0d
     6d0:	fe 84       	ldd	r15, Y+14	; 0x0e
     6d2:	0f 85       	ldd	r16, Y+15	; 0x0f
     6d4:	18 89       	ldd	r17, Y+16	; 0x10
     6d6:	ad 88       	ldd	r10, Y+21	; 0x15
     6d8:	be 88       	ldd	r11, Y+22	; 0x16
     6da:	cf 88       	ldd	r12, Y+23	; 0x17
     6dc:	d8 8c       	ldd	r13, Y+24	; 0x18
     6de:	ea 14       	cp	r14, r10
     6e0:	fb 04       	cpc	r15, r11
     6e2:	0c 05       	cpc	r16, r12
     6e4:	1d 05       	cpc	r17, r13
     6e6:	40 f4       	brcc	.+16     	; 0x6f8 <__divsf3+0xc6>
     6e8:	ee 0c       	add	r14, r14
     6ea:	ff 1c       	adc	r15, r15
     6ec:	00 1f       	adc	r16, r16
     6ee:	11 1f       	adc	r17, r17
     6f0:	21 50       	subi	r18, 0x01	; 1
     6f2:	30 40       	sbci	r19, 0x00	; 0
     6f4:	3c 87       	std	Y+12, r19	; 0x0c
     6f6:	2b 87       	std	Y+11, r18	; 0x0b
     6f8:	20 e0       	ldi	r18, 0x00	; 0
     6fa:	30 e0       	ldi	r19, 0x00	; 0
     6fc:	40 e0       	ldi	r20, 0x00	; 0
     6fe:	50 e0       	ldi	r21, 0x00	; 0
     700:	80 e0       	ldi	r24, 0x00	; 0
     702:	90 e0       	ldi	r25, 0x00	; 0
     704:	a0 e0       	ldi	r26, 0x00	; 0
     706:	b0 e4       	ldi	r27, 0x40	; 64
     708:	60 e0       	ldi	r22, 0x00	; 0
     70a:	70 e0       	ldi	r23, 0x00	; 0
     70c:	ea 14       	cp	r14, r10
     70e:	fb 04       	cpc	r15, r11
     710:	0c 05       	cpc	r16, r12
     712:	1d 05       	cpc	r17, r13
     714:	40 f0       	brcs	.+16     	; 0x726 <__divsf3+0xf4>
     716:	28 2b       	or	r18, r24
     718:	39 2b       	or	r19, r25
     71a:	4a 2b       	or	r20, r26
     71c:	5b 2b       	or	r21, r27
     71e:	ea 18       	sub	r14, r10
     720:	fb 08       	sbc	r15, r11
     722:	0c 09       	sbc	r16, r12
     724:	1d 09       	sbc	r17, r13
     726:	b6 95       	lsr	r27
     728:	a7 95       	ror	r26
     72a:	97 95       	ror	r25
     72c:	87 95       	ror	r24
     72e:	ee 0c       	add	r14, r14
     730:	ff 1c       	adc	r15, r15
     732:	00 1f       	adc	r16, r16
     734:	11 1f       	adc	r17, r17
     736:	6f 5f       	subi	r22, 0xFF	; 255
     738:	7f 4f       	sbci	r23, 0xFF	; 255
     73a:	6f 31       	cpi	r22, 0x1F	; 31
     73c:	71 05       	cpc	r23, r1
     73e:	31 f7       	brne	.-52     	; 0x70c <__divsf3+0xda>
     740:	da 01       	movw	r26, r20
     742:	c9 01       	movw	r24, r18
     744:	8f 77       	andi	r24, 0x7F	; 127
     746:	90 70       	andi	r25, 0x00	; 0
     748:	a0 70       	andi	r26, 0x00	; 0
     74a:	b0 70       	andi	r27, 0x00	; 0
     74c:	80 34       	cpi	r24, 0x40	; 64
     74e:	91 05       	cpc	r25, r1
     750:	a1 05       	cpc	r26, r1
     752:	b1 05       	cpc	r27, r1
     754:	61 f4       	brne	.+24     	; 0x76e <__divsf3+0x13c>
     756:	27 fd       	sbrc	r18, 7
     758:	0a c0       	rjmp	.+20     	; 0x76e <__divsf3+0x13c>
     75a:	e1 14       	cp	r14, r1
     75c:	f1 04       	cpc	r15, r1
     75e:	01 05       	cpc	r16, r1
     760:	11 05       	cpc	r17, r1
     762:	29 f0       	breq	.+10     	; 0x76e <__divsf3+0x13c>
     764:	20 5c       	subi	r18, 0xC0	; 192
     766:	3f 4f       	sbci	r19, 0xFF	; 255
     768:	4f 4f       	sbci	r20, 0xFF	; 255
     76a:	5f 4f       	sbci	r21, 0xFF	; 255
     76c:	20 78       	andi	r18, 0x80	; 128
     76e:	2d 87       	std	Y+13, r18	; 0x0d
     770:	3e 87       	std	Y+14, r19	; 0x0e
     772:	4f 87       	std	Y+15, r20	; 0x0f
     774:	58 8b       	std	Y+16, r21	; 0x10
     776:	be 01       	movw	r22, r28
     778:	67 5f       	subi	r22, 0xF7	; 247
     77a:	7f 4f       	sbci	r23, 0xFF	; 255
     77c:	cb 01       	movw	r24, r22
     77e:	0e 94 d1 05 	call	0xba2	; 0xba2 <__pack_f>
     782:	68 96       	adiw	r28, 0x18	; 24
     784:	ea e0       	ldi	r30, 0x0A	; 10
     786:	0c 94 44 23 	jmp	0x4688	; 0x4688 <__epilogue_restores__+0x10>

0000078a <__eqsf2>:
     78a:	a8 e1       	ldi	r26, 0x18	; 24
     78c:	b0 e0       	ldi	r27, 0x00	; 0
     78e:	eb ec       	ldi	r30, 0xCB	; 203
     790:	f3 e0       	ldi	r31, 0x03	; 3
     792:	0c 94 2c 23 	jmp	0x4658	; 0x4658 <__prologue_saves__+0x18>
     796:	69 83       	std	Y+1, r22	; 0x01
     798:	7a 83       	std	Y+2, r23	; 0x02
     79a:	8b 83       	std	Y+3, r24	; 0x03
     79c:	9c 83       	std	Y+4, r25	; 0x04
     79e:	2d 83       	std	Y+5, r18	; 0x05
     7a0:	3e 83       	std	Y+6, r19	; 0x06
     7a2:	4f 83       	std	Y+7, r20	; 0x07
     7a4:	58 87       	std	Y+8, r21	; 0x08
     7a6:	89 e0       	ldi	r24, 0x09	; 9
     7a8:	e8 2e       	mov	r14, r24
     7aa:	f1 2c       	mov	r15, r1
     7ac:	ec 0e       	add	r14, r28
     7ae:	fd 1e       	adc	r15, r29
     7b0:	ce 01       	movw	r24, r28
     7b2:	01 96       	adiw	r24, 0x01	; 1
     7b4:	b7 01       	movw	r22, r14
     7b6:	0e 94 a6 06 	call	0xd4c	; 0xd4c <__unpack_f>
     7ba:	8e 01       	movw	r16, r28
     7bc:	0f 5e       	subi	r16, 0xEF	; 239
     7be:	1f 4f       	sbci	r17, 0xFF	; 255
     7c0:	ce 01       	movw	r24, r28
     7c2:	05 96       	adiw	r24, 0x05	; 5
     7c4:	b8 01       	movw	r22, r16
     7c6:	0e 94 a6 06 	call	0xd4c	; 0xd4c <__unpack_f>
     7ca:	89 85       	ldd	r24, Y+9	; 0x09
     7cc:	82 30       	cpi	r24, 0x02	; 2
     7ce:	40 f0       	brcs	.+16     	; 0x7e0 <__eqsf2+0x56>
     7d0:	89 89       	ldd	r24, Y+17	; 0x11
     7d2:	82 30       	cpi	r24, 0x02	; 2
     7d4:	28 f0       	brcs	.+10     	; 0x7e0 <__eqsf2+0x56>
     7d6:	c7 01       	movw	r24, r14
     7d8:	b8 01       	movw	r22, r16
     7da:	0e 94 1e 07 	call	0xe3c	; 0xe3c <__fpcmp_parts_f>
     7de:	01 c0       	rjmp	.+2      	; 0x7e2 <__eqsf2+0x58>
     7e0:	81 e0       	ldi	r24, 0x01	; 1
     7e2:	68 96       	adiw	r28, 0x18	; 24
     7e4:	e6 e0       	ldi	r30, 0x06	; 6
     7e6:	0c 94 48 23 	jmp	0x4690	; 0x4690 <__epilogue_restores__+0x18>

000007ea <__nesf2>:
     7ea:	a8 e1       	ldi	r26, 0x18	; 24
     7ec:	b0 e0       	ldi	r27, 0x00	; 0
     7ee:	eb ef       	ldi	r30, 0xFB	; 251
     7f0:	f3 e0       	ldi	r31, 0x03	; 3
     7f2:	0c 94 2c 23 	jmp	0x4658	; 0x4658 <__prologue_saves__+0x18>
     7f6:	69 83       	std	Y+1, r22	; 0x01
     7f8:	7a 83       	std	Y+2, r23	; 0x02
     7fa:	8b 83       	std	Y+3, r24	; 0x03
     7fc:	9c 83       	std	Y+4, r25	; 0x04
     7fe:	2d 83       	std	Y+5, r18	; 0x05
     800:	3e 83       	std	Y+6, r19	; 0x06
     802:	4f 83       	std	Y+7, r20	; 0x07
     804:	58 87       	std	Y+8, r21	; 0x08
     806:	89 e0       	ldi	r24, 0x09	; 9
     808:	e8 2e       	mov	r14, r24
     80a:	f1 2c       	mov	r15, r1
     80c:	ec 0e       	add	r14, r28
     80e:	fd 1e       	adc	r15, r29
     810:	ce 01       	movw	r24, r28
     812:	01 96       	adiw	r24, 0x01	; 1
     814:	b7 01       	movw	r22, r14
     816:	0e 94 a6 06 	call	0xd4c	; 0xd4c <__unpack_f>
     81a:	8e 01       	movw	r16, r28
     81c:	0f 5e       	subi	r16, 0xEF	; 239
     81e:	1f 4f       	sbci	r17, 0xFF	; 255
     820:	ce 01       	movw	r24, r28
     822:	05 96       	adiw	r24, 0x05	; 5
     824:	b8 01       	movw	r22, r16
     826:	0e 94 a6 06 	call	0xd4c	; 0xd4c <__unpack_f>
     82a:	89 85       	ldd	r24, Y+9	; 0x09
     82c:	82 30       	cpi	r24, 0x02	; 2
     82e:	40 f0       	brcs	.+16     	; 0x840 <__nesf2+0x56>
     830:	89 89       	ldd	r24, Y+17	; 0x11
     832:	82 30       	cpi	r24, 0x02	; 2
     834:	28 f0       	brcs	.+10     	; 0x840 <__nesf2+0x56>
     836:	c7 01       	movw	r24, r14
     838:	b8 01       	movw	r22, r16
     83a:	0e 94 1e 07 	call	0xe3c	; 0xe3c <__fpcmp_parts_f>
     83e:	01 c0       	rjmp	.+2      	; 0x842 <__nesf2+0x58>
     840:	81 e0       	ldi	r24, 0x01	; 1
     842:	68 96       	adiw	r28, 0x18	; 24
     844:	e6 e0       	ldi	r30, 0x06	; 6
     846:	0c 94 48 23 	jmp	0x4690	; 0x4690 <__epilogue_restores__+0x18>

0000084a <__gtsf2>:
     84a:	a8 e1       	ldi	r26, 0x18	; 24
     84c:	b0 e0       	ldi	r27, 0x00	; 0
     84e:	eb e2       	ldi	r30, 0x2B	; 43
     850:	f4 e0       	ldi	r31, 0x04	; 4
     852:	0c 94 2c 23 	jmp	0x4658	; 0x4658 <__prologue_saves__+0x18>
     856:	69 83       	std	Y+1, r22	; 0x01
     858:	7a 83       	std	Y+2, r23	; 0x02
     85a:	8b 83       	std	Y+3, r24	; 0x03
     85c:	9c 83       	std	Y+4, r25	; 0x04
     85e:	2d 83       	std	Y+5, r18	; 0x05
     860:	3e 83       	std	Y+6, r19	; 0x06
     862:	4f 83       	std	Y+7, r20	; 0x07
     864:	58 87       	std	Y+8, r21	; 0x08
     866:	89 e0       	ldi	r24, 0x09	; 9
     868:	e8 2e       	mov	r14, r24
     86a:	f1 2c       	mov	r15, r1
     86c:	ec 0e       	add	r14, r28
     86e:	fd 1e       	adc	r15, r29
     870:	ce 01       	movw	r24, r28
     872:	01 96       	adiw	r24, 0x01	; 1
     874:	b7 01       	movw	r22, r14
     876:	0e 94 a6 06 	call	0xd4c	; 0xd4c <__unpack_f>
     87a:	8e 01       	movw	r16, r28
     87c:	0f 5e       	subi	r16, 0xEF	; 239
     87e:	1f 4f       	sbci	r17, 0xFF	; 255
     880:	ce 01       	movw	r24, r28
     882:	05 96       	adiw	r24, 0x05	; 5
     884:	b8 01       	movw	r22, r16
     886:	0e 94 a6 06 	call	0xd4c	; 0xd4c <__unpack_f>
     88a:	89 85       	ldd	r24, Y+9	; 0x09
     88c:	82 30       	cpi	r24, 0x02	; 2
     88e:	40 f0       	brcs	.+16     	; 0x8a0 <__stack+0x41>
     890:	89 89       	ldd	r24, Y+17	; 0x11
     892:	82 30       	cpi	r24, 0x02	; 2
     894:	28 f0       	brcs	.+10     	; 0x8a0 <__stack+0x41>
     896:	c7 01       	movw	r24, r14
     898:	b8 01       	movw	r22, r16
     89a:	0e 94 1e 07 	call	0xe3c	; 0xe3c <__fpcmp_parts_f>
     89e:	01 c0       	rjmp	.+2      	; 0x8a2 <__stack+0x43>
     8a0:	8f ef       	ldi	r24, 0xFF	; 255
     8a2:	68 96       	adiw	r28, 0x18	; 24
     8a4:	e6 e0       	ldi	r30, 0x06	; 6
     8a6:	0c 94 48 23 	jmp	0x4690	; 0x4690 <__epilogue_restores__+0x18>

000008aa <__gesf2>:
     8aa:	a8 e1       	ldi	r26, 0x18	; 24
     8ac:	b0 e0       	ldi	r27, 0x00	; 0
     8ae:	eb e5       	ldi	r30, 0x5B	; 91
     8b0:	f4 e0       	ldi	r31, 0x04	; 4
     8b2:	0c 94 2c 23 	jmp	0x4658	; 0x4658 <__prologue_saves__+0x18>
     8b6:	69 83       	std	Y+1, r22	; 0x01
     8b8:	7a 83       	std	Y+2, r23	; 0x02
     8ba:	8b 83       	std	Y+3, r24	; 0x03
     8bc:	9c 83       	std	Y+4, r25	; 0x04
     8be:	2d 83       	std	Y+5, r18	; 0x05
     8c0:	3e 83       	std	Y+6, r19	; 0x06
     8c2:	4f 83       	std	Y+7, r20	; 0x07
     8c4:	58 87       	std	Y+8, r21	; 0x08
     8c6:	89 e0       	ldi	r24, 0x09	; 9
     8c8:	e8 2e       	mov	r14, r24
     8ca:	f1 2c       	mov	r15, r1
     8cc:	ec 0e       	add	r14, r28
     8ce:	fd 1e       	adc	r15, r29
     8d0:	ce 01       	movw	r24, r28
     8d2:	01 96       	adiw	r24, 0x01	; 1
     8d4:	b7 01       	movw	r22, r14
     8d6:	0e 94 a6 06 	call	0xd4c	; 0xd4c <__unpack_f>
     8da:	8e 01       	movw	r16, r28
     8dc:	0f 5e       	subi	r16, 0xEF	; 239
     8de:	1f 4f       	sbci	r17, 0xFF	; 255
     8e0:	ce 01       	movw	r24, r28
     8e2:	05 96       	adiw	r24, 0x05	; 5
     8e4:	b8 01       	movw	r22, r16
     8e6:	0e 94 a6 06 	call	0xd4c	; 0xd4c <__unpack_f>
     8ea:	89 85       	ldd	r24, Y+9	; 0x09
     8ec:	82 30       	cpi	r24, 0x02	; 2
     8ee:	40 f0       	brcs	.+16     	; 0x900 <__gesf2+0x56>
     8f0:	89 89       	ldd	r24, Y+17	; 0x11
     8f2:	82 30       	cpi	r24, 0x02	; 2
     8f4:	28 f0       	brcs	.+10     	; 0x900 <__gesf2+0x56>
     8f6:	c7 01       	movw	r24, r14
     8f8:	b8 01       	movw	r22, r16
     8fa:	0e 94 1e 07 	call	0xe3c	; 0xe3c <__fpcmp_parts_f>
     8fe:	01 c0       	rjmp	.+2      	; 0x902 <__gesf2+0x58>
     900:	8f ef       	ldi	r24, 0xFF	; 255
     902:	68 96       	adiw	r28, 0x18	; 24
     904:	e6 e0       	ldi	r30, 0x06	; 6
     906:	0c 94 48 23 	jmp	0x4690	; 0x4690 <__epilogue_restores__+0x18>

0000090a <__ltsf2>:
     90a:	a8 e1       	ldi	r26, 0x18	; 24
     90c:	b0 e0       	ldi	r27, 0x00	; 0
     90e:	eb e8       	ldi	r30, 0x8B	; 139
     910:	f4 e0       	ldi	r31, 0x04	; 4
     912:	0c 94 2c 23 	jmp	0x4658	; 0x4658 <__prologue_saves__+0x18>
     916:	69 83       	std	Y+1, r22	; 0x01
     918:	7a 83       	std	Y+2, r23	; 0x02
     91a:	8b 83       	std	Y+3, r24	; 0x03
     91c:	9c 83       	std	Y+4, r25	; 0x04
     91e:	2d 83       	std	Y+5, r18	; 0x05
     920:	3e 83       	std	Y+6, r19	; 0x06
     922:	4f 83       	std	Y+7, r20	; 0x07
     924:	58 87       	std	Y+8, r21	; 0x08
     926:	89 e0       	ldi	r24, 0x09	; 9
     928:	e8 2e       	mov	r14, r24
     92a:	f1 2c       	mov	r15, r1
     92c:	ec 0e       	add	r14, r28
     92e:	fd 1e       	adc	r15, r29
     930:	ce 01       	movw	r24, r28
     932:	01 96       	adiw	r24, 0x01	; 1
     934:	b7 01       	movw	r22, r14
     936:	0e 94 a6 06 	call	0xd4c	; 0xd4c <__unpack_f>
     93a:	8e 01       	movw	r16, r28
     93c:	0f 5e       	subi	r16, 0xEF	; 239
     93e:	1f 4f       	sbci	r17, 0xFF	; 255
     940:	ce 01       	movw	r24, r28
     942:	05 96       	adiw	r24, 0x05	; 5
     944:	b8 01       	movw	r22, r16
     946:	0e 94 a6 06 	call	0xd4c	; 0xd4c <__unpack_f>
     94a:	89 85       	ldd	r24, Y+9	; 0x09
     94c:	82 30       	cpi	r24, 0x02	; 2
     94e:	40 f0       	brcs	.+16     	; 0x960 <__ltsf2+0x56>
     950:	89 89       	ldd	r24, Y+17	; 0x11
     952:	82 30       	cpi	r24, 0x02	; 2
     954:	28 f0       	brcs	.+10     	; 0x960 <__ltsf2+0x56>
     956:	c7 01       	movw	r24, r14
     958:	b8 01       	movw	r22, r16
     95a:	0e 94 1e 07 	call	0xe3c	; 0xe3c <__fpcmp_parts_f>
     95e:	01 c0       	rjmp	.+2      	; 0x962 <__ltsf2+0x58>
     960:	81 e0       	ldi	r24, 0x01	; 1
     962:	68 96       	adiw	r28, 0x18	; 24
     964:	e6 e0       	ldi	r30, 0x06	; 6
     966:	0c 94 48 23 	jmp	0x4690	; 0x4690 <__epilogue_restores__+0x18>

0000096a <__fixsfsi>:
     96a:	ac e0       	ldi	r26, 0x0C	; 12
     96c:	b0 e0       	ldi	r27, 0x00	; 0
     96e:	eb eb       	ldi	r30, 0xBB	; 187
     970:	f4 e0       	ldi	r31, 0x04	; 4
     972:	0c 94 30 23 	jmp	0x4660	; 0x4660 <__prologue_saves__+0x20>
     976:	69 83       	std	Y+1, r22	; 0x01
     978:	7a 83       	std	Y+2, r23	; 0x02
     97a:	8b 83       	std	Y+3, r24	; 0x03
     97c:	9c 83       	std	Y+4, r25	; 0x04
     97e:	ce 01       	movw	r24, r28
     980:	01 96       	adiw	r24, 0x01	; 1
     982:	be 01       	movw	r22, r28
     984:	6b 5f       	subi	r22, 0xFB	; 251
     986:	7f 4f       	sbci	r23, 0xFF	; 255
     988:	0e 94 a6 06 	call	0xd4c	; 0xd4c <__unpack_f>
     98c:	8d 81       	ldd	r24, Y+5	; 0x05
     98e:	82 30       	cpi	r24, 0x02	; 2
     990:	61 f1       	breq	.+88     	; 0x9ea <__fixsfsi+0x80>
     992:	82 30       	cpi	r24, 0x02	; 2
     994:	50 f1       	brcs	.+84     	; 0x9ea <__fixsfsi+0x80>
     996:	84 30       	cpi	r24, 0x04	; 4
     998:	21 f4       	brne	.+8      	; 0x9a2 <__fixsfsi+0x38>
     99a:	8e 81       	ldd	r24, Y+6	; 0x06
     99c:	88 23       	and	r24, r24
     99e:	51 f1       	breq	.+84     	; 0x9f4 <__fixsfsi+0x8a>
     9a0:	2e c0       	rjmp	.+92     	; 0x9fe <__fixsfsi+0x94>
     9a2:	2f 81       	ldd	r18, Y+7	; 0x07
     9a4:	38 85       	ldd	r19, Y+8	; 0x08
     9a6:	37 fd       	sbrc	r19, 7
     9a8:	20 c0       	rjmp	.+64     	; 0x9ea <__fixsfsi+0x80>
     9aa:	6e 81       	ldd	r22, Y+6	; 0x06
     9ac:	2f 31       	cpi	r18, 0x1F	; 31
     9ae:	31 05       	cpc	r19, r1
     9b0:	1c f0       	brlt	.+6      	; 0x9b8 <__fixsfsi+0x4e>
     9b2:	66 23       	and	r22, r22
     9b4:	f9 f0       	breq	.+62     	; 0x9f4 <__fixsfsi+0x8a>
     9b6:	23 c0       	rjmp	.+70     	; 0x9fe <__fixsfsi+0x94>
     9b8:	8e e1       	ldi	r24, 0x1E	; 30
     9ba:	90 e0       	ldi	r25, 0x00	; 0
     9bc:	82 1b       	sub	r24, r18
     9be:	93 0b       	sbc	r25, r19
     9c0:	29 85       	ldd	r18, Y+9	; 0x09
     9c2:	3a 85       	ldd	r19, Y+10	; 0x0a
     9c4:	4b 85       	ldd	r20, Y+11	; 0x0b
     9c6:	5c 85       	ldd	r21, Y+12	; 0x0c
     9c8:	04 c0       	rjmp	.+8      	; 0x9d2 <__fixsfsi+0x68>
     9ca:	56 95       	lsr	r21
     9cc:	47 95       	ror	r20
     9ce:	37 95       	ror	r19
     9d0:	27 95       	ror	r18
     9d2:	8a 95       	dec	r24
     9d4:	d2 f7       	brpl	.-12     	; 0x9ca <__fixsfsi+0x60>
     9d6:	66 23       	and	r22, r22
     9d8:	b1 f0       	breq	.+44     	; 0xa06 <__fixsfsi+0x9c>
     9da:	50 95       	com	r21
     9dc:	40 95       	com	r20
     9de:	30 95       	com	r19
     9e0:	21 95       	neg	r18
     9e2:	3f 4f       	sbci	r19, 0xFF	; 255
     9e4:	4f 4f       	sbci	r20, 0xFF	; 255
     9e6:	5f 4f       	sbci	r21, 0xFF	; 255
     9e8:	0e c0       	rjmp	.+28     	; 0xa06 <__fixsfsi+0x9c>
     9ea:	20 e0       	ldi	r18, 0x00	; 0
     9ec:	30 e0       	ldi	r19, 0x00	; 0
     9ee:	40 e0       	ldi	r20, 0x00	; 0
     9f0:	50 e0       	ldi	r21, 0x00	; 0
     9f2:	09 c0       	rjmp	.+18     	; 0xa06 <__fixsfsi+0x9c>
     9f4:	2f ef       	ldi	r18, 0xFF	; 255
     9f6:	3f ef       	ldi	r19, 0xFF	; 255
     9f8:	4f ef       	ldi	r20, 0xFF	; 255
     9fa:	5f e7       	ldi	r21, 0x7F	; 127
     9fc:	04 c0       	rjmp	.+8      	; 0xa06 <__fixsfsi+0x9c>
     9fe:	20 e0       	ldi	r18, 0x00	; 0
     a00:	30 e0       	ldi	r19, 0x00	; 0
     a02:	40 e0       	ldi	r20, 0x00	; 0
     a04:	50 e8       	ldi	r21, 0x80	; 128
     a06:	b9 01       	movw	r22, r18
     a08:	ca 01       	movw	r24, r20
     a0a:	2c 96       	adiw	r28, 0x0c	; 12
     a0c:	e2 e0       	ldi	r30, 0x02	; 2
     a0e:	0c 94 4c 23 	jmp	0x4698	; 0x4698 <__epilogue_restores__+0x20>

00000a12 <__floatunsisf>:
     a12:	a8 e0       	ldi	r26, 0x08	; 8
     a14:	b0 e0       	ldi	r27, 0x00	; 0
     a16:	ef e0       	ldi	r30, 0x0F	; 15
     a18:	f5 e0       	ldi	r31, 0x05	; 5
     a1a:	0c 94 28 23 	jmp	0x4650	; 0x4650 <__prologue_saves__+0x10>
     a1e:	7b 01       	movw	r14, r22
     a20:	8c 01       	movw	r16, r24
     a22:	61 15       	cp	r22, r1
     a24:	71 05       	cpc	r23, r1
     a26:	81 05       	cpc	r24, r1
     a28:	91 05       	cpc	r25, r1
     a2a:	19 f4       	brne	.+6      	; 0xa32 <__floatunsisf+0x20>
     a2c:	82 e0       	ldi	r24, 0x02	; 2
     a2e:	89 83       	std	Y+1, r24	; 0x01
     a30:	60 c0       	rjmp	.+192    	; 0xaf2 <__floatunsisf+0xe0>
     a32:	83 e0       	ldi	r24, 0x03	; 3
     a34:	89 83       	std	Y+1, r24	; 0x01
     a36:	8e e1       	ldi	r24, 0x1E	; 30
     a38:	c8 2e       	mov	r12, r24
     a3a:	d1 2c       	mov	r13, r1
     a3c:	dc 82       	std	Y+4, r13	; 0x04
     a3e:	cb 82       	std	Y+3, r12	; 0x03
     a40:	ed 82       	std	Y+5, r14	; 0x05
     a42:	fe 82       	std	Y+6, r15	; 0x06
     a44:	0f 83       	std	Y+7, r16	; 0x07
     a46:	18 87       	std	Y+8, r17	; 0x08
     a48:	c8 01       	movw	r24, r16
     a4a:	b7 01       	movw	r22, r14
     a4c:	0e 94 82 05 	call	0xb04	; 0xb04 <__clzsi2>
     a50:	fc 01       	movw	r30, r24
     a52:	31 97       	sbiw	r30, 0x01	; 1
     a54:	f7 ff       	sbrs	r31, 7
     a56:	3b c0       	rjmp	.+118    	; 0xace <__floatunsisf+0xbc>
     a58:	22 27       	eor	r18, r18
     a5a:	33 27       	eor	r19, r19
     a5c:	2e 1b       	sub	r18, r30
     a5e:	3f 0b       	sbc	r19, r31
     a60:	57 01       	movw	r10, r14
     a62:	68 01       	movw	r12, r16
     a64:	02 2e       	mov	r0, r18
     a66:	04 c0       	rjmp	.+8      	; 0xa70 <__floatunsisf+0x5e>
     a68:	d6 94       	lsr	r13
     a6a:	c7 94       	ror	r12
     a6c:	b7 94       	ror	r11
     a6e:	a7 94       	ror	r10
     a70:	0a 94       	dec	r0
     a72:	d2 f7       	brpl	.-12     	; 0xa68 <__floatunsisf+0x56>
     a74:	40 e0       	ldi	r20, 0x00	; 0
     a76:	50 e0       	ldi	r21, 0x00	; 0
     a78:	60 e0       	ldi	r22, 0x00	; 0
     a7a:	70 e0       	ldi	r23, 0x00	; 0
     a7c:	81 e0       	ldi	r24, 0x01	; 1
     a7e:	90 e0       	ldi	r25, 0x00	; 0
     a80:	a0 e0       	ldi	r26, 0x00	; 0
     a82:	b0 e0       	ldi	r27, 0x00	; 0
     a84:	04 c0       	rjmp	.+8      	; 0xa8e <__floatunsisf+0x7c>
     a86:	88 0f       	add	r24, r24
     a88:	99 1f       	adc	r25, r25
     a8a:	aa 1f       	adc	r26, r26
     a8c:	bb 1f       	adc	r27, r27
     a8e:	2a 95       	dec	r18
     a90:	d2 f7       	brpl	.-12     	; 0xa86 <__floatunsisf+0x74>
     a92:	01 97       	sbiw	r24, 0x01	; 1
     a94:	a1 09       	sbc	r26, r1
     a96:	b1 09       	sbc	r27, r1
     a98:	8e 21       	and	r24, r14
     a9a:	9f 21       	and	r25, r15
     a9c:	a0 23       	and	r26, r16
     a9e:	b1 23       	and	r27, r17
     aa0:	00 97       	sbiw	r24, 0x00	; 0
     aa2:	a1 05       	cpc	r26, r1
     aa4:	b1 05       	cpc	r27, r1
     aa6:	21 f0       	breq	.+8      	; 0xab0 <__floatunsisf+0x9e>
     aa8:	41 e0       	ldi	r20, 0x01	; 1
     aaa:	50 e0       	ldi	r21, 0x00	; 0
     aac:	60 e0       	ldi	r22, 0x00	; 0
     aae:	70 e0       	ldi	r23, 0x00	; 0
     ab0:	4a 29       	or	r20, r10
     ab2:	5b 29       	or	r21, r11
     ab4:	6c 29       	or	r22, r12
     ab6:	7d 29       	or	r23, r13
     ab8:	4d 83       	std	Y+5, r20	; 0x05
     aba:	5e 83       	std	Y+6, r21	; 0x06
     abc:	6f 83       	std	Y+7, r22	; 0x07
     abe:	78 87       	std	Y+8, r23	; 0x08
     ac0:	8e e1       	ldi	r24, 0x1E	; 30
     ac2:	90 e0       	ldi	r25, 0x00	; 0
     ac4:	8e 1b       	sub	r24, r30
     ac6:	9f 0b       	sbc	r25, r31
     ac8:	9c 83       	std	Y+4, r25	; 0x04
     aca:	8b 83       	std	Y+3, r24	; 0x03
     acc:	12 c0       	rjmp	.+36     	; 0xaf2 <__floatunsisf+0xe0>
     ace:	30 97       	sbiw	r30, 0x00	; 0
     ad0:	81 f0       	breq	.+32     	; 0xaf2 <__floatunsisf+0xe0>
     ad2:	0e 2e       	mov	r0, r30
     ad4:	04 c0       	rjmp	.+8      	; 0xade <__floatunsisf+0xcc>
     ad6:	ee 0c       	add	r14, r14
     ad8:	ff 1c       	adc	r15, r15
     ada:	00 1f       	adc	r16, r16
     adc:	11 1f       	adc	r17, r17
     ade:	0a 94       	dec	r0
     ae0:	d2 f7       	brpl	.-12     	; 0xad6 <__floatunsisf+0xc4>
     ae2:	ed 82       	std	Y+5, r14	; 0x05
     ae4:	fe 82       	std	Y+6, r15	; 0x06
     ae6:	0f 83       	std	Y+7, r16	; 0x07
     ae8:	18 87       	std	Y+8, r17	; 0x08
     aea:	ce 1a       	sub	r12, r30
     aec:	df 0a       	sbc	r13, r31
     aee:	dc 82       	std	Y+4, r13	; 0x04
     af0:	cb 82       	std	Y+3, r12	; 0x03
     af2:	1a 82       	std	Y+2, r1	; 0x02
     af4:	ce 01       	movw	r24, r28
     af6:	01 96       	adiw	r24, 0x01	; 1
     af8:	0e 94 d1 05 	call	0xba2	; 0xba2 <__pack_f>
     afc:	28 96       	adiw	r28, 0x08	; 8
     afe:	ea e0       	ldi	r30, 0x0A	; 10
     b00:	0c 94 44 23 	jmp	0x4688	; 0x4688 <__epilogue_restores__+0x10>

00000b04 <__clzsi2>:
     b04:	ef 92       	push	r14
     b06:	ff 92       	push	r15
     b08:	0f 93       	push	r16
     b0a:	1f 93       	push	r17
     b0c:	7b 01       	movw	r14, r22
     b0e:	8c 01       	movw	r16, r24
     b10:	80 e0       	ldi	r24, 0x00	; 0
     b12:	e8 16       	cp	r14, r24
     b14:	80 e0       	ldi	r24, 0x00	; 0
     b16:	f8 06       	cpc	r15, r24
     b18:	81 e0       	ldi	r24, 0x01	; 1
     b1a:	08 07       	cpc	r16, r24
     b1c:	80 e0       	ldi	r24, 0x00	; 0
     b1e:	18 07       	cpc	r17, r24
     b20:	88 f4       	brcc	.+34     	; 0xb44 <__clzsi2+0x40>
     b22:	8f ef       	ldi	r24, 0xFF	; 255
     b24:	e8 16       	cp	r14, r24
     b26:	f1 04       	cpc	r15, r1
     b28:	01 05       	cpc	r16, r1
     b2a:	11 05       	cpc	r17, r1
     b2c:	31 f0       	breq	.+12     	; 0xb3a <__clzsi2+0x36>
     b2e:	28 f0       	brcs	.+10     	; 0xb3a <__clzsi2+0x36>
     b30:	88 e0       	ldi	r24, 0x08	; 8
     b32:	90 e0       	ldi	r25, 0x00	; 0
     b34:	a0 e0       	ldi	r26, 0x00	; 0
     b36:	b0 e0       	ldi	r27, 0x00	; 0
     b38:	17 c0       	rjmp	.+46     	; 0xb68 <__clzsi2+0x64>
     b3a:	80 e0       	ldi	r24, 0x00	; 0
     b3c:	90 e0       	ldi	r25, 0x00	; 0
     b3e:	a0 e0       	ldi	r26, 0x00	; 0
     b40:	b0 e0       	ldi	r27, 0x00	; 0
     b42:	12 c0       	rjmp	.+36     	; 0xb68 <__clzsi2+0x64>
     b44:	80 e0       	ldi	r24, 0x00	; 0
     b46:	e8 16       	cp	r14, r24
     b48:	80 e0       	ldi	r24, 0x00	; 0
     b4a:	f8 06       	cpc	r15, r24
     b4c:	80 e0       	ldi	r24, 0x00	; 0
     b4e:	08 07       	cpc	r16, r24
     b50:	81 e0       	ldi	r24, 0x01	; 1
     b52:	18 07       	cpc	r17, r24
     b54:	28 f0       	brcs	.+10     	; 0xb60 <__clzsi2+0x5c>
     b56:	88 e1       	ldi	r24, 0x18	; 24
     b58:	90 e0       	ldi	r25, 0x00	; 0
     b5a:	a0 e0       	ldi	r26, 0x00	; 0
     b5c:	b0 e0       	ldi	r27, 0x00	; 0
     b5e:	04 c0       	rjmp	.+8      	; 0xb68 <__clzsi2+0x64>
     b60:	80 e1       	ldi	r24, 0x10	; 16
     b62:	90 e0       	ldi	r25, 0x00	; 0
     b64:	a0 e0       	ldi	r26, 0x00	; 0
     b66:	b0 e0       	ldi	r27, 0x00	; 0
     b68:	20 e2       	ldi	r18, 0x20	; 32
     b6a:	30 e0       	ldi	r19, 0x00	; 0
     b6c:	40 e0       	ldi	r20, 0x00	; 0
     b6e:	50 e0       	ldi	r21, 0x00	; 0
     b70:	28 1b       	sub	r18, r24
     b72:	39 0b       	sbc	r19, r25
     b74:	4a 0b       	sbc	r20, r26
     b76:	5b 0b       	sbc	r21, r27
     b78:	04 c0       	rjmp	.+8      	; 0xb82 <__clzsi2+0x7e>
     b7a:	16 95       	lsr	r17
     b7c:	07 95       	ror	r16
     b7e:	f7 94       	ror	r15
     b80:	e7 94       	ror	r14
     b82:	8a 95       	dec	r24
     b84:	d2 f7       	brpl	.-12     	; 0xb7a <__clzsi2+0x76>
     b86:	f7 01       	movw	r30, r14
     b88:	ea 56       	subi	r30, 0x6A	; 106
     b8a:	ff 4f       	sbci	r31, 0xFF	; 255
     b8c:	80 81       	ld	r24, Z
     b8e:	28 1b       	sub	r18, r24
     b90:	31 09       	sbc	r19, r1
     b92:	41 09       	sbc	r20, r1
     b94:	51 09       	sbc	r21, r1
     b96:	c9 01       	movw	r24, r18
     b98:	1f 91       	pop	r17
     b9a:	0f 91       	pop	r16
     b9c:	ff 90       	pop	r15
     b9e:	ef 90       	pop	r14
     ba0:	08 95       	ret

00000ba2 <__pack_f>:
     ba2:	df 92       	push	r13
     ba4:	ef 92       	push	r14
     ba6:	ff 92       	push	r15
     ba8:	0f 93       	push	r16
     baa:	1f 93       	push	r17
     bac:	fc 01       	movw	r30, r24
     bae:	e4 80       	ldd	r14, Z+4	; 0x04
     bb0:	f5 80       	ldd	r15, Z+5	; 0x05
     bb2:	06 81       	ldd	r16, Z+6	; 0x06
     bb4:	17 81       	ldd	r17, Z+7	; 0x07
     bb6:	d1 80       	ldd	r13, Z+1	; 0x01
     bb8:	80 81       	ld	r24, Z
     bba:	82 30       	cpi	r24, 0x02	; 2
     bbc:	48 f4       	brcc	.+18     	; 0xbd0 <__pack_f+0x2e>
     bbe:	80 e0       	ldi	r24, 0x00	; 0
     bc0:	90 e0       	ldi	r25, 0x00	; 0
     bc2:	a0 e1       	ldi	r26, 0x10	; 16
     bc4:	b0 e0       	ldi	r27, 0x00	; 0
     bc6:	e8 2a       	or	r14, r24
     bc8:	f9 2a       	or	r15, r25
     bca:	0a 2b       	or	r16, r26
     bcc:	1b 2b       	or	r17, r27
     bce:	a5 c0       	rjmp	.+330    	; 0xd1a <__pack_f+0x178>
     bd0:	84 30       	cpi	r24, 0x04	; 4
     bd2:	09 f4       	brne	.+2      	; 0xbd6 <__pack_f+0x34>
     bd4:	9f c0       	rjmp	.+318    	; 0xd14 <__pack_f+0x172>
     bd6:	82 30       	cpi	r24, 0x02	; 2
     bd8:	21 f4       	brne	.+8      	; 0xbe2 <__pack_f+0x40>
     bda:	ee 24       	eor	r14, r14
     bdc:	ff 24       	eor	r15, r15
     bde:	87 01       	movw	r16, r14
     be0:	05 c0       	rjmp	.+10     	; 0xbec <__pack_f+0x4a>
     be2:	e1 14       	cp	r14, r1
     be4:	f1 04       	cpc	r15, r1
     be6:	01 05       	cpc	r16, r1
     be8:	11 05       	cpc	r17, r1
     bea:	19 f4       	brne	.+6      	; 0xbf2 <__pack_f+0x50>
     bec:	e0 e0       	ldi	r30, 0x00	; 0
     bee:	f0 e0       	ldi	r31, 0x00	; 0
     bf0:	96 c0       	rjmp	.+300    	; 0xd1e <__pack_f+0x17c>
     bf2:	62 81       	ldd	r22, Z+2	; 0x02
     bf4:	73 81       	ldd	r23, Z+3	; 0x03
     bf6:	9f ef       	ldi	r25, 0xFF	; 255
     bf8:	62 38       	cpi	r22, 0x82	; 130
     bfa:	79 07       	cpc	r23, r25
     bfc:	0c f0       	brlt	.+2      	; 0xc00 <__pack_f+0x5e>
     bfe:	5b c0       	rjmp	.+182    	; 0xcb6 <__pack_f+0x114>
     c00:	22 e8       	ldi	r18, 0x82	; 130
     c02:	3f ef       	ldi	r19, 0xFF	; 255
     c04:	26 1b       	sub	r18, r22
     c06:	37 0b       	sbc	r19, r23
     c08:	2a 31       	cpi	r18, 0x1A	; 26
     c0a:	31 05       	cpc	r19, r1
     c0c:	2c f0       	brlt	.+10     	; 0xc18 <__pack_f+0x76>
     c0e:	20 e0       	ldi	r18, 0x00	; 0
     c10:	30 e0       	ldi	r19, 0x00	; 0
     c12:	40 e0       	ldi	r20, 0x00	; 0
     c14:	50 e0       	ldi	r21, 0x00	; 0
     c16:	2a c0       	rjmp	.+84     	; 0xc6c <__pack_f+0xca>
     c18:	b8 01       	movw	r22, r16
     c1a:	a7 01       	movw	r20, r14
     c1c:	02 2e       	mov	r0, r18
     c1e:	04 c0       	rjmp	.+8      	; 0xc28 <__pack_f+0x86>
     c20:	76 95       	lsr	r23
     c22:	67 95       	ror	r22
     c24:	57 95       	ror	r21
     c26:	47 95       	ror	r20
     c28:	0a 94       	dec	r0
     c2a:	d2 f7       	brpl	.-12     	; 0xc20 <__pack_f+0x7e>
     c2c:	81 e0       	ldi	r24, 0x01	; 1
     c2e:	90 e0       	ldi	r25, 0x00	; 0
     c30:	a0 e0       	ldi	r26, 0x00	; 0
     c32:	b0 e0       	ldi	r27, 0x00	; 0
     c34:	04 c0       	rjmp	.+8      	; 0xc3e <__pack_f+0x9c>
     c36:	88 0f       	add	r24, r24
     c38:	99 1f       	adc	r25, r25
     c3a:	aa 1f       	adc	r26, r26
     c3c:	bb 1f       	adc	r27, r27
     c3e:	2a 95       	dec	r18
     c40:	d2 f7       	brpl	.-12     	; 0xc36 <__pack_f+0x94>
     c42:	01 97       	sbiw	r24, 0x01	; 1
     c44:	a1 09       	sbc	r26, r1
     c46:	b1 09       	sbc	r27, r1
     c48:	8e 21       	and	r24, r14
     c4a:	9f 21       	and	r25, r15
     c4c:	a0 23       	and	r26, r16
     c4e:	b1 23       	and	r27, r17
     c50:	00 97       	sbiw	r24, 0x00	; 0
     c52:	a1 05       	cpc	r26, r1
     c54:	b1 05       	cpc	r27, r1
     c56:	21 f0       	breq	.+8      	; 0xc60 <__pack_f+0xbe>
     c58:	81 e0       	ldi	r24, 0x01	; 1
     c5a:	90 e0       	ldi	r25, 0x00	; 0
     c5c:	a0 e0       	ldi	r26, 0x00	; 0
     c5e:	b0 e0       	ldi	r27, 0x00	; 0
     c60:	9a 01       	movw	r18, r20
     c62:	ab 01       	movw	r20, r22
     c64:	28 2b       	or	r18, r24
     c66:	39 2b       	or	r19, r25
     c68:	4a 2b       	or	r20, r26
     c6a:	5b 2b       	or	r21, r27
     c6c:	da 01       	movw	r26, r20
     c6e:	c9 01       	movw	r24, r18
     c70:	8f 77       	andi	r24, 0x7F	; 127
     c72:	90 70       	andi	r25, 0x00	; 0
     c74:	a0 70       	andi	r26, 0x00	; 0
     c76:	b0 70       	andi	r27, 0x00	; 0
     c78:	80 34       	cpi	r24, 0x40	; 64
     c7a:	91 05       	cpc	r25, r1
     c7c:	a1 05       	cpc	r26, r1
     c7e:	b1 05       	cpc	r27, r1
     c80:	39 f4       	brne	.+14     	; 0xc90 <__pack_f+0xee>
     c82:	27 ff       	sbrs	r18, 7
     c84:	09 c0       	rjmp	.+18     	; 0xc98 <__pack_f+0xf6>
     c86:	20 5c       	subi	r18, 0xC0	; 192
     c88:	3f 4f       	sbci	r19, 0xFF	; 255
     c8a:	4f 4f       	sbci	r20, 0xFF	; 255
     c8c:	5f 4f       	sbci	r21, 0xFF	; 255
     c8e:	04 c0       	rjmp	.+8      	; 0xc98 <__pack_f+0xf6>
     c90:	21 5c       	subi	r18, 0xC1	; 193
     c92:	3f 4f       	sbci	r19, 0xFF	; 255
     c94:	4f 4f       	sbci	r20, 0xFF	; 255
     c96:	5f 4f       	sbci	r21, 0xFF	; 255
     c98:	e0 e0       	ldi	r30, 0x00	; 0
     c9a:	f0 e0       	ldi	r31, 0x00	; 0
     c9c:	20 30       	cpi	r18, 0x00	; 0
     c9e:	a0 e0       	ldi	r26, 0x00	; 0
     ca0:	3a 07       	cpc	r19, r26
     ca2:	a0 e0       	ldi	r26, 0x00	; 0
     ca4:	4a 07       	cpc	r20, r26
     ca6:	a0 e4       	ldi	r26, 0x40	; 64
     ca8:	5a 07       	cpc	r21, r26
     caa:	10 f0       	brcs	.+4      	; 0xcb0 <__pack_f+0x10e>
     cac:	e1 e0       	ldi	r30, 0x01	; 1
     cae:	f0 e0       	ldi	r31, 0x00	; 0
     cb0:	79 01       	movw	r14, r18
     cb2:	8a 01       	movw	r16, r20
     cb4:	27 c0       	rjmp	.+78     	; 0xd04 <__pack_f+0x162>
     cb6:	60 38       	cpi	r22, 0x80	; 128
     cb8:	71 05       	cpc	r23, r1
     cba:	64 f5       	brge	.+88     	; 0xd14 <__pack_f+0x172>
     cbc:	fb 01       	movw	r30, r22
     cbe:	e1 58       	subi	r30, 0x81	; 129
     cc0:	ff 4f       	sbci	r31, 0xFF	; 255
     cc2:	d8 01       	movw	r26, r16
     cc4:	c7 01       	movw	r24, r14
     cc6:	8f 77       	andi	r24, 0x7F	; 127
     cc8:	90 70       	andi	r25, 0x00	; 0
     cca:	a0 70       	andi	r26, 0x00	; 0
     ccc:	b0 70       	andi	r27, 0x00	; 0
     cce:	80 34       	cpi	r24, 0x40	; 64
     cd0:	91 05       	cpc	r25, r1
     cd2:	a1 05       	cpc	r26, r1
     cd4:	b1 05       	cpc	r27, r1
     cd6:	39 f4       	brne	.+14     	; 0xce6 <__pack_f+0x144>
     cd8:	e7 fe       	sbrs	r14, 7
     cda:	0d c0       	rjmp	.+26     	; 0xcf6 <__pack_f+0x154>
     cdc:	80 e4       	ldi	r24, 0x40	; 64
     cde:	90 e0       	ldi	r25, 0x00	; 0
     ce0:	a0 e0       	ldi	r26, 0x00	; 0
     ce2:	b0 e0       	ldi	r27, 0x00	; 0
     ce4:	04 c0       	rjmp	.+8      	; 0xcee <__pack_f+0x14c>
     ce6:	8f e3       	ldi	r24, 0x3F	; 63
     ce8:	90 e0       	ldi	r25, 0x00	; 0
     cea:	a0 e0       	ldi	r26, 0x00	; 0
     cec:	b0 e0       	ldi	r27, 0x00	; 0
     cee:	e8 0e       	add	r14, r24
     cf0:	f9 1e       	adc	r15, r25
     cf2:	0a 1f       	adc	r16, r26
     cf4:	1b 1f       	adc	r17, r27
     cf6:	17 ff       	sbrs	r17, 7
     cf8:	05 c0       	rjmp	.+10     	; 0xd04 <__pack_f+0x162>
     cfa:	16 95       	lsr	r17
     cfc:	07 95       	ror	r16
     cfe:	f7 94       	ror	r15
     d00:	e7 94       	ror	r14
     d02:	31 96       	adiw	r30, 0x01	; 1
     d04:	87 e0       	ldi	r24, 0x07	; 7
     d06:	16 95       	lsr	r17
     d08:	07 95       	ror	r16
     d0a:	f7 94       	ror	r15
     d0c:	e7 94       	ror	r14
     d0e:	8a 95       	dec	r24
     d10:	d1 f7       	brne	.-12     	; 0xd06 <__pack_f+0x164>
     d12:	05 c0       	rjmp	.+10     	; 0xd1e <__pack_f+0x17c>
     d14:	ee 24       	eor	r14, r14
     d16:	ff 24       	eor	r15, r15
     d18:	87 01       	movw	r16, r14
     d1a:	ef ef       	ldi	r30, 0xFF	; 255
     d1c:	f0 e0       	ldi	r31, 0x00	; 0
     d1e:	6e 2f       	mov	r22, r30
     d20:	67 95       	ror	r22
     d22:	66 27       	eor	r22, r22
     d24:	67 95       	ror	r22
     d26:	90 2f       	mov	r25, r16
     d28:	9f 77       	andi	r25, 0x7F	; 127
     d2a:	d7 94       	ror	r13
     d2c:	dd 24       	eor	r13, r13
     d2e:	d7 94       	ror	r13
     d30:	8e 2f       	mov	r24, r30
     d32:	86 95       	lsr	r24
     d34:	49 2f       	mov	r20, r25
     d36:	46 2b       	or	r20, r22
     d38:	58 2f       	mov	r21, r24
     d3a:	5d 29       	or	r21, r13
     d3c:	b7 01       	movw	r22, r14
     d3e:	ca 01       	movw	r24, r20
     d40:	1f 91       	pop	r17
     d42:	0f 91       	pop	r16
     d44:	ff 90       	pop	r15
     d46:	ef 90       	pop	r14
     d48:	df 90       	pop	r13
     d4a:	08 95       	ret

00000d4c <__unpack_f>:
     d4c:	fc 01       	movw	r30, r24
     d4e:	db 01       	movw	r26, r22
     d50:	40 81       	ld	r20, Z
     d52:	51 81       	ldd	r21, Z+1	; 0x01
     d54:	22 81       	ldd	r18, Z+2	; 0x02
     d56:	62 2f       	mov	r22, r18
     d58:	6f 77       	andi	r22, 0x7F	; 127
     d5a:	70 e0       	ldi	r23, 0x00	; 0
     d5c:	22 1f       	adc	r18, r18
     d5e:	22 27       	eor	r18, r18
     d60:	22 1f       	adc	r18, r18
     d62:	93 81       	ldd	r25, Z+3	; 0x03
     d64:	89 2f       	mov	r24, r25
     d66:	88 0f       	add	r24, r24
     d68:	82 2b       	or	r24, r18
     d6a:	28 2f       	mov	r18, r24
     d6c:	30 e0       	ldi	r19, 0x00	; 0
     d6e:	99 1f       	adc	r25, r25
     d70:	99 27       	eor	r25, r25
     d72:	99 1f       	adc	r25, r25
     d74:	11 96       	adiw	r26, 0x01	; 1
     d76:	9c 93       	st	X, r25
     d78:	11 97       	sbiw	r26, 0x01	; 1
     d7a:	21 15       	cp	r18, r1
     d7c:	31 05       	cpc	r19, r1
     d7e:	a9 f5       	brne	.+106    	; 0xdea <__unpack_f+0x9e>
     d80:	41 15       	cp	r20, r1
     d82:	51 05       	cpc	r21, r1
     d84:	61 05       	cpc	r22, r1
     d86:	71 05       	cpc	r23, r1
     d88:	11 f4       	brne	.+4      	; 0xd8e <__unpack_f+0x42>
     d8a:	82 e0       	ldi	r24, 0x02	; 2
     d8c:	37 c0       	rjmp	.+110    	; 0xdfc <__unpack_f+0xb0>
     d8e:	82 e8       	ldi	r24, 0x82	; 130
     d90:	9f ef       	ldi	r25, 0xFF	; 255
     d92:	13 96       	adiw	r26, 0x03	; 3
     d94:	9c 93       	st	X, r25
     d96:	8e 93       	st	-X, r24
     d98:	12 97       	sbiw	r26, 0x02	; 2
     d9a:	9a 01       	movw	r18, r20
     d9c:	ab 01       	movw	r20, r22
     d9e:	67 e0       	ldi	r22, 0x07	; 7
     da0:	22 0f       	add	r18, r18
     da2:	33 1f       	adc	r19, r19
     da4:	44 1f       	adc	r20, r20
     da6:	55 1f       	adc	r21, r21
     da8:	6a 95       	dec	r22
     daa:	d1 f7       	brne	.-12     	; 0xda0 <__unpack_f+0x54>
     dac:	83 e0       	ldi	r24, 0x03	; 3
     dae:	8c 93       	st	X, r24
     db0:	0d c0       	rjmp	.+26     	; 0xdcc <__unpack_f+0x80>
     db2:	22 0f       	add	r18, r18
     db4:	33 1f       	adc	r19, r19
     db6:	44 1f       	adc	r20, r20
     db8:	55 1f       	adc	r21, r21
     dba:	12 96       	adiw	r26, 0x02	; 2
     dbc:	8d 91       	ld	r24, X+
     dbe:	9c 91       	ld	r25, X
     dc0:	13 97       	sbiw	r26, 0x03	; 3
     dc2:	01 97       	sbiw	r24, 0x01	; 1
     dc4:	13 96       	adiw	r26, 0x03	; 3
     dc6:	9c 93       	st	X, r25
     dc8:	8e 93       	st	-X, r24
     dca:	12 97       	sbiw	r26, 0x02	; 2
     dcc:	20 30       	cpi	r18, 0x00	; 0
     dce:	80 e0       	ldi	r24, 0x00	; 0
     dd0:	38 07       	cpc	r19, r24
     dd2:	80 e0       	ldi	r24, 0x00	; 0
     dd4:	48 07       	cpc	r20, r24
     dd6:	80 e4       	ldi	r24, 0x40	; 64
     dd8:	58 07       	cpc	r21, r24
     dda:	58 f3       	brcs	.-42     	; 0xdb2 <__unpack_f+0x66>
     ddc:	14 96       	adiw	r26, 0x04	; 4
     dde:	2d 93       	st	X+, r18
     de0:	3d 93       	st	X+, r19
     de2:	4d 93       	st	X+, r20
     de4:	5c 93       	st	X, r21
     de6:	17 97       	sbiw	r26, 0x07	; 7
     de8:	08 95       	ret
     dea:	2f 3f       	cpi	r18, 0xFF	; 255
     dec:	31 05       	cpc	r19, r1
     dee:	79 f4       	brne	.+30     	; 0xe0e <__unpack_f+0xc2>
     df0:	41 15       	cp	r20, r1
     df2:	51 05       	cpc	r21, r1
     df4:	61 05       	cpc	r22, r1
     df6:	71 05       	cpc	r23, r1
     df8:	19 f4       	brne	.+6      	; 0xe00 <__unpack_f+0xb4>
     dfa:	84 e0       	ldi	r24, 0x04	; 4
     dfc:	8c 93       	st	X, r24
     dfe:	08 95       	ret
     e00:	64 ff       	sbrs	r22, 4
     e02:	03 c0       	rjmp	.+6      	; 0xe0a <__unpack_f+0xbe>
     e04:	81 e0       	ldi	r24, 0x01	; 1
     e06:	8c 93       	st	X, r24
     e08:	12 c0       	rjmp	.+36     	; 0xe2e <__unpack_f+0xe2>
     e0a:	1c 92       	st	X, r1
     e0c:	10 c0       	rjmp	.+32     	; 0xe2e <__unpack_f+0xe2>
     e0e:	2f 57       	subi	r18, 0x7F	; 127
     e10:	30 40       	sbci	r19, 0x00	; 0
     e12:	13 96       	adiw	r26, 0x03	; 3
     e14:	3c 93       	st	X, r19
     e16:	2e 93       	st	-X, r18
     e18:	12 97       	sbiw	r26, 0x02	; 2
     e1a:	83 e0       	ldi	r24, 0x03	; 3
     e1c:	8c 93       	st	X, r24
     e1e:	87 e0       	ldi	r24, 0x07	; 7
     e20:	44 0f       	add	r20, r20
     e22:	55 1f       	adc	r21, r21
     e24:	66 1f       	adc	r22, r22
     e26:	77 1f       	adc	r23, r23
     e28:	8a 95       	dec	r24
     e2a:	d1 f7       	brne	.-12     	; 0xe20 <__unpack_f+0xd4>
     e2c:	70 64       	ori	r23, 0x40	; 64
     e2e:	14 96       	adiw	r26, 0x04	; 4
     e30:	4d 93       	st	X+, r20
     e32:	5d 93       	st	X+, r21
     e34:	6d 93       	st	X+, r22
     e36:	7c 93       	st	X, r23
     e38:	17 97       	sbiw	r26, 0x07	; 7
     e3a:	08 95       	ret

00000e3c <__fpcmp_parts_f>:
     e3c:	1f 93       	push	r17
     e3e:	dc 01       	movw	r26, r24
     e40:	fb 01       	movw	r30, r22
     e42:	9c 91       	ld	r25, X
     e44:	92 30       	cpi	r25, 0x02	; 2
     e46:	08 f4       	brcc	.+2      	; 0xe4a <__fpcmp_parts_f+0xe>
     e48:	47 c0       	rjmp	.+142    	; 0xed8 <__fpcmp_parts_f+0x9c>
     e4a:	80 81       	ld	r24, Z
     e4c:	82 30       	cpi	r24, 0x02	; 2
     e4e:	08 f4       	brcc	.+2      	; 0xe52 <__fpcmp_parts_f+0x16>
     e50:	43 c0       	rjmp	.+134    	; 0xed8 <__fpcmp_parts_f+0x9c>
     e52:	94 30       	cpi	r25, 0x04	; 4
     e54:	51 f4       	brne	.+20     	; 0xe6a <__fpcmp_parts_f+0x2e>
     e56:	11 96       	adiw	r26, 0x01	; 1
     e58:	1c 91       	ld	r17, X
     e5a:	84 30       	cpi	r24, 0x04	; 4
     e5c:	99 f5       	brne	.+102    	; 0xec4 <__fpcmp_parts_f+0x88>
     e5e:	81 81       	ldd	r24, Z+1	; 0x01
     e60:	68 2f       	mov	r22, r24
     e62:	70 e0       	ldi	r23, 0x00	; 0
     e64:	61 1b       	sub	r22, r17
     e66:	71 09       	sbc	r23, r1
     e68:	3f c0       	rjmp	.+126    	; 0xee8 <__fpcmp_parts_f+0xac>
     e6a:	84 30       	cpi	r24, 0x04	; 4
     e6c:	21 f0       	breq	.+8      	; 0xe76 <__fpcmp_parts_f+0x3a>
     e6e:	92 30       	cpi	r25, 0x02	; 2
     e70:	31 f4       	brne	.+12     	; 0xe7e <__fpcmp_parts_f+0x42>
     e72:	82 30       	cpi	r24, 0x02	; 2
     e74:	b9 f1       	breq	.+110    	; 0xee4 <__fpcmp_parts_f+0xa8>
     e76:	81 81       	ldd	r24, Z+1	; 0x01
     e78:	88 23       	and	r24, r24
     e7a:	89 f1       	breq	.+98     	; 0xede <__fpcmp_parts_f+0xa2>
     e7c:	2d c0       	rjmp	.+90     	; 0xed8 <__fpcmp_parts_f+0x9c>
     e7e:	11 96       	adiw	r26, 0x01	; 1
     e80:	1c 91       	ld	r17, X
     e82:	11 97       	sbiw	r26, 0x01	; 1
     e84:	82 30       	cpi	r24, 0x02	; 2
     e86:	f1 f0       	breq	.+60     	; 0xec4 <__fpcmp_parts_f+0x88>
     e88:	81 81       	ldd	r24, Z+1	; 0x01
     e8a:	18 17       	cp	r17, r24
     e8c:	d9 f4       	brne	.+54     	; 0xec4 <__fpcmp_parts_f+0x88>
     e8e:	12 96       	adiw	r26, 0x02	; 2
     e90:	2d 91       	ld	r18, X+
     e92:	3c 91       	ld	r19, X
     e94:	13 97       	sbiw	r26, 0x03	; 3
     e96:	82 81       	ldd	r24, Z+2	; 0x02
     e98:	93 81       	ldd	r25, Z+3	; 0x03
     e9a:	82 17       	cp	r24, r18
     e9c:	93 07       	cpc	r25, r19
     e9e:	94 f0       	brlt	.+36     	; 0xec4 <__fpcmp_parts_f+0x88>
     ea0:	28 17       	cp	r18, r24
     ea2:	39 07       	cpc	r19, r25
     ea4:	bc f0       	brlt	.+46     	; 0xed4 <__fpcmp_parts_f+0x98>
     ea6:	14 96       	adiw	r26, 0x04	; 4
     ea8:	8d 91       	ld	r24, X+
     eaa:	9d 91       	ld	r25, X+
     eac:	0d 90       	ld	r0, X+
     eae:	bc 91       	ld	r27, X
     eb0:	a0 2d       	mov	r26, r0
     eb2:	24 81       	ldd	r18, Z+4	; 0x04
     eb4:	35 81       	ldd	r19, Z+5	; 0x05
     eb6:	46 81       	ldd	r20, Z+6	; 0x06
     eb8:	57 81       	ldd	r21, Z+7	; 0x07
     eba:	28 17       	cp	r18, r24
     ebc:	39 07       	cpc	r19, r25
     ebe:	4a 07       	cpc	r20, r26
     ec0:	5b 07       	cpc	r21, r27
     ec2:	18 f4       	brcc	.+6      	; 0xeca <__fpcmp_parts_f+0x8e>
     ec4:	11 23       	and	r17, r17
     ec6:	41 f0       	breq	.+16     	; 0xed8 <__fpcmp_parts_f+0x9c>
     ec8:	0a c0       	rjmp	.+20     	; 0xede <__fpcmp_parts_f+0xa2>
     eca:	82 17       	cp	r24, r18
     ecc:	93 07       	cpc	r25, r19
     ece:	a4 07       	cpc	r26, r20
     ed0:	b5 07       	cpc	r27, r21
     ed2:	40 f4       	brcc	.+16     	; 0xee4 <__fpcmp_parts_f+0xa8>
     ed4:	11 23       	and	r17, r17
     ed6:	19 f0       	breq	.+6      	; 0xede <__fpcmp_parts_f+0xa2>
     ed8:	61 e0       	ldi	r22, 0x01	; 1
     eda:	70 e0       	ldi	r23, 0x00	; 0
     edc:	05 c0       	rjmp	.+10     	; 0xee8 <__fpcmp_parts_f+0xac>
     ede:	6f ef       	ldi	r22, 0xFF	; 255
     ee0:	7f ef       	ldi	r23, 0xFF	; 255
     ee2:	02 c0       	rjmp	.+4      	; 0xee8 <__fpcmp_parts_f+0xac>
     ee4:	60 e0       	ldi	r22, 0x00	; 0
     ee6:	70 e0       	ldi	r23, 0x00	; 0
     ee8:	cb 01       	movw	r24, r22
     eea:	1f 91       	pop	r17
     eec:	08 95       	ret

00000eee <MTimer1_voidInit>:
u32 G_u32Counter ;
u32 G_u32Prescaller ;
void (*Timer1_ptr)(void) ;

void MTimer1_voidInit (u16 A_u16Prescaller , u8 A_u8Mode)
{
     eee:	df 93       	push	r29
     ef0:	cf 93       	push	r28
     ef2:	cd b7       	in	r28, 0x3d	; 61
     ef4:	de b7       	in	r29, 0x3e	; 62
     ef6:	27 97       	sbiw	r28, 0x07	; 7
     ef8:	0f b6       	in	r0, 0x3f	; 63
     efa:	f8 94       	cli
     efc:	de bf       	out	0x3e, r29	; 62
     efe:	0f be       	out	0x3f, r0	; 63
     f00:	cd bf       	out	0x3d, r28	; 61
     f02:	9a 83       	std	Y+2, r25	; 0x02
     f04:	89 83       	std	Y+1, r24	; 0x01
     f06:	6b 83       	std	Y+3, r22	; 0x03
	G_u32Prescaller = A_u16Prescaller ;
     f08:	89 81       	ldd	r24, Y+1	; 0x01
     f0a:	9a 81       	ldd	r25, Y+2	; 0x02
     f0c:	cc 01       	movw	r24, r24
     f0e:	a0 e0       	ldi	r26, 0x00	; 0
     f10:	b0 e0       	ldi	r27, 0x00	; 0
     f12:	80 93 9a 01 	sts	0x019A, r24
     f16:	90 93 9b 01 	sts	0x019B, r25
     f1a:	a0 93 9c 01 	sts	0x019C, r26
     f1e:	b0 93 9d 01 	sts	0x019D, r27
	switch (A_u16Prescaller)
     f22:	29 81       	ldd	r18, Y+1	; 0x01
     f24:	3a 81       	ldd	r19, Y+2	; 0x02
     f26:	3f 83       	std	Y+7, r19	; 0x07
     f28:	2e 83       	std	Y+6, r18	; 0x06
     f2a:	8e 81       	ldd	r24, Y+6	; 0x06
     f2c:	9f 81       	ldd	r25, Y+7	; 0x07
     f2e:	80 34       	cpi	r24, 0x40	; 64
     f30:	91 05       	cpc	r25, r1
     f32:	09 f4       	brne	.+2      	; 0xf36 <MTimer1_voidInit+0x48>
     f34:	4b c0       	rjmp	.+150    	; 0xfcc <MTimer1_voidInit+0xde>
     f36:	2e 81       	ldd	r18, Y+6	; 0x06
     f38:	3f 81       	ldd	r19, Y+7	; 0x07
     f3a:	21 34       	cpi	r18, 0x41	; 65
     f3c:	31 05       	cpc	r19, r1
     f3e:	58 f4       	brcc	.+22     	; 0xf56 <MTimer1_voidInit+0x68>
     f40:	8e 81       	ldd	r24, Y+6	; 0x06
     f42:	9f 81       	ldd	r25, Y+7	; 0x07
     f44:	81 30       	cpi	r24, 0x01	; 1
     f46:	91 05       	cpc	r25, r1
     f48:	a9 f0       	breq	.+42     	; 0xf74 <MTimer1_voidInit+0x86>
     f4a:	2e 81       	ldd	r18, Y+6	; 0x06
     f4c:	3f 81       	ldd	r19, Y+7	; 0x07
     f4e:	28 30       	cpi	r18, 0x08	; 8
     f50:	31 05       	cpc	r19, r1
     f52:	31 f1       	breq	.+76     	; 0xfa0 <MTimer1_voidInit+0xb2>
     f54:	7c c0       	rjmp	.+248    	; 0x104e <MTimer1_voidInit+0x160>
     f56:	8e 81       	ldd	r24, Y+6	; 0x06
     f58:	9f 81       	ldd	r25, Y+7	; 0x07
     f5a:	21 e0       	ldi	r18, 0x01	; 1
     f5c:	80 30       	cpi	r24, 0x00	; 0
     f5e:	92 07       	cpc	r25, r18
     f60:	09 f4       	brne	.+2      	; 0xf64 <MTimer1_voidInit+0x76>
     f62:	4a c0       	rjmp	.+148    	; 0xff8 <MTimer1_voidInit+0x10a>
     f64:	8e 81       	ldd	r24, Y+6	; 0x06
     f66:	9f 81       	ldd	r25, Y+7	; 0x07
     f68:	24 e0       	ldi	r18, 0x04	; 4
     f6a:	80 30       	cpi	r24, 0x00	; 0
     f6c:	92 07       	cpc	r25, r18
     f6e:	09 f4       	brne	.+2      	; 0xf72 <MTimer1_voidInit+0x84>
     f70:	59 c0       	rjmp	.+178    	; 0x1024 <MTimer1_voidInit+0x136>
     f72:	6d c0       	rjmp	.+218    	; 0x104e <MTimer1_voidInit+0x160>
	{
	case  TIMER1_PRESCALLER_1    :
		SET_BIT(TCCR1B , 0) ;
     f74:	ae e4       	ldi	r26, 0x4E	; 78
     f76:	b0 e0       	ldi	r27, 0x00	; 0
     f78:	ee e4       	ldi	r30, 0x4E	; 78
     f7a:	f0 e0       	ldi	r31, 0x00	; 0
     f7c:	80 81       	ld	r24, Z
     f7e:	81 60       	ori	r24, 0x01	; 1
     f80:	8c 93       	st	X, r24
		CLR_BIT(TCCR1B , 1) ;
     f82:	ae e4       	ldi	r26, 0x4E	; 78
     f84:	b0 e0       	ldi	r27, 0x00	; 0
     f86:	ee e4       	ldi	r30, 0x4E	; 78
     f88:	f0 e0       	ldi	r31, 0x00	; 0
     f8a:	80 81       	ld	r24, Z
     f8c:	8d 7f       	andi	r24, 0xFD	; 253
     f8e:	8c 93       	st	X, r24
		CLR_BIT(TCCR1B , 2) ;
     f90:	ae e4       	ldi	r26, 0x4E	; 78
     f92:	b0 e0       	ldi	r27, 0x00	; 0
     f94:	ee e4       	ldi	r30, 0x4E	; 78
     f96:	f0 e0       	ldi	r31, 0x00	; 0
     f98:	80 81       	ld	r24, Z
     f9a:	8b 7f       	andi	r24, 0xFB	; 251
     f9c:	8c 93       	st	X, r24
     f9e:	57 c0       	rjmp	.+174    	; 0x104e <MTimer1_voidInit+0x160>
		break ;
	case  TIMER1_PRESCALLER_8    :
		CLR_BIT(TCCR1B , 0) ;
     fa0:	ae e4       	ldi	r26, 0x4E	; 78
     fa2:	b0 e0       	ldi	r27, 0x00	; 0
     fa4:	ee e4       	ldi	r30, 0x4E	; 78
     fa6:	f0 e0       	ldi	r31, 0x00	; 0
     fa8:	80 81       	ld	r24, Z
     faa:	8e 7f       	andi	r24, 0xFE	; 254
     fac:	8c 93       	st	X, r24
		SET_BIT(TCCR1B , 1) ;
     fae:	ae e4       	ldi	r26, 0x4E	; 78
     fb0:	b0 e0       	ldi	r27, 0x00	; 0
     fb2:	ee e4       	ldi	r30, 0x4E	; 78
     fb4:	f0 e0       	ldi	r31, 0x00	; 0
     fb6:	80 81       	ld	r24, Z
     fb8:	82 60       	ori	r24, 0x02	; 2
     fba:	8c 93       	st	X, r24
		CLR_BIT(TCCR1B , 2) ;
     fbc:	ae e4       	ldi	r26, 0x4E	; 78
     fbe:	b0 e0       	ldi	r27, 0x00	; 0
     fc0:	ee e4       	ldi	r30, 0x4E	; 78
     fc2:	f0 e0       	ldi	r31, 0x00	; 0
     fc4:	80 81       	ld	r24, Z
     fc6:	8b 7f       	andi	r24, 0xFB	; 251
     fc8:	8c 93       	st	X, r24
     fca:	41 c0       	rjmp	.+130    	; 0x104e <MTimer1_voidInit+0x160>
		break ;
	case  TIMER1_PRESCALLER_64   :
		SET_BIT(TCCR1B , 0) ;
     fcc:	ae e4       	ldi	r26, 0x4E	; 78
     fce:	b0 e0       	ldi	r27, 0x00	; 0
     fd0:	ee e4       	ldi	r30, 0x4E	; 78
     fd2:	f0 e0       	ldi	r31, 0x00	; 0
     fd4:	80 81       	ld	r24, Z
     fd6:	81 60       	ori	r24, 0x01	; 1
     fd8:	8c 93       	st	X, r24
		SET_BIT(TCCR1B , 1) ;
     fda:	ae e4       	ldi	r26, 0x4E	; 78
     fdc:	b0 e0       	ldi	r27, 0x00	; 0
     fde:	ee e4       	ldi	r30, 0x4E	; 78
     fe0:	f0 e0       	ldi	r31, 0x00	; 0
     fe2:	80 81       	ld	r24, Z
     fe4:	82 60       	ori	r24, 0x02	; 2
     fe6:	8c 93       	st	X, r24
		CLR_BIT(TCCR1B , 2) ;
     fe8:	ae e4       	ldi	r26, 0x4E	; 78
     fea:	b0 e0       	ldi	r27, 0x00	; 0
     fec:	ee e4       	ldi	r30, 0x4E	; 78
     fee:	f0 e0       	ldi	r31, 0x00	; 0
     ff0:	80 81       	ld	r24, Z
     ff2:	8b 7f       	andi	r24, 0xFB	; 251
     ff4:	8c 93       	st	X, r24
     ff6:	2b c0       	rjmp	.+86     	; 0x104e <MTimer1_voidInit+0x160>
		break ;
	case  TIMER1_PRESCALLER_256  :
		CLR_BIT(TCCR1B , 0) ;
     ff8:	ae e4       	ldi	r26, 0x4E	; 78
     ffa:	b0 e0       	ldi	r27, 0x00	; 0
     ffc:	ee e4       	ldi	r30, 0x4E	; 78
     ffe:	f0 e0       	ldi	r31, 0x00	; 0
    1000:	80 81       	ld	r24, Z
    1002:	8e 7f       	andi	r24, 0xFE	; 254
    1004:	8c 93       	st	X, r24
		CLR_BIT(TCCR1B , 1) ;
    1006:	ae e4       	ldi	r26, 0x4E	; 78
    1008:	b0 e0       	ldi	r27, 0x00	; 0
    100a:	ee e4       	ldi	r30, 0x4E	; 78
    100c:	f0 e0       	ldi	r31, 0x00	; 0
    100e:	80 81       	ld	r24, Z
    1010:	8d 7f       	andi	r24, 0xFD	; 253
    1012:	8c 93       	st	X, r24
		SET_BIT(TCCR1B , 2) ;
    1014:	ae e4       	ldi	r26, 0x4E	; 78
    1016:	b0 e0       	ldi	r27, 0x00	; 0
    1018:	ee e4       	ldi	r30, 0x4E	; 78
    101a:	f0 e0       	ldi	r31, 0x00	; 0
    101c:	80 81       	ld	r24, Z
    101e:	84 60       	ori	r24, 0x04	; 4
    1020:	8c 93       	st	X, r24
    1022:	15 c0       	rjmp	.+42     	; 0x104e <MTimer1_voidInit+0x160>
		break ;
	case  TIMER1_PRESCALLER_1024 :
		SET_BIT(TCCR1B , 0) ;
    1024:	ae e4       	ldi	r26, 0x4E	; 78
    1026:	b0 e0       	ldi	r27, 0x00	; 0
    1028:	ee e4       	ldi	r30, 0x4E	; 78
    102a:	f0 e0       	ldi	r31, 0x00	; 0
    102c:	80 81       	ld	r24, Z
    102e:	81 60       	ori	r24, 0x01	; 1
    1030:	8c 93       	st	X, r24
		CLR_BIT(TCCR1B , 1) ;
    1032:	ae e4       	ldi	r26, 0x4E	; 78
    1034:	b0 e0       	ldi	r27, 0x00	; 0
    1036:	ee e4       	ldi	r30, 0x4E	; 78
    1038:	f0 e0       	ldi	r31, 0x00	; 0
    103a:	80 81       	ld	r24, Z
    103c:	8d 7f       	andi	r24, 0xFD	; 253
    103e:	8c 93       	st	X, r24
		SET_BIT(TCCR1B , 2) ;
    1040:	ae e4       	ldi	r26, 0x4E	; 78
    1042:	b0 e0       	ldi	r27, 0x00	; 0
    1044:	ee e4       	ldi	r30, 0x4E	; 78
    1046:	f0 e0       	ldi	r31, 0x00	; 0
    1048:	80 81       	ld	r24, Z
    104a:	84 60       	ori	r24, 0x04	; 4
    104c:	8c 93       	st	X, r24
		break ;
	}

	switch (A_u8Mode)
    104e:	8b 81       	ldd	r24, Y+3	; 0x03
    1050:	28 2f       	mov	r18, r24
    1052:	30 e0       	ldi	r19, 0x00	; 0
    1054:	3d 83       	std	Y+5, r19	; 0x05
    1056:	2c 83       	std	Y+4, r18	; 0x04
    1058:	8c 81       	ldd	r24, Y+4	; 0x04
    105a:	9d 81       	ldd	r25, Y+5	; 0x05
    105c:	87 30       	cpi	r24, 0x07	; 7
    105e:	91 05       	cpc	r25, r1
    1060:	09 f4       	brne	.+2      	; 0x1064 <MTimer1_voidInit+0x176>
    1062:	f0 c1       	rjmp	.+992    	; 0x1444 <MTimer1_voidInit+0x556>
    1064:	2c 81       	ldd	r18, Y+4	; 0x04
    1066:	3d 81       	ldd	r19, Y+5	; 0x05
    1068:	28 30       	cpi	r18, 0x08	; 8
    106a:	31 05       	cpc	r19, r1
    106c:	4c f5       	brge	.+82     	; 0x10c0 <MTimer1_voidInit+0x1d2>
    106e:	8c 81       	ldd	r24, Y+4	; 0x04
    1070:	9d 81       	ldd	r25, Y+5	; 0x05
    1072:	83 30       	cpi	r24, 0x03	; 3
    1074:	91 05       	cpc	r25, r1
    1076:	09 f4       	brne	.+2      	; 0x107a <MTimer1_voidInit+0x18c>
    1078:	ff c0       	rjmp	.+510    	; 0x1278 <MTimer1_voidInit+0x38a>
    107a:	2c 81       	ldd	r18, Y+4	; 0x04
    107c:	3d 81       	ldd	r19, Y+5	; 0x05
    107e:	24 30       	cpi	r18, 0x04	; 4
    1080:	31 05       	cpc	r19, r1
    1082:	8c f4       	brge	.+34     	; 0x10a6 <MTimer1_voidInit+0x1b8>
    1084:	8c 81       	ldd	r24, Y+4	; 0x04
    1086:	9d 81       	ldd	r25, Y+5	; 0x05
    1088:	81 30       	cpi	r24, 0x01	; 1
    108a:	91 05       	cpc	r25, r1
    108c:	09 f4       	brne	.+2      	; 0x1090 <MTimer1_voidInit+0x1a2>
    108e:	6e c0       	rjmp	.+220    	; 0x116c <MTimer1_voidInit+0x27e>
    1090:	2c 81       	ldd	r18, Y+4	; 0x04
    1092:	3d 81       	ldd	r19, Y+5	; 0x05
    1094:	22 30       	cpi	r18, 0x02	; 2
    1096:	31 05       	cpc	r19, r1
    1098:	0c f0       	brlt	.+2      	; 0x109c <MTimer1_voidInit+0x1ae>
    109a:	ab c0       	rjmp	.+342    	; 0x11f2 <MTimer1_voidInit+0x304>
    109c:	8c 81       	ldd	r24, Y+4	; 0x04
    109e:	9d 81       	ldd	r25, Y+5	; 0x05
    10a0:	00 97       	sbiw	r24, 0x00	; 0
    10a2:	c9 f1       	breq	.+114    	; 0x1116 <MTimer1_voidInit+0x228>
    10a4:	c0 c3       	rjmp	.+1920   	; 0x1826 <MTimer1_voidInit+0x938>
    10a6:	2c 81       	ldd	r18, Y+4	; 0x04
    10a8:	3d 81       	ldd	r19, Y+5	; 0x05
    10aa:	25 30       	cpi	r18, 0x05	; 5
    10ac:	31 05       	cpc	r19, r1
    10ae:	09 f4       	brne	.+2      	; 0x10b2 <MTimer1_voidInit+0x1c4>
    10b0:	43 c1       	rjmp	.+646    	; 0x1338 <MTimer1_voidInit+0x44a>
    10b2:	8c 81       	ldd	r24, Y+4	; 0x04
    10b4:	9d 81       	ldd	r25, Y+5	; 0x05
    10b6:	86 30       	cpi	r24, 0x06	; 6
    10b8:	91 05       	cpc	r25, r1
    10ba:	0c f0       	brlt	.+2      	; 0x10be <MTimer1_voidInit+0x1d0>
    10bc:	80 c1       	rjmp	.+768    	; 0x13be <MTimer1_voidInit+0x4d0>
    10be:	1f c1       	rjmp	.+574    	; 0x12fe <MTimer1_voidInit+0x410>
    10c0:	2c 81       	ldd	r18, Y+4	; 0x04
    10c2:	3d 81       	ldd	r19, Y+5	; 0x05
    10c4:	2b 30       	cpi	r18, 0x0B	; 11
    10c6:	31 05       	cpc	r19, r1
    10c8:	09 f4       	brne	.+2      	; 0x10cc <MTimer1_voidInit+0x1de>
    10ca:	c8 c2       	rjmp	.+1424   	; 0x165c <MTimer1_voidInit+0x76e>
    10cc:	8c 81       	ldd	r24, Y+4	; 0x04
    10ce:	9d 81       	ldd	r25, Y+5	; 0x05
    10d0:	8c 30       	cpi	r24, 0x0C	; 12
    10d2:	91 05       	cpc	r25, r1
    10d4:	6c f4       	brge	.+26     	; 0x10f0 <MTimer1_voidInit+0x202>
    10d6:	2c 81       	ldd	r18, Y+4	; 0x04
    10d8:	3d 81       	ldd	r19, Y+5	; 0x05
    10da:	29 30       	cpi	r18, 0x09	; 9
    10dc:	31 05       	cpc	r19, r1
    10de:	09 f4       	brne	.+2      	; 0x10e2 <MTimer1_voidInit+0x1f4>
    10e0:	37 c2       	rjmp	.+1134   	; 0x1550 <MTimer1_voidInit+0x662>
    10e2:	8c 81       	ldd	r24, Y+4	; 0x04
    10e4:	9d 81       	ldd	r25, Y+5	; 0x05
    10e6:	8a 30       	cpi	r24, 0x0A	; 10
    10e8:	91 05       	cpc	r25, r1
    10ea:	0c f0       	brlt	.+2      	; 0x10ee <MTimer1_voidInit+0x200>
    10ec:	74 c2       	rjmp	.+1256   	; 0x15d6 <MTimer1_voidInit+0x6e8>
    10ee:	ed c1       	rjmp	.+986    	; 0x14ca <MTimer1_voidInit+0x5dc>
    10f0:	2c 81       	ldd	r18, Y+4	; 0x04
    10f2:	3d 81       	ldd	r19, Y+5	; 0x05
    10f4:	2d 30       	cpi	r18, 0x0D	; 13
    10f6:	31 05       	cpc	r19, r1
    10f8:	09 f4       	brne	.+2      	; 0x10fc <MTimer1_voidInit+0x20e>
    10fa:	10 c3       	rjmp	.+1568   	; 0x171c <MTimer1_voidInit+0x82e>
    10fc:	8c 81       	ldd	r24, Y+4	; 0x04
    10fe:	9d 81       	ldd	r25, Y+5	; 0x05
    1100:	8d 30       	cpi	r24, 0x0D	; 13
    1102:	91 05       	cpc	r25, r1
    1104:	0c f4       	brge	.+2      	; 0x1108 <MTimer1_voidInit+0x21a>
    1106:	ed c2       	rjmp	.+1498   	; 0x16e2 <MTimer1_voidInit+0x7f4>
    1108:	2c 81       	ldd	r18, Y+4	; 0x04
    110a:	3d 81       	ldd	r19, Y+5	; 0x05
    110c:	2e 30       	cpi	r18, 0x0E	; 14
    110e:	31 05       	cpc	r19, r1
    1110:	09 f4       	brne	.+2      	; 0x1114 <MTimer1_voidInit+0x226>
    1112:	47 c3       	rjmp	.+1678   	; 0x17a2 <MTimer1_voidInit+0x8b4>
    1114:	88 c3       	rjmp	.+1808   	; 0x1826 <MTimer1_voidInit+0x938>
	{
	case  TIMER1_OVF                         :
		CLR_BIT(TCCR1A , 0) ;
    1116:	af e4       	ldi	r26, 0x4F	; 79
    1118:	b0 e0       	ldi	r27, 0x00	; 0
    111a:	ef e4       	ldi	r30, 0x4F	; 79
    111c:	f0 e0       	ldi	r31, 0x00	; 0
    111e:	80 81       	ld	r24, Z
    1120:	8e 7f       	andi	r24, 0xFE	; 254
    1122:	8c 93       	st	X, r24
		CLR_BIT(TCCR1A , 1) ;
    1124:	af e4       	ldi	r26, 0x4F	; 79
    1126:	b0 e0       	ldi	r27, 0x00	; 0
    1128:	ef e4       	ldi	r30, 0x4F	; 79
    112a:	f0 e0       	ldi	r31, 0x00	; 0
    112c:	80 81       	ld	r24, Z
    112e:	8d 7f       	andi	r24, 0xFD	; 253
    1130:	8c 93       	st	X, r24
		CLR_BIT(TCCR1B , 3) ;
    1132:	ae e4       	ldi	r26, 0x4E	; 78
    1134:	b0 e0       	ldi	r27, 0x00	; 0
    1136:	ee e4       	ldi	r30, 0x4E	; 78
    1138:	f0 e0       	ldi	r31, 0x00	; 0
    113a:	80 81       	ld	r24, Z
    113c:	87 7f       	andi	r24, 0xF7	; 247
    113e:	8c 93       	st	X, r24
		CLR_BIT(TCCR1B , 4) ;
    1140:	ae e4       	ldi	r26, 0x4E	; 78
    1142:	b0 e0       	ldi	r27, 0x00	; 0
    1144:	ee e4       	ldi	r30, 0x4E	; 78
    1146:	f0 e0       	ldi	r31, 0x00	; 0
    1148:	80 81       	ld	r24, Z
    114a:	8f 7e       	andi	r24, 0xEF	; 239
    114c:	8c 93       	st	X, r24

		SET_BIT(SREG , 7) ;
    114e:	af e5       	ldi	r26, 0x5F	; 95
    1150:	b0 e0       	ldi	r27, 0x00	; 0
    1152:	ef e5       	ldi	r30, 0x5F	; 95
    1154:	f0 e0       	ldi	r31, 0x00	; 0
    1156:	80 81       	ld	r24, Z
    1158:	80 68       	ori	r24, 0x80	; 128
    115a:	8c 93       	st	X, r24
		SET_BIT(TIMSK , 2) ;
    115c:	a9 e5       	ldi	r26, 0x59	; 89
    115e:	b0 e0       	ldi	r27, 0x00	; 0
    1160:	e9 e5       	ldi	r30, 0x59	; 89
    1162:	f0 e0       	ldi	r31, 0x00	; 0
    1164:	80 81       	ld	r24, Z
    1166:	84 60       	ori	r24, 0x04	; 4
    1168:	8c 93       	st	X, r24
    116a:	5d c3       	rjmp	.+1722   	; 0x1826 <MTimer1_voidInit+0x938>
		break ;
	case  TIMER1_PWM_PHASE_CORRECT_8BIT      :
		SET_BIT(TCCR1A , 0) ;
    116c:	af e4       	ldi	r26, 0x4F	; 79
    116e:	b0 e0       	ldi	r27, 0x00	; 0
    1170:	ef e4       	ldi	r30, 0x4F	; 79
    1172:	f0 e0       	ldi	r31, 0x00	; 0
    1174:	80 81       	ld	r24, Z
    1176:	81 60       	ori	r24, 0x01	; 1
    1178:	8c 93       	st	X, r24
		CLR_BIT(TCCR1A , 1) ;
    117a:	af e4       	ldi	r26, 0x4F	; 79
    117c:	b0 e0       	ldi	r27, 0x00	; 0
    117e:	ef e4       	ldi	r30, 0x4F	; 79
    1180:	f0 e0       	ldi	r31, 0x00	; 0
    1182:	80 81       	ld	r24, Z
    1184:	8d 7f       	andi	r24, 0xFD	; 253
    1186:	8c 93       	st	X, r24
		CLR_BIT(TCCR1B , 3) ;
    1188:	ae e4       	ldi	r26, 0x4E	; 78
    118a:	b0 e0       	ldi	r27, 0x00	; 0
    118c:	ee e4       	ldi	r30, 0x4E	; 78
    118e:	f0 e0       	ldi	r31, 0x00	; 0
    1190:	80 81       	ld	r24, Z
    1192:	87 7f       	andi	r24, 0xF7	; 247
    1194:	8c 93       	st	X, r24
		CLR_BIT(TCCR1B , 4) ;
    1196:	ae e4       	ldi	r26, 0x4E	; 78
    1198:	b0 e0       	ldi	r27, 0x00	; 0
    119a:	ee e4       	ldi	r30, 0x4E	; 78
    119c:	f0 e0       	ldi	r31, 0x00	; 0
    119e:	80 81       	ld	r24, Z
    11a0:	8f 7e       	andi	r24, 0xEF	; 239
    11a2:	8c 93       	st	X, r24

		MDIO_voidInitPin(DIO_PORTD, DIO_PIN4, DIO_OUTPUT) ;
    11a4:	83 e0       	ldi	r24, 0x03	; 3
    11a6:	64 e0       	ldi	r22, 0x04	; 4
    11a8:	41 e0       	ldi	r20, 0x01	; 1
    11aa:	0e 94 00 0f 	call	0x1e00	; 0x1e00 <MDIO_voidInitPin>
		MDIO_voidInitPin(DIO_PORTD, DIO_PIN5, DIO_OUTPUT) ;
    11ae:	83 e0       	ldi	r24, 0x03	; 3
    11b0:	65 e0       	ldi	r22, 0x05	; 5
    11b2:	41 e0       	ldi	r20, 0x01	; 1
    11b4:	0e 94 00 0f 	call	0x1e00	; 0x1e00 <MDIO_voidInitPin>
		CLR_BIT(TCCR1A , 4) ;
    11b8:	af e4       	ldi	r26, 0x4F	; 79
    11ba:	b0 e0       	ldi	r27, 0x00	; 0
    11bc:	ef e4       	ldi	r30, 0x4F	; 79
    11be:	f0 e0       	ldi	r31, 0x00	; 0
    11c0:	80 81       	ld	r24, Z
    11c2:	8f 7e       	andi	r24, 0xEF	; 239
    11c4:	8c 93       	st	X, r24
		SET_BIT(TCCR1A , 5) ;
    11c6:	af e4       	ldi	r26, 0x4F	; 79
    11c8:	b0 e0       	ldi	r27, 0x00	; 0
    11ca:	ef e4       	ldi	r30, 0x4F	; 79
    11cc:	f0 e0       	ldi	r31, 0x00	; 0
    11ce:	80 81       	ld	r24, Z
    11d0:	80 62       	ori	r24, 0x20	; 32
    11d2:	8c 93       	st	X, r24
		CLR_BIT(TCCR1A , 6) ;
    11d4:	af e4       	ldi	r26, 0x4F	; 79
    11d6:	b0 e0       	ldi	r27, 0x00	; 0
    11d8:	ef e4       	ldi	r30, 0x4F	; 79
    11da:	f0 e0       	ldi	r31, 0x00	; 0
    11dc:	80 81       	ld	r24, Z
    11de:	8f 7b       	andi	r24, 0xBF	; 191
    11e0:	8c 93       	st	X, r24
		SET_BIT(TCCR1A , 7) ;
    11e2:	af e4       	ldi	r26, 0x4F	; 79
    11e4:	b0 e0       	ldi	r27, 0x00	; 0
    11e6:	ef e4       	ldi	r30, 0x4F	; 79
    11e8:	f0 e0       	ldi	r31, 0x00	; 0
    11ea:	80 81       	ld	r24, Z
    11ec:	80 68       	ori	r24, 0x80	; 128
    11ee:	8c 93       	st	X, r24
    11f0:	1a c3       	rjmp	.+1588   	; 0x1826 <MTimer1_voidInit+0x938>
		break ;
	case  TIMER1_PWM_PHASE_CORRECT_9BIT      :
		CLR_BIT(TCCR1A , 0) ;
    11f2:	af e4       	ldi	r26, 0x4F	; 79
    11f4:	b0 e0       	ldi	r27, 0x00	; 0
    11f6:	ef e4       	ldi	r30, 0x4F	; 79
    11f8:	f0 e0       	ldi	r31, 0x00	; 0
    11fa:	80 81       	ld	r24, Z
    11fc:	8e 7f       	andi	r24, 0xFE	; 254
    11fe:	8c 93       	st	X, r24
		SET_BIT(TCCR1A , 1) ;
    1200:	af e4       	ldi	r26, 0x4F	; 79
    1202:	b0 e0       	ldi	r27, 0x00	; 0
    1204:	ef e4       	ldi	r30, 0x4F	; 79
    1206:	f0 e0       	ldi	r31, 0x00	; 0
    1208:	80 81       	ld	r24, Z
    120a:	82 60       	ori	r24, 0x02	; 2
    120c:	8c 93       	st	X, r24
		CLR_BIT(TCCR1B , 3) ;
    120e:	ae e4       	ldi	r26, 0x4E	; 78
    1210:	b0 e0       	ldi	r27, 0x00	; 0
    1212:	ee e4       	ldi	r30, 0x4E	; 78
    1214:	f0 e0       	ldi	r31, 0x00	; 0
    1216:	80 81       	ld	r24, Z
    1218:	87 7f       	andi	r24, 0xF7	; 247
    121a:	8c 93       	st	X, r24
		CLR_BIT(TCCR1B , 4) ;
    121c:	ae e4       	ldi	r26, 0x4E	; 78
    121e:	b0 e0       	ldi	r27, 0x00	; 0
    1220:	ee e4       	ldi	r30, 0x4E	; 78
    1222:	f0 e0       	ldi	r31, 0x00	; 0
    1224:	80 81       	ld	r24, Z
    1226:	8f 7e       	andi	r24, 0xEF	; 239
    1228:	8c 93       	st	X, r24

		MDIO_voidInitPin(DIO_PORTD, DIO_PIN4, DIO_OUTPUT) ;
    122a:	83 e0       	ldi	r24, 0x03	; 3
    122c:	64 e0       	ldi	r22, 0x04	; 4
    122e:	41 e0       	ldi	r20, 0x01	; 1
    1230:	0e 94 00 0f 	call	0x1e00	; 0x1e00 <MDIO_voidInitPin>
		MDIO_voidInitPin(DIO_PORTD, DIO_PIN5, DIO_OUTPUT) ;
    1234:	83 e0       	ldi	r24, 0x03	; 3
    1236:	65 e0       	ldi	r22, 0x05	; 5
    1238:	41 e0       	ldi	r20, 0x01	; 1
    123a:	0e 94 00 0f 	call	0x1e00	; 0x1e00 <MDIO_voidInitPin>
		CLR_BIT(TCCR1A , 4) ;
    123e:	af e4       	ldi	r26, 0x4F	; 79
    1240:	b0 e0       	ldi	r27, 0x00	; 0
    1242:	ef e4       	ldi	r30, 0x4F	; 79
    1244:	f0 e0       	ldi	r31, 0x00	; 0
    1246:	80 81       	ld	r24, Z
    1248:	8f 7e       	andi	r24, 0xEF	; 239
    124a:	8c 93       	st	X, r24
		SET_BIT(TCCR1A , 5) ;
    124c:	af e4       	ldi	r26, 0x4F	; 79
    124e:	b0 e0       	ldi	r27, 0x00	; 0
    1250:	ef e4       	ldi	r30, 0x4F	; 79
    1252:	f0 e0       	ldi	r31, 0x00	; 0
    1254:	80 81       	ld	r24, Z
    1256:	80 62       	ori	r24, 0x20	; 32
    1258:	8c 93       	st	X, r24
		CLR_BIT(TCCR1A , 6) ;
    125a:	af e4       	ldi	r26, 0x4F	; 79
    125c:	b0 e0       	ldi	r27, 0x00	; 0
    125e:	ef e4       	ldi	r30, 0x4F	; 79
    1260:	f0 e0       	ldi	r31, 0x00	; 0
    1262:	80 81       	ld	r24, Z
    1264:	8f 7b       	andi	r24, 0xBF	; 191
    1266:	8c 93       	st	X, r24
		SET_BIT(TCCR1A , 7) ;
    1268:	af e4       	ldi	r26, 0x4F	; 79
    126a:	b0 e0       	ldi	r27, 0x00	; 0
    126c:	ef e4       	ldi	r30, 0x4F	; 79
    126e:	f0 e0       	ldi	r31, 0x00	; 0
    1270:	80 81       	ld	r24, Z
    1272:	80 68       	ori	r24, 0x80	; 128
    1274:	8c 93       	st	X, r24
    1276:	d7 c2       	rjmp	.+1454   	; 0x1826 <MTimer1_voidInit+0x938>
		break ;
	case  TIMER1_PWM_PHASE_CORRECT_10BIT     :
		SET_BIT(TCCR1A , 0) ;
    1278:	af e4       	ldi	r26, 0x4F	; 79
    127a:	b0 e0       	ldi	r27, 0x00	; 0
    127c:	ef e4       	ldi	r30, 0x4F	; 79
    127e:	f0 e0       	ldi	r31, 0x00	; 0
    1280:	80 81       	ld	r24, Z
    1282:	81 60       	ori	r24, 0x01	; 1
    1284:	8c 93       	st	X, r24
		SET_BIT(TCCR1A , 1) ;
    1286:	af e4       	ldi	r26, 0x4F	; 79
    1288:	b0 e0       	ldi	r27, 0x00	; 0
    128a:	ef e4       	ldi	r30, 0x4F	; 79
    128c:	f0 e0       	ldi	r31, 0x00	; 0
    128e:	80 81       	ld	r24, Z
    1290:	82 60       	ori	r24, 0x02	; 2
    1292:	8c 93       	st	X, r24
		CLR_BIT(TCCR1B , 3) ;
    1294:	ae e4       	ldi	r26, 0x4E	; 78
    1296:	b0 e0       	ldi	r27, 0x00	; 0
    1298:	ee e4       	ldi	r30, 0x4E	; 78
    129a:	f0 e0       	ldi	r31, 0x00	; 0
    129c:	80 81       	ld	r24, Z
    129e:	87 7f       	andi	r24, 0xF7	; 247
    12a0:	8c 93       	st	X, r24
		CLR_BIT(TCCR1B , 4) ;
    12a2:	ae e4       	ldi	r26, 0x4E	; 78
    12a4:	b0 e0       	ldi	r27, 0x00	; 0
    12a6:	ee e4       	ldi	r30, 0x4E	; 78
    12a8:	f0 e0       	ldi	r31, 0x00	; 0
    12aa:	80 81       	ld	r24, Z
    12ac:	8f 7e       	andi	r24, 0xEF	; 239
    12ae:	8c 93       	st	X, r24

		MDIO_voidInitPin(DIO_PORTD, DIO_PIN4, DIO_OUTPUT) ;
    12b0:	83 e0       	ldi	r24, 0x03	; 3
    12b2:	64 e0       	ldi	r22, 0x04	; 4
    12b4:	41 e0       	ldi	r20, 0x01	; 1
    12b6:	0e 94 00 0f 	call	0x1e00	; 0x1e00 <MDIO_voidInitPin>
		MDIO_voidInitPin(DIO_PORTD, DIO_PIN5, DIO_OUTPUT) ;
    12ba:	83 e0       	ldi	r24, 0x03	; 3
    12bc:	65 e0       	ldi	r22, 0x05	; 5
    12be:	41 e0       	ldi	r20, 0x01	; 1
    12c0:	0e 94 00 0f 	call	0x1e00	; 0x1e00 <MDIO_voidInitPin>
		CLR_BIT(TCCR1A , 4) ;
    12c4:	af e4       	ldi	r26, 0x4F	; 79
    12c6:	b0 e0       	ldi	r27, 0x00	; 0
    12c8:	ef e4       	ldi	r30, 0x4F	; 79
    12ca:	f0 e0       	ldi	r31, 0x00	; 0
    12cc:	80 81       	ld	r24, Z
    12ce:	8f 7e       	andi	r24, 0xEF	; 239
    12d0:	8c 93       	st	X, r24
		SET_BIT(TCCR1A , 5) ;
    12d2:	af e4       	ldi	r26, 0x4F	; 79
    12d4:	b0 e0       	ldi	r27, 0x00	; 0
    12d6:	ef e4       	ldi	r30, 0x4F	; 79
    12d8:	f0 e0       	ldi	r31, 0x00	; 0
    12da:	80 81       	ld	r24, Z
    12dc:	80 62       	ori	r24, 0x20	; 32
    12de:	8c 93       	st	X, r24
		CLR_BIT(TCCR1A , 6) ;
    12e0:	af e4       	ldi	r26, 0x4F	; 79
    12e2:	b0 e0       	ldi	r27, 0x00	; 0
    12e4:	ef e4       	ldi	r30, 0x4F	; 79
    12e6:	f0 e0       	ldi	r31, 0x00	; 0
    12e8:	80 81       	ld	r24, Z
    12ea:	8f 7b       	andi	r24, 0xBF	; 191
    12ec:	8c 93       	st	X, r24
		SET_BIT(TCCR1A , 7) ;
    12ee:	af e4       	ldi	r26, 0x4F	; 79
    12f0:	b0 e0       	ldi	r27, 0x00	; 0
    12f2:	ef e4       	ldi	r30, 0x4F	; 79
    12f4:	f0 e0       	ldi	r31, 0x00	; 0
    12f6:	80 81       	ld	r24, Z
    12f8:	80 68       	ori	r24, 0x80	; 128
    12fa:	8c 93       	st	X, r24
    12fc:	94 c2       	rjmp	.+1320   	; 0x1826 <MTimer1_voidInit+0x938>
		break ;
	case  TIMER1_CTC_OCR1A_TOP               :
		CLR_BIT(TCCR1A , 0) ;
    12fe:	af e4       	ldi	r26, 0x4F	; 79
    1300:	b0 e0       	ldi	r27, 0x00	; 0
    1302:	ef e4       	ldi	r30, 0x4F	; 79
    1304:	f0 e0       	ldi	r31, 0x00	; 0
    1306:	80 81       	ld	r24, Z
    1308:	8e 7f       	andi	r24, 0xFE	; 254
    130a:	8c 93       	st	X, r24
		CLR_BIT(TCCR1A , 1) ;
    130c:	af e4       	ldi	r26, 0x4F	; 79
    130e:	b0 e0       	ldi	r27, 0x00	; 0
    1310:	ef e4       	ldi	r30, 0x4F	; 79
    1312:	f0 e0       	ldi	r31, 0x00	; 0
    1314:	80 81       	ld	r24, Z
    1316:	8d 7f       	andi	r24, 0xFD	; 253
    1318:	8c 93       	st	X, r24
		SET_BIT(TCCR1B , 3) ;
    131a:	ae e4       	ldi	r26, 0x4E	; 78
    131c:	b0 e0       	ldi	r27, 0x00	; 0
    131e:	ee e4       	ldi	r30, 0x4E	; 78
    1320:	f0 e0       	ldi	r31, 0x00	; 0
    1322:	80 81       	ld	r24, Z
    1324:	88 60       	ori	r24, 0x08	; 8
    1326:	8c 93       	st	X, r24
		CLR_BIT(TCCR1B , 4) ;
    1328:	ae e4       	ldi	r26, 0x4E	; 78
    132a:	b0 e0       	ldi	r27, 0x00	; 0
    132c:	ee e4       	ldi	r30, 0x4E	; 78
    132e:	f0 e0       	ldi	r31, 0x00	; 0
    1330:	80 81       	ld	r24, Z
    1332:	8f 7e       	andi	r24, 0xEF	; 239
    1334:	8c 93       	st	X, r24
    1336:	77 c2       	rjmp	.+1262   	; 0x1826 <MTimer1_voidInit+0x938>
		break ;
	case  TIMER1_PWM_FAST_8BIT               :
		SET_BIT(TCCR1A , 0) ;
    1338:	af e4       	ldi	r26, 0x4F	; 79
    133a:	b0 e0       	ldi	r27, 0x00	; 0
    133c:	ef e4       	ldi	r30, 0x4F	; 79
    133e:	f0 e0       	ldi	r31, 0x00	; 0
    1340:	80 81       	ld	r24, Z
    1342:	81 60       	ori	r24, 0x01	; 1
    1344:	8c 93       	st	X, r24
		CLR_BIT(TCCR1A , 1) ;
    1346:	af e4       	ldi	r26, 0x4F	; 79
    1348:	b0 e0       	ldi	r27, 0x00	; 0
    134a:	ef e4       	ldi	r30, 0x4F	; 79
    134c:	f0 e0       	ldi	r31, 0x00	; 0
    134e:	80 81       	ld	r24, Z
    1350:	8d 7f       	andi	r24, 0xFD	; 253
    1352:	8c 93       	st	X, r24
		SET_BIT(TCCR1B , 3) ;
    1354:	ae e4       	ldi	r26, 0x4E	; 78
    1356:	b0 e0       	ldi	r27, 0x00	; 0
    1358:	ee e4       	ldi	r30, 0x4E	; 78
    135a:	f0 e0       	ldi	r31, 0x00	; 0
    135c:	80 81       	ld	r24, Z
    135e:	88 60       	ori	r24, 0x08	; 8
    1360:	8c 93       	st	X, r24
		CLR_BIT(TCCR1B , 4) ;
    1362:	ae e4       	ldi	r26, 0x4E	; 78
    1364:	b0 e0       	ldi	r27, 0x00	; 0
    1366:	ee e4       	ldi	r30, 0x4E	; 78
    1368:	f0 e0       	ldi	r31, 0x00	; 0
    136a:	80 81       	ld	r24, Z
    136c:	8f 7e       	andi	r24, 0xEF	; 239
    136e:	8c 93       	st	X, r24

		MDIO_voidInitPin(DIO_PORTD, DIO_PIN4, DIO_OUTPUT) ;
    1370:	83 e0       	ldi	r24, 0x03	; 3
    1372:	64 e0       	ldi	r22, 0x04	; 4
    1374:	41 e0       	ldi	r20, 0x01	; 1
    1376:	0e 94 00 0f 	call	0x1e00	; 0x1e00 <MDIO_voidInitPin>
		MDIO_voidInitPin(DIO_PORTD, DIO_PIN5, DIO_OUTPUT) ;
    137a:	83 e0       	ldi	r24, 0x03	; 3
    137c:	65 e0       	ldi	r22, 0x05	; 5
    137e:	41 e0       	ldi	r20, 0x01	; 1
    1380:	0e 94 00 0f 	call	0x1e00	; 0x1e00 <MDIO_voidInitPin>
		CLR_BIT(TCCR1A , 4) ;
    1384:	af e4       	ldi	r26, 0x4F	; 79
    1386:	b0 e0       	ldi	r27, 0x00	; 0
    1388:	ef e4       	ldi	r30, 0x4F	; 79
    138a:	f0 e0       	ldi	r31, 0x00	; 0
    138c:	80 81       	ld	r24, Z
    138e:	8f 7e       	andi	r24, 0xEF	; 239
    1390:	8c 93       	st	X, r24
		SET_BIT(TCCR1A , 5) ;
    1392:	af e4       	ldi	r26, 0x4F	; 79
    1394:	b0 e0       	ldi	r27, 0x00	; 0
    1396:	ef e4       	ldi	r30, 0x4F	; 79
    1398:	f0 e0       	ldi	r31, 0x00	; 0
    139a:	80 81       	ld	r24, Z
    139c:	80 62       	ori	r24, 0x20	; 32
    139e:	8c 93       	st	X, r24
		CLR_BIT(TCCR1A , 6) ;
    13a0:	af e4       	ldi	r26, 0x4F	; 79
    13a2:	b0 e0       	ldi	r27, 0x00	; 0
    13a4:	ef e4       	ldi	r30, 0x4F	; 79
    13a6:	f0 e0       	ldi	r31, 0x00	; 0
    13a8:	80 81       	ld	r24, Z
    13aa:	8f 7b       	andi	r24, 0xBF	; 191
    13ac:	8c 93       	st	X, r24
		SET_BIT(TCCR1A , 7) ;
    13ae:	af e4       	ldi	r26, 0x4F	; 79
    13b0:	b0 e0       	ldi	r27, 0x00	; 0
    13b2:	ef e4       	ldi	r30, 0x4F	; 79
    13b4:	f0 e0       	ldi	r31, 0x00	; 0
    13b6:	80 81       	ld	r24, Z
    13b8:	80 68       	ori	r24, 0x80	; 128
    13ba:	8c 93       	st	X, r24
    13bc:	34 c2       	rjmp	.+1128   	; 0x1826 <MTimer1_voidInit+0x938>
		break ;
	case  TIMER1_PWM_FAST_9BIT               :
		CLR_BIT(TCCR1A , 0) ;
    13be:	af e4       	ldi	r26, 0x4F	; 79
    13c0:	b0 e0       	ldi	r27, 0x00	; 0
    13c2:	ef e4       	ldi	r30, 0x4F	; 79
    13c4:	f0 e0       	ldi	r31, 0x00	; 0
    13c6:	80 81       	ld	r24, Z
    13c8:	8e 7f       	andi	r24, 0xFE	; 254
    13ca:	8c 93       	st	X, r24
		SET_BIT(TCCR1A , 1) ;
    13cc:	af e4       	ldi	r26, 0x4F	; 79
    13ce:	b0 e0       	ldi	r27, 0x00	; 0
    13d0:	ef e4       	ldi	r30, 0x4F	; 79
    13d2:	f0 e0       	ldi	r31, 0x00	; 0
    13d4:	80 81       	ld	r24, Z
    13d6:	82 60       	ori	r24, 0x02	; 2
    13d8:	8c 93       	st	X, r24
		SET_BIT(TCCR1B , 3) ;
    13da:	ae e4       	ldi	r26, 0x4E	; 78
    13dc:	b0 e0       	ldi	r27, 0x00	; 0
    13de:	ee e4       	ldi	r30, 0x4E	; 78
    13e0:	f0 e0       	ldi	r31, 0x00	; 0
    13e2:	80 81       	ld	r24, Z
    13e4:	88 60       	ori	r24, 0x08	; 8
    13e6:	8c 93       	st	X, r24
		CLR_BIT(TCCR1B , 4) ;
    13e8:	ae e4       	ldi	r26, 0x4E	; 78
    13ea:	b0 e0       	ldi	r27, 0x00	; 0
    13ec:	ee e4       	ldi	r30, 0x4E	; 78
    13ee:	f0 e0       	ldi	r31, 0x00	; 0
    13f0:	80 81       	ld	r24, Z
    13f2:	8f 7e       	andi	r24, 0xEF	; 239
    13f4:	8c 93       	st	X, r24

		MDIO_voidInitPin(DIO_PORTD, DIO_PIN4, DIO_OUTPUT) ;
    13f6:	83 e0       	ldi	r24, 0x03	; 3
    13f8:	64 e0       	ldi	r22, 0x04	; 4
    13fa:	41 e0       	ldi	r20, 0x01	; 1
    13fc:	0e 94 00 0f 	call	0x1e00	; 0x1e00 <MDIO_voidInitPin>
		MDIO_voidInitPin(DIO_PORTD, DIO_PIN5, DIO_OUTPUT) ;
    1400:	83 e0       	ldi	r24, 0x03	; 3
    1402:	65 e0       	ldi	r22, 0x05	; 5
    1404:	41 e0       	ldi	r20, 0x01	; 1
    1406:	0e 94 00 0f 	call	0x1e00	; 0x1e00 <MDIO_voidInitPin>
		CLR_BIT(TCCR1A , 4) ;
    140a:	af e4       	ldi	r26, 0x4F	; 79
    140c:	b0 e0       	ldi	r27, 0x00	; 0
    140e:	ef e4       	ldi	r30, 0x4F	; 79
    1410:	f0 e0       	ldi	r31, 0x00	; 0
    1412:	80 81       	ld	r24, Z
    1414:	8f 7e       	andi	r24, 0xEF	; 239
    1416:	8c 93       	st	X, r24
		SET_BIT(TCCR1A , 5) ;
    1418:	af e4       	ldi	r26, 0x4F	; 79
    141a:	b0 e0       	ldi	r27, 0x00	; 0
    141c:	ef e4       	ldi	r30, 0x4F	; 79
    141e:	f0 e0       	ldi	r31, 0x00	; 0
    1420:	80 81       	ld	r24, Z
    1422:	80 62       	ori	r24, 0x20	; 32
    1424:	8c 93       	st	X, r24
		CLR_BIT(TCCR1A , 6) ;
    1426:	af e4       	ldi	r26, 0x4F	; 79
    1428:	b0 e0       	ldi	r27, 0x00	; 0
    142a:	ef e4       	ldi	r30, 0x4F	; 79
    142c:	f0 e0       	ldi	r31, 0x00	; 0
    142e:	80 81       	ld	r24, Z
    1430:	8f 7b       	andi	r24, 0xBF	; 191
    1432:	8c 93       	st	X, r24
		SET_BIT(TCCR1A , 7) ;
    1434:	af e4       	ldi	r26, 0x4F	; 79
    1436:	b0 e0       	ldi	r27, 0x00	; 0
    1438:	ef e4       	ldi	r30, 0x4F	; 79
    143a:	f0 e0       	ldi	r31, 0x00	; 0
    143c:	80 81       	ld	r24, Z
    143e:	80 68       	ori	r24, 0x80	; 128
    1440:	8c 93       	st	X, r24
    1442:	f1 c1       	rjmp	.+994    	; 0x1826 <MTimer1_voidInit+0x938>
		break ;
	case  TIMER1_PWM_FAST_10BIT              :
		SET_BIT(TCCR1A , 0) ;
    1444:	af e4       	ldi	r26, 0x4F	; 79
    1446:	b0 e0       	ldi	r27, 0x00	; 0
    1448:	ef e4       	ldi	r30, 0x4F	; 79
    144a:	f0 e0       	ldi	r31, 0x00	; 0
    144c:	80 81       	ld	r24, Z
    144e:	81 60       	ori	r24, 0x01	; 1
    1450:	8c 93       	st	X, r24
		SET_BIT(TCCR1A , 1) ;
    1452:	af e4       	ldi	r26, 0x4F	; 79
    1454:	b0 e0       	ldi	r27, 0x00	; 0
    1456:	ef e4       	ldi	r30, 0x4F	; 79
    1458:	f0 e0       	ldi	r31, 0x00	; 0
    145a:	80 81       	ld	r24, Z
    145c:	82 60       	ori	r24, 0x02	; 2
    145e:	8c 93       	st	X, r24
		SET_BIT(TCCR1B , 3) ;
    1460:	ae e4       	ldi	r26, 0x4E	; 78
    1462:	b0 e0       	ldi	r27, 0x00	; 0
    1464:	ee e4       	ldi	r30, 0x4E	; 78
    1466:	f0 e0       	ldi	r31, 0x00	; 0
    1468:	80 81       	ld	r24, Z
    146a:	88 60       	ori	r24, 0x08	; 8
    146c:	8c 93       	st	X, r24
		CLR_BIT(TCCR1B , 4) ;
    146e:	ae e4       	ldi	r26, 0x4E	; 78
    1470:	b0 e0       	ldi	r27, 0x00	; 0
    1472:	ee e4       	ldi	r30, 0x4E	; 78
    1474:	f0 e0       	ldi	r31, 0x00	; 0
    1476:	80 81       	ld	r24, Z
    1478:	8f 7e       	andi	r24, 0xEF	; 239
    147a:	8c 93       	st	X, r24

		MDIO_voidInitPin(DIO_PORTD, DIO_PIN4, DIO_OUTPUT) ;
    147c:	83 e0       	ldi	r24, 0x03	; 3
    147e:	64 e0       	ldi	r22, 0x04	; 4
    1480:	41 e0       	ldi	r20, 0x01	; 1
    1482:	0e 94 00 0f 	call	0x1e00	; 0x1e00 <MDIO_voidInitPin>
		MDIO_voidInitPin(DIO_PORTD, DIO_PIN5, DIO_OUTPUT) ;
    1486:	83 e0       	ldi	r24, 0x03	; 3
    1488:	65 e0       	ldi	r22, 0x05	; 5
    148a:	41 e0       	ldi	r20, 0x01	; 1
    148c:	0e 94 00 0f 	call	0x1e00	; 0x1e00 <MDIO_voidInitPin>
		CLR_BIT(TCCR1A , 4) ;
    1490:	af e4       	ldi	r26, 0x4F	; 79
    1492:	b0 e0       	ldi	r27, 0x00	; 0
    1494:	ef e4       	ldi	r30, 0x4F	; 79
    1496:	f0 e0       	ldi	r31, 0x00	; 0
    1498:	80 81       	ld	r24, Z
    149a:	8f 7e       	andi	r24, 0xEF	; 239
    149c:	8c 93       	st	X, r24
		SET_BIT(TCCR1A , 5) ;
    149e:	af e4       	ldi	r26, 0x4F	; 79
    14a0:	b0 e0       	ldi	r27, 0x00	; 0
    14a2:	ef e4       	ldi	r30, 0x4F	; 79
    14a4:	f0 e0       	ldi	r31, 0x00	; 0
    14a6:	80 81       	ld	r24, Z
    14a8:	80 62       	ori	r24, 0x20	; 32
    14aa:	8c 93       	st	X, r24
		CLR_BIT(TCCR1A , 6) ;
    14ac:	af e4       	ldi	r26, 0x4F	; 79
    14ae:	b0 e0       	ldi	r27, 0x00	; 0
    14b0:	ef e4       	ldi	r30, 0x4F	; 79
    14b2:	f0 e0       	ldi	r31, 0x00	; 0
    14b4:	80 81       	ld	r24, Z
    14b6:	8f 7b       	andi	r24, 0xBF	; 191
    14b8:	8c 93       	st	X, r24
		SET_BIT(TCCR1A , 7) ;
    14ba:	af e4       	ldi	r26, 0x4F	; 79
    14bc:	b0 e0       	ldi	r27, 0x00	; 0
    14be:	ef e4       	ldi	r30, 0x4F	; 79
    14c0:	f0 e0       	ldi	r31, 0x00	; 0
    14c2:	80 81       	ld	r24, Z
    14c4:	80 68       	ori	r24, 0x80	; 128
    14c6:	8c 93       	st	X, r24
    14c8:	ae c1       	rjmp	.+860    	; 0x1826 <MTimer1_voidInit+0x938>
		break ;
	case  TIMER1_FREQUANCY_CORRECT_ICR1_TOP  :
		CLR_BIT(TCCR1A , 0) ;
    14ca:	af e4       	ldi	r26, 0x4F	; 79
    14cc:	b0 e0       	ldi	r27, 0x00	; 0
    14ce:	ef e4       	ldi	r30, 0x4F	; 79
    14d0:	f0 e0       	ldi	r31, 0x00	; 0
    14d2:	80 81       	ld	r24, Z
    14d4:	8e 7f       	andi	r24, 0xFE	; 254
    14d6:	8c 93       	st	X, r24
		CLR_BIT(TCCR1A , 1) ;
    14d8:	af e4       	ldi	r26, 0x4F	; 79
    14da:	b0 e0       	ldi	r27, 0x00	; 0
    14dc:	ef e4       	ldi	r30, 0x4F	; 79
    14de:	f0 e0       	ldi	r31, 0x00	; 0
    14e0:	80 81       	ld	r24, Z
    14e2:	8d 7f       	andi	r24, 0xFD	; 253
    14e4:	8c 93       	st	X, r24
		CLR_BIT(TCCR1B , 3) ;
    14e6:	ae e4       	ldi	r26, 0x4E	; 78
    14e8:	b0 e0       	ldi	r27, 0x00	; 0
    14ea:	ee e4       	ldi	r30, 0x4E	; 78
    14ec:	f0 e0       	ldi	r31, 0x00	; 0
    14ee:	80 81       	ld	r24, Z
    14f0:	87 7f       	andi	r24, 0xF7	; 247
    14f2:	8c 93       	st	X, r24
		SET_BIT(TCCR1B , 4) ;
    14f4:	ae e4       	ldi	r26, 0x4E	; 78
    14f6:	b0 e0       	ldi	r27, 0x00	; 0
    14f8:	ee e4       	ldi	r30, 0x4E	; 78
    14fa:	f0 e0       	ldi	r31, 0x00	; 0
    14fc:	80 81       	ld	r24, Z
    14fe:	80 61       	ori	r24, 0x10	; 16
    1500:	8c 93       	st	X, r24

		MDIO_voidInitPin(DIO_PORTD, DIO_PIN4, DIO_OUTPUT) ;
    1502:	83 e0       	ldi	r24, 0x03	; 3
    1504:	64 e0       	ldi	r22, 0x04	; 4
    1506:	41 e0       	ldi	r20, 0x01	; 1
    1508:	0e 94 00 0f 	call	0x1e00	; 0x1e00 <MDIO_voidInitPin>
		MDIO_voidInitPin(DIO_PORTD, DIO_PIN5, DIO_OUTPUT) ;
    150c:	83 e0       	ldi	r24, 0x03	; 3
    150e:	65 e0       	ldi	r22, 0x05	; 5
    1510:	41 e0       	ldi	r20, 0x01	; 1
    1512:	0e 94 00 0f 	call	0x1e00	; 0x1e00 <MDIO_voidInitPin>
		CLR_BIT(TCCR1A , 4) ;
    1516:	af e4       	ldi	r26, 0x4F	; 79
    1518:	b0 e0       	ldi	r27, 0x00	; 0
    151a:	ef e4       	ldi	r30, 0x4F	; 79
    151c:	f0 e0       	ldi	r31, 0x00	; 0
    151e:	80 81       	ld	r24, Z
    1520:	8f 7e       	andi	r24, 0xEF	; 239
    1522:	8c 93       	st	X, r24
		SET_BIT(TCCR1A , 5) ;
    1524:	af e4       	ldi	r26, 0x4F	; 79
    1526:	b0 e0       	ldi	r27, 0x00	; 0
    1528:	ef e4       	ldi	r30, 0x4F	; 79
    152a:	f0 e0       	ldi	r31, 0x00	; 0
    152c:	80 81       	ld	r24, Z
    152e:	80 62       	ori	r24, 0x20	; 32
    1530:	8c 93       	st	X, r24
		CLR_BIT(TCCR1A , 6) ;
    1532:	af e4       	ldi	r26, 0x4F	; 79
    1534:	b0 e0       	ldi	r27, 0x00	; 0
    1536:	ef e4       	ldi	r30, 0x4F	; 79
    1538:	f0 e0       	ldi	r31, 0x00	; 0
    153a:	80 81       	ld	r24, Z
    153c:	8f 7b       	andi	r24, 0xBF	; 191
    153e:	8c 93       	st	X, r24
		SET_BIT(TCCR1A , 7) ;
    1540:	af e4       	ldi	r26, 0x4F	; 79
    1542:	b0 e0       	ldi	r27, 0x00	; 0
    1544:	ef e4       	ldi	r30, 0x4F	; 79
    1546:	f0 e0       	ldi	r31, 0x00	; 0
    1548:	80 81       	ld	r24, Z
    154a:	80 68       	ori	r24, 0x80	; 128
    154c:	8c 93       	st	X, r24
    154e:	6b c1       	rjmp	.+726    	; 0x1826 <MTimer1_voidInit+0x938>
		break ;
	case  TIMER1_FREQUANCY_CORRECT_OCR1A_TOP :
		SET_BIT(TCCR1A , 0) ;
    1550:	af e4       	ldi	r26, 0x4F	; 79
    1552:	b0 e0       	ldi	r27, 0x00	; 0
    1554:	ef e4       	ldi	r30, 0x4F	; 79
    1556:	f0 e0       	ldi	r31, 0x00	; 0
    1558:	80 81       	ld	r24, Z
    155a:	81 60       	ori	r24, 0x01	; 1
    155c:	8c 93       	st	X, r24
		CLR_BIT(TCCR1A , 1) ;
    155e:	af e4       	ldi	r26, 0x4F	; 79
    1560:	b0 e0       	ldi	r27, 0x00	; 0
    1562:	ef e4       	ldi	r30, 0x4F	; 79
    1564:	f0 e0       	ldi	r31, 0x00	; 0
    1566:	80 81       	ld	r24, Z
    1568:	8d 7f       	andi	r24, 0xFD	; 253
    156a:	8c 93       	st	X, r24
		CLR_BIT(TCCR1B , 3) ;
    156c:	ae e4       	ldi	r26, 0x4E	; 78
    156e:	b0 e0       	ldi	r27, 0x00	; 0
    1570:	ee e4       	ldi	r30, 0x4E	; 78
    1572:	f0 e0       	ldi	r31, 0x00	; 0
    1574:	80 81       	ld	r24, Z
    1576:	87 7f       	andi	r24, 0xF7	; 247
    1578:	8c 93       	st	X, r24
		SET_BIT(TCCR1B , 4) ;
    157a:	ae e4       	ldi	r26, 0x4E	; 78
    157c:	b0 e0       	ldi	r27, 0x00	; 0
    157e:	ee e4       	ldi	r30, 0x4E	; 78
    1580:	f0 e0       	ldi	r31, 0x00	; 0
    1582:	80 81       	ld	r24, Z
    1584:	80 61       	ori	r24, 0x10	; 16
    1586:	8c 93       	st	X, r24

		MDIO_voidInitPin(DIO_PORTD, DIO_PIN4, DIO_OUTPUT) ;
    1588:	83 e0       	ldi	r24, 0x03	; 3
    158a:	64 e0       	ldi	r22, 0x04	; 4
    158c:	41 e0       	ldi	r20, 0x01	; 1
    158e:	0e 94 00 0f 	call	0x1e00	; 0x1e00 <MDIO_voidInitPin>
		MDIO_voidInitPin(DIO_PORTD, DIO_PIN5, DIO_OUTPUT) ;
    1592:	83 e0       	ldi	r24, 0x03	; 3
    1594:	65 e0       	ldi	r22, 0x05	; 5
    1596:	41 e0       	ldi	r20, 0x01	; 1
    1598:	0e 94 00 0f 	call	0x1e00	; 0x1e00 <MDIO_voidInitPin>
		CLR_BIT(TCCR1A , 4) ;
    159c:	af e4       	ldi	r26, 0x4F	; 79
    159e:	b0 e0       	ldi	r27, 0x00	; 0
    15a0:	ef e4       	ldi	r30, 0x4F	; 79
    15a2:	f0 e0       	ldi	r31, 0x00	; 0
    15a4:	80 81       	ld	r24, Z
    15a6:	8f 7e       	andi	r24, 0xEF	; 239
    15a8:	8c 93       	st	X, r24
		SET_BIT(TCCR1A , 5) ;
    15aa:	af e4       	ldi	r26, 0x4F	; 79
    15ac:	b0 e0       	ldi	r27, 0x00	; 0
    15ae:	ef e4       	ldi	r30, 0x4F	; 79
    15b0:	f0 e0       	ldi	r31, 0x00	; 0
    15b2:	80 81       	ld	r24, Z
    15b4:	80 62       	ori	r24, 0x20	; 32
    15b6:	8c 93       	st	X, r24
		CLR_BIT(TCCR1A , 6) ;
    15b8:	af e4       	ldi	r26, 0x4F	; 79
    15ba:	b0 e0       	ldi	r27, 0x00	; 0
    15bc:	ef e4       	ldi	r30, 0x4F	; 79
    15be:	f0 e0       	ldi	r31, 0x00	; 0
    15c0:	80 81       	ld	r24, Z
    15c2:	8f 7b       	andi	r24, 0xBF	; 191
    15c4:	8c 93       	st	X, r24
		SET_BIT(TCCR1A , 7) ;
    15c6:	af e4       	ldi	r26, 0x4F	; 79
    15c8:	b0 e0       	ldi	r27, 0x00	; 0
    15ca:	ef e4       	ldi	r30, 0x4F	; 79
    15cc:	f0 e0       	ldi	r31, 0x00	; 0
    15ce:	80 81       	ld	r24, Z
    15d0:	80 68       	ori	r24, 0x80	; 128
    15d2:	8c 93       	st	X, r24
    15d4:	28 c1       	rjmp	.+592    	; 0x1826 <MTimer1_voidInit+0x938>
		break ;
	case  TIMER1_PHASE_CORRECT_ICR1_TOP      :
		CLR_BIT(TCCR1A , 0) ;
    15d6:	af e4       	ldi	r26, 0x4F	; 79
    15d8:	b0 e0       	ldi	r27, 0x00	; 0
    15da:	ef e4       	ldi	r30, 0x4F	; 79
    15dc:	f0 e0       	ldi	r31, 0x00	; 0
    15de:	80 81       	ld	r24, Z
    15e0:	8e 7f       	andi	r24, 0xFE	; 254
    15e2:	8c 93       	st	X, r24
		SET_BIT(TCCR1A , 1) ;
    15e4:	af e4       	ldi	r26, 0x4F	; 79
    15e6:	b0 e0       	ldi	r27, 0x00	; 0
    15e8:	ef e4       	ldi	r30, 0x4F	; 79
    15ea:	f0 e0       	ldi	r31, 0x00	; 0
    15ec:	80 81       	ld	r24, Z
    15ee:	82 60       	ori	r24, 0x02	; 2
    15f0:	8c 93       	st	X, r24
		CLR_BIT(TCCR1B , 3) ;
    15f2:	ae e4       	ldi	r26, 0x4E	; 78
    15f4:	b0 e0       	ldi	r27, 0x00	; 0
    15f6:	ee e4       	ldi	r30, 0x4E	; 78
    15f8:	f0 e0       	ldi	r31, 0x00	; 0
    15fa:	80 81       	ld	r24, Z
    15fc:	87 7f       	andi	r24, 0xF7	; 247
    15fe:	8c 93       	st	X, r24
		SET_BIT(TCCR1B , 4) ;
    1600:	ae e4       	ldi	r26, 0x4E	; 78
    1602:	b0 e0       	ldi	r27, 0x00	; 0
    1604:	ee e4       	ldi	r30, 0x4E	; 78
    1606:	f0 e0       	ldi	r31, 0x00	; 0
    1608:	80 81       	ld	r24, Z
    160a:	80 61       	ori	r24, 0x10	; 16
    160c:	8c 93       	st	X, r24

		MDIO_voidInitPin(DIO_PORTD, DIO_PIN4, DIO_OUTPUT) ;
    160e:	83 e0       	ldi	r24, 0x03	; 3
    1610:	64 e0       	ldi	r22, 0x04	; 4
    1612:	41 e0       	ldi	r20, 0x01	; 1
    1614:	0e 94 00 0f 	call	0x1e00	; 0x1e00 <MDIO_voidInitPin>
		MDIO_voidInitPin(DIO_PORTD, DIO_PIN5, DIO_OUTPUT) ;
    1618:	83 e0       	ldi	r24, 0x03	; 3
    161a:	65 e0       	ldi	r22, 0x05	; 5
    161c:	41 e0       	ldi	r20, 0x01	; 1
    161e:	0e 94 00 0f 	call	0x1e00	; 0x1e00 <MDIO_voidInitPin>
		CLR_BIT(TCCR1A , 4) ;
    1622:	af e4       	ldi	r26, 0x4F	; 79
    1624:	b0 e0       	ldi	r27, 0x00	; 0
    1626:	ef e4       	ldi	r30, 0x4F	; 79
    1628:	f0 e0       	ldi	r31, 0x00	; 0
    162a:	80 81       	ld	r24, Z
    162c:	8f 7e       	andi	r24, 0xEF	; 239
    162e:	8c 93       	st	X, r24
		SET_BIT(TCCR1A , 5) ;
    1630:	af e4       	ldi	r26, 0x4F	; 79
    1632:	b0 e0       	ldi	r27, 0x00	; 0
    1634:	ef e4       	ldi	r30, 0x4F	; 79
    1636:	f0 e0       	ldi	r31, 0x00	; 0
    1638:	80 81       	ld	r24, Z
    163a:	80 62       	ori	r24, 0x20	; 32
    163c:	8c 93       	st	X, r24
		CLR_BIT(TCCR1A , 6) ;
    163e:	af e4       	ldi	r26, 0x4F	; 79
    1640:	b0 e0       	ldi	r27, 0x00	; 0
    1642:	ef e4       	ldi	r30, 0x4F	; 79
    1644:	f0 e0       	ldi	r31, 0x00	; 0
    1646:	80 81       	ld	r24, Z
    1648:	8f 7b       	andi	r24, 0xBF	; 191
    164a:	8c 93       	st	X, r24
		SET_BIT(TCCR1A , 7) ;
    164c:	af e4       	ldi	r26, 0x4F	; 79
    164e:	b0 e0       	ldi	r27, 0x00	; 0
    1650:	ef e4       	ldi	r30, 0x4F	; 79
    1652:	f0 e0       	ldi	r31, 0x00	; 0
    1654:	80 81       	ld	r24, Z
    1656:	80 68       	ori	r24, 0x80	; 128
    1658:	8c 93       	st	X, r24
    165a:	e5 c0       	rjmp	.+458    	; 0x1826 <MTimer1_voidInit+0x938>
		break ;
	case  TIMER1_PHASE_CORRECT_OCR1A_TOP     :
		SET_BIT(TCCR1A , 0) ;
    165c:	af e4       	ldi	r26, 0x4F	; 79
    165e:	b0 e0       	ldi	r27, 0x00	; 0
    1660:	ef e4       	ldi	r30, 0x4F	; 79
    1662:	f0 e0       	ldi	r31, 0x00	; 0
    1664:	80 81       	ld	r24, Z
    1666:	81 60       	ori	r24, 0x01	; 1
    1668:	8c 93       	st	X, r24
		SET_BIT(TCCR1A , 1) ;
    166a:	af e4       	ldi	r26, 0x4F	; 79
    166c:	b0 e0       	ldi	r27, 0x00	; 0
    166e:	ef e4       	ldi	r30, 0x4F	; 79
    1670:	f0 e0       	ldi	r31, 0x00	; 0
    1672:	80 81       	ld	r24, Z
    1674:	82 60       	ori	r24, 0x02	; 2
    1676:	8c 93       	st	X, r24
		CLR_BIT(TCCR1B , 3) ;
    1678:	ae e4       	ldi	r26, 0x4E	; 78
    167a:	b0 e0       	ldi	r27, 0x00	; 0
    167c:	ee e4       	ldi	r30, 0x4E	; 78
    167e:	f0 e0       	ldi	r31, 0x00	; 0
    1680:	80 81       	ld	r24, Z
    1682:	87 7f       	andi	r24, 0xF7	; 247
    1684:	8c 93       	st	X, r24
		SET_BIT(TCCR1B , 4) ;
    1686:	ae e4       	ldi	r26, 0x4E	; 78
    1688:	b0 e0       	ldi	r27, 0x00	; 0
    168a:	ee e4       	ldi	r30, 0x4E	; 78
    168c:	f0 e0       	ldi	r31, 0x00	; 0
    168e:	80 81       	ld	r24, Z
    1690:	80 61       	ori	r24, 0x10	; 16
    1692:	8c 93       	st	X, r24

		MDIO_voidInitPin(DIO_PORTD, DIO_PIN4, DIO_OUTPUT) ;
    1694:	83 e0       	ldi	r24, 0x03	; 3
    1696:	64 e0       	ldi	r22, 0x04	; 4
    1698:	41 e0       	ldi	r20, 0x01	; 1
    169a:	0e 94 00 0f 	call	0x1e00	; 0x1e00 <MDIO_voidInitPin>
		MDIO_voidInitPin(DIO_PORTD, DIO_PIN5, DIO_OUTPUT) ;
    169e:	83 e0       	ldi	r24, 0x03	; 3
    16a0:	65 e0       	ldi	r22, 0x05	; 5
    16a2:	41 e0       	ldi	r20, 0x01	; 1
    16a4:	0e 94 00 0f 	call	0x1e00	; 0x1e00 <MDIO_voidInitPin>
		CLR_BIT(TCCR1A , 4) ;
    16a8:	af e4       	ldi	r26, 0x4F	; 79
    16aa:	b0 e0       	ldi	r27, 0x00	; 0
    16ac:	ef e4       	ldi	r30, 0x4F	; 79
    16ae:	f0 e0       	ldi	r31, 0x00	; 0
    16b0:	80 81       	ld	r24, Z
    16b2:	8f 7e       	andi	r24, 0xEF	; 239
    16b4:	8c 93       	st	X, r24
		SET_BIT(TCCR1A , 5) ;
    16b6:	af e4       	ldi	r26, 0x4F	; 79
    16b8:	b0 e0       	ldi	r27, 0x00	; 0
    16ba:	ef e4       	ldi	r30, 0x4F	; 79
    16bc:	f0 e0       	ldi	r31, 0x00	; 0
    16be:	80 81       	ld	r24, Z
    16c0:	80 62       	ori	r24, 0x20	; 32
    16c2:	8c 93       	st	X, r24
		CLR_BIT(TCCR1A , 6) ;
    16c4:	af e4       	ldi	r26, 0x4F	; 79
    16c6:	b0 e0       	ldi	r27, 0x00	; 0
    16c8:	ef e4       	ldi	r30, 0x4F	; 79
    16ca:	f0 e0       	ldi	r31, 0x00	; 0
    16cc:	80 81       	ld	r24, Z
    16ce:	8f 7b       	andi	r24, 0xBF	; 191
    16d0:	8c 93       	st	X, r24
		SET_BIT(TCCR1A , 7) ;
    16d2:	af e4       	ldi	r26, 0x4F	; 79
    16d4:	b0 e0       	ldi	r27, 0x00	; 0
    16d6:	ef e4       	ldi	r30, 0x4F	; 79
    16d8:	f0 e0       	ldi	r31, 0x00	; 0
    16da:	80 81       	ld	r24, Z
    16dc:	80 68       	ori	r24, 0x80	; 128
    16de:	8c 93       	st	X, r24
    16e0:	a2 c0       	rjmp	.+324    	; 0x1826 <MTimer1_voidInit+0x938>
		break ;
	case  TIMER1_CTC_ICR1_TOP                :
		CLR_BIT(TCCR1A , 0) ;
    16e2:	af e4       	ldi	r26, 0x4F	; 79
    16e4:	b0 e0       	ldi	r27, 0x00	; 0
    16e6:	ef e4       	ldi	r30, 0x4F	; 79
    16e8:	f0 e0       	ldi	r31, 0x00	; 0
    16ea:	80 81       	ld	r24, Z
    16ec:	8e 7f       	andi	r24, 0xFE	; 254
    16ee:	8c 93       	st	X, r24
		CLR_BIT(TCCR1A , 1) ;
    16f0:	af e4       	ldi	r26, 0x4F	; 79
    16f2:	b0 e0       	ldi	r27, 0x00	; 0
    16f4:	ef e4       	ldi	r30, 0x4F	; 79
    16f6:	f0 e0       	ldi	r31, 0x00	; 0
    16f8:	80 81       	ld	r24, Z
    16fa:	8d 7f       	andi	r24, 0xFD	; 253
    16fc:	8c 93       	st	X, r24
		SET_BIT(TCCR1B , 3) ;
    16fe:	ae e4       	ldi	r26, 0x4E	; 78
    1700:	b0 e0       	ldi	r27, 0x00	; 0
    1702:	ee e4       	ldi	r30, 0x4E	; 78
    1704:	f0 e0       	ldi	r31, 0x00	; 0
    1706:	80 81       	ld	r24, Z
    1708:	88 60       	ori	r24, 0x08	; 8
    170a:	8c 93       	st	X, r24
		SET_BIT(TCCR1B , 4) ;
    170c:	ae e4       	ldi	r26, 0x4E	; 78
    170e:	b0 e0       	ldi	r27, 0x00	; 0
    1710:	ee e4       	ldi	r30, 0x4E	; 78
    1712:	f0 e0       	ldi	r31, 0x00	; 0
    1714:	80 81       	ld	r24, Z
    1716:	80 61       	ori	r24, 0x10	; 16
    1718:	8c 93       	st	X, r24
    171a:	85 c0       	rjmp	.+266    	; 0x1826 <MTimer1_voidInit+0x938>
		break ;
	case  TIMER1_FAST_ICR1_TOP               :
		CLR_BIT(TCCR1A , 0) ;
    171c:	af e4       	ldi	r26, 0x4F	; 79
    171e:	b0 e0       	ldi	r27, 0x00	; 0
    1720:	ef e4       	ldi	r30, 0x4F	; 79
    1722:	f0 e0       	ldi	r31, 0x00	; 0
    1724:	80 81       	ld	r24, Z
    1726:	8e 7f       	andi	r24, 0xFE	; 254
    1728:	8c 93       	st	X, r24
		SET_BIT(TCCR1A , 1) ;
    172a:	af e4       	ldi	r26, 0x4F	; 79
    172c:	b0 e0       	ldi	r27, 0x00	; 0
    172e:	ef e4       	ldi	r30, 0x4F	; 79
    1730:	f0 e0       	ldi	r31, 0x00	; 0
    1732:	80 81       	ld	r24, Z
    1734:	82 60       	ori	r24, 0x02	; 2
    1736:	8c 93       	st	X, r24
		SET_BIT(TCCR1B , 3) ;
    1738:	ae e4       	ldi	r26, 0x4E	; 78
    173a:	b0 e0       	ldi	r27, 0x00	; 0
    173c:	ee e4       	ldi	r30, 0x4E	; 78
    173e:	f0 e0       	ldi	r31, 0x00	; 0
    1740:	80 81       	ld	r24, Z
    1742:	88 60       	ori	r24, 0x08	; 8
    1744:	8c 93       	st	X, r24
		SET_BIT(TCCR1B , 4) ;
    1746:	ae e4       	ldi	r26, 0x4E	; 78
    1748:	b0 e0       	ldi	r27, 0x00	; 0
    174a:	ee e4       	ldi	r30, 0x4E	; 78
    174c:	f0 e0       	ldi	r31, 0x00	; 0
    174e:	80 81       	ld	r24, Z
    1750:	80 61       	ori	r24, 0x10	; 16
    1752:	8c 93       	st	X, r24

		MDIO_voidInitPin(DIO_PORTD, DIO_PIN4, DIO_OUTPUT) ;
    1754:	83 e0       	ldi	r24, 0x03	; 3
    1756:	64 e0       	ldi	r22, 0x04	; 4
    1758:	41 e0       	ldi	r20, 0x01	; 1
    175a:	0e 94 00 0f 	call	0x1e00	; 0x1e00 <MDIO_voidInitPin>
		MDIO_voidInitPin(DIO_PORTD, DIO_PIN5, DIO_OUTPUT) ;
    175e:	83 e0       	ldi	r24, 0x03	; 3
    1760:	65 e0       	ldi	r22, 0x05	; 5
    1762:	41 e0       	ldi	r20, 0x01	; 1
    1764:	0e 94 00 0f 	call	0x1e00	; 0x1e00 <MDIO_voidInitPin>
		CLR_BIT(TCCR1A , 4) ;
    1768:	af e4       	ldi	r26, 0x4F	; 79
    176a:	b0 e0       	ldi	r27, 0x00	; 0
    176c:	ef e4       	ldi	r30, 0x4F	; 79
    176e:	f0 e0       	ldi	r31, 0x00	; 0
    1770:	80 81       	ld	r24, Z
    1772:	8f 7e       	andi	r24, 0xEF	; 239
    1774:	8c 93       	st	X, r24
		SET_BIT(TCCR1A , 5) ;
    1776:	af e4       	ldi	r26, 0x4F	; 79
    1778:	b0 e0       	ldi	r27, 0x00	; 0
    177a:	ef e4       	ldi	r30, 0x4F	; 79
    177c:	f0 e0       	ldi	r31, 0x00	; 0
    177e:	80 81       	ld	r24, Z
    1780:	80 62       	ori	r24, 0x20	; 32
    1782:	8c 93       	st	X, r24
		CLR_BIT(TCCR1A , 6) ;
    1784:	af e4       	ldi	r26, 0x4F	; 79
    1786:	b0 e0       	ldi	r27, 0x00	; 0
    1788:	ef e4       	ldi	r30, 0x4F	; 79
    178a:	f0 e0       	ldi	r31, 0x00	; 0
    178c:	80 81       	ld	r24, Z
    178e:	8f 7b       	andi	r24, 0xBF	; 191
    1790:	8c 93       	st	X, r24
		SET_BIT(TCCR1A , 7) ;
    1792:	af e4       	ldi	r26, 0x4F	; 79
    1794:	b0 e0       	ldi	r27, 0x00	; 0
    1796:	ef e4       	ldi	r30, 0x4F	; 79
    1798:	f0 e0       	ldi	r31, 0x00	; 0
    179a:	80 81       	ld	r24, Z
    179c:	80 68       	ori	r24, 0x80	; 128
    179e:	8c 93       	st	X, r24
    17a0:	42 c0       	rjmp	.+132    	; 0x1826 <MTimer1_voidInit+0x938>
		break ;
	case  TIMER1_FAST_OCR1A_TOP              :
		SET_BIT(TCCR1A , 0) ;
    17a2:	af e4       	ldi	r26, 0x4F	; 79
    17a4:	b0 e0       	ldi	r27, 0x00	; 0
    17a6:	ef e4       	ldi	r30, 0x4F	; 79
    17a8:	f0 e0       	ldi	r31, 0x00	; 0
    17aa:	80 81       	ld	r24, Z
    17ac:	81 60       	ori	r24, 0x01	; 1
    17ae:	8c 93       	st	X, r24
		SET_BIT(TCCR1A , 1) ;
    17b0:	af e4       	ldi	r26, 0x4F	; 79
    17b2:	b0 e0       	ldi	r27, 0x00	; 0
    17b4:	ef e4       	ldi	r30, 0x4F	; 79
    17b6:	f0 e0       	ldi	r31, 0x00	; 0
    17b8:	80 81       	ld	r24, Z
    17ba:	82 60       	ori	r24, 0x02	; 2
    17bc:	8c 93       	st	X, r24
		SET_BIT(TCCR1B , 3) ;
    17be:	ae e4       	ldi	r26, 0x4E	; 78
    17c0:	b0 e0       	ldi	r27, 0x00	; 0
    17c2:	ee e4       	ldi	r30, 0x4E	; 78
    17c4:	f0 e0       	ldi	r31, 0x00	; 0
    17c6:	80 81       	ld	r24, Z
    17c8:	88 60       	ori	r24, 0x08	; 8
    17ca:	8c 93       	st	X, r24
		SET_BIT(TCCR1B , 4) ;
    17cc:	ae e4       	ldi	r26, 0x4E	; 78
    17ce:	b0 e0       	ldi	r27, 0x00	; 0
    17d0:	ee e4       	ldi	r30, 0x4E	; 78
    17d2:	f0 e0       	ldi	r31, 0x00	; 0
    17d4:	80 81       	ld	r24, Z
    17d6:	80 61       	ori	r24, 0x10	; 16
    17d8:	8c 93       	st	X, r24

		MDIO_voidInitPin(DIO_PORTD, DIO_PIN4, DIO_OUTPUT) ;
    17da:	83 e0       	ldi	r24, 0x03	; 3
    17dc:	64 e0       	ldi	r22, 0x04	; 4
    17de:	41 e0       	ldi	r20, 0x01	; 1
    17e0:	0e 94 00 0f 	call	0x1e00	; 0x1e00 <MDIO_voidInitPin>
		MDIO_voidInitPin(DIO_PORTD, DIO_PIN5, DIO_OUTPUT) ;
    17e4:	83 e0       	ldi	r24, 0x03	; 3
    17e6:	65 e0       	ldi	r22, 0x05	; 5
    17e8:	41 e0       	ldi	r20, 0x01	; 1
    17ea:	0e 94 00 0f 	call	0x1e00	; 0x1e00 <MDIO_voidInitPin>
		CLR_BIT(TCCR1A , 4) ;
    17ee:	af e4       	ldi	r26, 0x4F	; 79
    17f0:	b0 e0       	ldi	r27, 0x00	; 0
    17f2:	ef e4       	ldi	r30, 0x4F	; 79
    17f4:	f0 e0       	ldi	r31, 0x00	; 0
    17f6:	80 81       	ld	r24, Z
    17f8:	8f 7e       	andi	r24, 0xEF	; 239
    17fa:	8c 93       	st	X, r24
		SET_BIT(TCCR1A , 5) ;
    17fc:	af e4       	ldi	r26, 0x4F	; 79
    17fe:	b0 e0       	ldi	r27, 0x00	; 0
    1800:	ef e4       	ldi	r30, 0x4F	; 79
    1802:	f0 e0       	ldi	r31, 0x00	; 0
    1804:	80 81       	ld	r24, Z
    1806:	80 62       	ori	r24, 0x20	; 32
    1808:	8c 93       	st	X, r24
		CLR_BIT(TCCR1A , 6) ;
    180a:	af e4       	ldi	r26, 0x4F	; 79
    180c:	b0 e0       	ldi	r27, 0x00	; 0
    180e:	ef e4       	ldi	r30, 0x4F	; 79
    1810:	f0 e0       	ldi	r31, 0x00	; 0
    1812:	80 81       	ld	r24, Z
    1814:	8f 7b       	andi	r24, 0xBF	; 191
    1816:	8c 93       	st	X, r24
		SET_BIT(TCCR1A , 7) ;
    1818:	af e4       	ldi	r26, 0x4F	; 79
    181a:	b0 e0       	ldi	r27, 0x00	; 0
    181c:	ef e4       	ldi	r30, 0x4F	; 79
    181e:	f0 e0       	ldi	r31, 0x00	; 0
    1820:	80 81       	ld	r24, Z
    1822:	80 68       	ori	r24, 0x80	; 128
    1824:	8c 93       	st	X, r24
		break ;
	}

}
    1826:	27 96       	adiw	r28, 0x07	; 7
    1828:	0f b6       	in	r0, 0x3f	; 63
    182a:	f8 94       	cli
    182c:	de bf       	out	0x3e, r29	; 62
    182e:	0f be       	out	0x3f, r0	; 63
    1830:	cd bf       	out	0x3d, r28	; 61
    1832:	cf 91       	pop	r28
    1834:	df 91       	pop	r29
    1836:	08 95       	ret

00001838 <MTimer1_voidSetDesiredTime>:
void MTimer1_voidSetDesiredTime (u32 A_u32DisiredTimeInMicro , void (*fptr)(void))
{
    1838:	df 93       	push	r29
    183a:	cf 93       	push	r28
    183c:	cd b7       	in	r28, 0x3d	; 61
    183e:	de b7       	in	r29, 0x3e	; 62
    1840:	62 97       	sbiw	r28, 0x12	; 18
    1842:	0f b6       	in	r0, 0x3f	; 63
    1844:	f8 94       	cli
    1846:	de bf       	out	0x3e, r29	; 62
    1848:	0f be       	out	0x3f, r0	; 63
    184a:	cd bf       	out	0x3d, r28	; 61
    184c:	6d 87       	std	Y+13, r22	; 0x0d
    184e:	7e 87       	std	Y+14, r23	; 0x0e
    1850:	8f 87       	std	Y+15, r24	; 0x0f
    1852:	98 8b       	std	Y+16, r25	; 0x10
    1854:	5a 8b       	std	Y+18, r21	; 0x12
    1856:	49 8b       	std	Y+17, r20	; 0x11
	u32 L_u32OverFlowTime = 8192 * G_u32Prescaller ;
    1858:	80 91 9a 01 	lds	r24, 0x019A
    185c:	90 91 9b 01 	lds	r25, 0x019B
    1860:	a0 91 9c 01 	lds	r26, 0x019C
    1864:	b0 91 9d 01 	lds	r27, 0x019D
    1868:	07 2e       	mov	r0, r23
    186a:	7d e0       	ldi	r23, 0x0D	; 13
    186c:	88 0f       	add	r24, r24
    186e:	99 1f       	adc	r25, r25
    1870:	aa 1f       	adc	r26, r26
    1872:	bb 1f       	adc	r27, r27
    1874:	7a 95       	dec	r23
    1876:	d1 f7       	brne	.-12     	; 0x186c <MTimer1_voidSetDesiredTime+0x34>
    1878:	70 2d       	mov	r23, r0
    187a:	89 87       	std	Y+9, r24	; 0x09
    187c:	9a 87       	std	Y+10, r25	; 0x0a
    187e:	ab 87       	std	Y+11, r26	; 0x0b
    1880:	bc 87       	std	Y+12, r27	; 0x0c
	f32 L_f32DesiredOvfCounts =A_u32DisiredTimeInMicro / L_u32OverFlowTime ;
    1882:	8d 85       	ldd	r24, Y+13	; 0x0d
    1884:	9e 85       	ldd	r25, Y+14	; 0x0e
    1886:	af 85       	ldd	r26, Y+15	; 0x0f
    1888:	b8 89       	ldd	r27, Y+16	; 0x10
    188a:	29 85       	ldd	r18, Y+9	; 0x09
    188c:	3a 85       	ldd	r19, Y+10	; 0x0a
    188e:	4b 85       	ldd	r20, Y+11	; 0x0b
    1890:	5c 85       	ldd	r21, Y+12	; 0x0c
    1892:	bc 01       	movw	r22, r24
    1894:	cd 01       	movw	r24, r26
    1896:	0e 94 fe 22 	call	0x45fc	; 0x45fc <__udivmodsi4>
    189a:	da 01       	movw	r26, r20
    189c:	c9 01       	movw	r24, r18
    189e:	bc 01       	movw	r22, r24
    18a0:	cd 01       	movw	r24, r26
    18a2:	0e 94 09 05 	call	0xa12	; 0xa12 <__floatunsisf>
    18a6:	dc 01       	movw	r26, r24
    18a8:	cb 01       	movw	r24, r22
    18aa:	8d 83       	std	Y+5, r24	; 0x05
    18ac:	9e 83       	std	Y+6, r25	; 0x06
    18ae:	af 83       	std	Y+7, r26	; 0x07
    18b0:	b8 87       	std	Y+8, r27	; 0x08
	u32 L_u32PreloadValue ;
	Timer1_ptr = fptr ;
    18b2:	89 89       	ldd	r24, Y+17	; 0x11
    18b4:	9a 89       	ldd	r25, Y+18	; 0x12
    18b6:	90 93 9f 01 	sts	0x019F, r25
    18ba:	80 93 9e 01 	sts	0x019E, r24
	if (L_f32DesiredOvfCounts < 1.0)
    18be:	6d 81       	ldd	r22, Y+5	; 0x05
    18c0:	7e 81       	ldd	r23, Y+6	; 0x06
    18c2:	8f 81       	ldd	r24, Y+7	; 0x07
    18c4:	98 85       	ldd	r25, Y+8	; 0x08
    18c6:	20 e0       	ldi	r18, 0x00	; 0
    18c8:	30 e0       	ldi	r19, 0x00	; 0
    18ca:	40 e8       	ldi	r20, 0x80	; 128
    18cc:	5f e3       	ldi	r21, 0x3F	; 63
    18ce:	0e 94 85 04 	call	0x90a	; 0x90a <__ltsf2>
    18d2:	88 23       	and	r24, r24
    18d4:	9c f5       	brge	.+102    	; 0x193c <MTimer1_voidSetDesiredTime+0x104>
	{
		G_u32Counter = 1 ;
    18d6:	81 e0       	ldi	r24, 0x01	; 1
    18d8:	90 e0       	ldi	r25, 0x00	; 0
    18da:	a0 e0       	ldi	r26, 0x00	; 0
    18dc:	b0 e0       	ldi	r27, 0x00	; 0
    18de:	80 93 a0 01 	sts	0x01A0, r24
    18e2:	90 93 a1 01 	sts	0x01A1, r25
    18e6:	a0 93 a2 01 	sts	0x01A2, r26
    18ea:	b0 93 a3 01 	sts	0x01A3, r27
		L_u32PreloadValue = 65535 - 65535*L_f32DesiredOvfCounts ;
    18ee:	6d 81       	ldd	r22, Y+5	; 0x05
    18f0:	7e 81       	ldd	r23, Y+6	; 0x06
    18f2:	8f 81       	ldd	r24, Y+7	; 0x07
    18f4:	98 85       	ldd	r25, Y+8	; 0x08
    18f6:	20 e0       	ldi	r18, 0x00	; 0
    18f8:	3f ef       	ldi	r19, 0xFF	; 255
    18fa:	4f e7       	ldi	r20, 0x7F	; 127
    18fc:	57 ec       	ldi	r21, 0xC7	; 199
    18fe:	0e 94 1f 02 	call	0x43e	; 0x43e <__mulsf3>
    1902:	dc 01       	movw	r26, r24
    1904:	cb 01       	movw	r24, r22
    1906:	bc 01       	movw	r22, r24
    1908:	cd 01       	movw	r24, r26
    190a:	20 e0       	ldi	r18, 0x00	; 0
    190c:	3f ef       	ldi	r19, 0xFF	; 255
    190e:	4f e7       	ldi	r20, 0x7F	; 127
    1910:	57 e4       	ldi	r21, 0x47	; 71
    1912:	0e 94 f2 01 	call	0x3e4	; 0x3e4 <__addsf3>
    1916:	dc 01       	movw	r26, r24
    1918:	cb 01       	movw	r24, r22
    191a:	bc 01       	movw	r22, r24
    191c:	cd 01       	movw	r24, r26
    191e:	0e 94 49 00 	call	0x92	; 0x92 <__fixunssfsi>
    1922:	dc 01       	movw	r26, r24
    1924:	cb 01       	movw	r24, r22
    1926:	89 83       	std	Y+1, r24	; 0x01
    1928:	9a 83       	std	Y+2, r25	; 0x02
    192a:	ab 83       	std	Y+3, r26	; 0x03
    192c:	bc 83       	std	Y+4, r27	; 0x04
		TCNT1 = L_u32PreloadValue ;
    192e:	ec e4       	ldi	r30, 0x4C	; 76
    1930:	f0 e0       	ldi	r31, 0x00	; 0
    1932:	89 81       	ldd	r24, Y+1	; 0x01
    1934:	9a 81       	ldd	r25, Y+2	; 0x02
    1936:	91 83       	std	Z+1, r25	; 0x01
    1938:	80 83       	st	Z, r24
    193a:	a4 c0       	rjmp	.+328    	; 0x1a84 <MTimer1_voidSetDesiredTime+0x24c>
	}
	else if (L_f32DesiredOvfCounts == 1.0)
    193c:	6d 81       	ldd	r22, Y+5	; 0x05
    193e:	7e 81       	ldd	r23, Y+6	; 0x06
    1940:	8f 81       	ldd	r24, Y+7	; 0x07
    1942:	98 85       	ldd	r25, Y+8	; 0x08
    1944:	20 e0       	ldi	r18, 0x00	; 0
    1946:	30 e0       	ldi	r19, 0x00	; 0
    1948:	40 e8       	ldi	r20, 0x80	; 128
    194a:	5f e3       	ldi	r21, 0x3F	; 63
    194c:	0e 94 c5 03 	call	0x78a	; 0x78a <__eqsf2>
    1950:	88 23       	and	r24, r24
    1952:	69 f4       	brne	.+26     	; 0x196e <MTimer1_voidSetDesiredTime+0x136>
	{
		G_u32Counter = 1 ;
    1954:	81 e0       	ldi	r24, 0x01	; 1
    1956:	90 e0       	ldi	r25, 0x00	; 0
    1958:	a0 e0       	ldi	r26, 0x00	; 0
    195a:	b0 e0       	ldi	r27, 0x00	; 0
    195c:	80 93 a0 01 	sts	0x01A0, r24
    1960:	90 93 a1 01 	sts	0x01A1, r25
    1964:	a0 93 a2 01 	sts	0x01A2, r26
    1968:	b0 93 a3 01 	sts	0x01A3, r27
    196c:	8b c0       	rjmp	.+278    	; 0x1a84 <MTimer1_voidSetDesiredTime+0x24c>
	}
	else if (L_f32DesiredOvfCounts > 1.0)
    196e:	6d 81       	ldd	r22, Y+5	; 0x05
    1970:	7e 81       	ldd	r23, Y+6	; 0x06
    1972:	8f 81       	ldd	r24, Y+7	; 0x07
    1974:	98 85       	ldd	r25, Y+8	; 0x08
    1976:	20 e0       	ldi	r18, 0x00	; 0
    1978:	30 e0       	ldi	r19, 0x00	; 0
    197a:	40 e8       	ldi	r20, 0x80	; 128
    197c:	5f e3       	ldi	r21, 0x3F	; 63
    197e:	0e 94 25 04 	call	0x84a	; 0x84a <__gtsf2>
    1982:	18 16       	cp	r1, r24
    1984:	0c f0       	brlt	.+2      	; 0x1988 <MTimer1_voidSetDesiredTime+0x150>
    1986:	7e c0       	rjmp	.+252    	; 0x1a84 <MTimer1_voidSetDesiredTime+0x24c>
	{
		G_u32Counter = L_f32DesiredOvfCounts ;
    1988:	6d 81       	ldd	r22, Y+5	; 0x05
    198a:	7e 81       	ldd	r23, Y+6	; 0x06
    198c:	8f 81       	ldd	r24, Y+7	; 0x07
    198e:	98 85       	ldd	r25, Y+8	; 0x08
    1990:	0e 94 49 00 	call	0x92	; 0x92 <__fixunssfsi>
    1994:	dc 01       	movw	r26, r24
    1996:	cb 01       	movw	r24, r22
    1998:	80 93 a0 01 	sts	0x01A0, r24
    199c:	90 93 a1 01 	sts	0x01A1, r25
    19a0:	a0 93 a2 01 	sts	0x01A2, r26
    19a4:	b0 93 a3 01 	sts	0x01A3, r27
		if ((L_f32DesiredOvfCounts - (u32)L_f32DesiredOvfCounts) != 0)
    19a8:	6d 81       	ldd	r22, Y+5	; 0x05
    19aa:	7e 81       	ldd	r23, Y+6	; 0x06
    19ac:	8f 81       	ldd	r24, Y+7	; 0x07
    19ae:	98 85       	ldd	r25, Y+8	; 0x08
    19b0:	0e 94 49 00 	call	0x92	; 0x92 <__fixunssfsi>
    19b4:	dc 01       	movw	r26, r24
    19b6:	cb 01       	movw	r24, r22
    19b8:	bc 01       	movw	r22, r24
    19ba:	cd 01       	movw	r24, r26
    19bc:	0e 94 09 05 	call	0xa12	; 0xa12 <__floatunsisf>
    19c0:	9b 01       	movw	r18, r22
    19c2:	ac 01       	movw	r20, r24
    19c4:	6d 81       	ldd	r22, Y+5	; 0x05
    19c6:	7e 81       	ldd	r23, Y+6	; 0x06
    19c8:	8f 81       	ldd	r24, Y+7	; 0x07
    19ca:	98 85       	ldd	r25, Y+8	; 0x08
    19cc:	0e 94 c1 01 	call	0x382	; 0x382 <__subsf3>
    19d0:	dc 01       	movw	r26, r24
    19d2:	cb 01       	movw	r24, r22
    19d4:	bc 01       	movw	r22, r24
    19d6:	cd 01       	movw	r24, r26
    19d8:	20 e0       	ldi	r18, 0x00	; 0
    19da:	30 e0       	ldi	r19, 0x00	; 0
    19dc:	40 e0       	ldi	r20, 0x00	; 0
    19de:	50 e0       	ldi	r21, 0x00	; 0
    19e0:	0e 94 f5 03 	call	0x7ea	; 0x7ea <__nesf2>
    19e4:	88 23       	and	r24, r24
    19e6:	09 f4       	brne	.+2      	; 0x19ea <MTimer1_voidSetDesiredTime+0x1b2>
    19e8:	4d c0       	rjmp	.+154    	; 0x1a84 <MTimer1_voidSetDesiredTime+0x24c>
		{
			G_u32Counter ++ ;
    19ea:	80 91 a0 01 	lds	r24, 0x01A0
    19ee:	90 91 a1 01 	lds	r25, 0x01A1
    19f2:	a0 91 a2 01 	lds	r26, 0x01A2
    19f6:	b0 91 a3 01 	lds	r27, 0x01A3
    19fa:	01 96       	adiw	r24, 0x01	; 1
    19fc:	a1 1d       	adc	r26, r1
    19fe:	b1 1d       	adc	r27, r1
    1a00:	80 93 a0 01 	sts	0x01A0, r24
    1a04:	90 93 a1 01 	sts	0x01A1, r25
    1a08:	a0 93 a2 01 	sts	0x01A2, r26
    1a0c:	b0 93 a3 01 	sts	0x01A3, r27
			L_u32PreloadValue = 65535 - 65535*((L_f32DesiredOvfCounts - (u32)L_f32DesiredOvfCounts)) ;
    1a10:	6d 81       	ldd	r22, Y+5	; 0x05
    1a12:	7e 81       	ldd	r23, Y+6	; 0x06
    1a14:	8f 81       	ldd	r24, Y+7	; 0x07
    1a16:	98 85       	ldd	r25, Y+8	; 0x08
    1a18:	0e 94 49 00 	call	0x92	; 0x92 <__fixunssfsi>
    1a1c:	dc 01       	movw	r26, r24
    1a1e:	cb 01       	movw	r24, r22
    1a20:	bc 01       	movw	r22, r24
    1a22:	cd 01       	movw	r24, r26
    1a24:	0e 94 09 05 	call	0xa12	; 0xa12 <__floatunsisf>
    1a28:	9b 01       	movw	r18, r22
    1a2a:	ac 01       	movw	r20, r24
    1a2c:	6d 81       	ldd	r22, Y+5	; 0x05
    1a2e:	7e 81       	ldd	r23, Y+6	; 0x06
    1a30:	8f 81       	ldd	r24, Y+7	; 0x07
    1a32:	98 85       	ldd	r25, Y+8	; 0x08
    1a34:	0e 94 c1 01 	call	0x382	; 0x382 <__subsf3>
    1a38:	dc 01       	movw	r26, r24
    1a3a:	cb 01       	movw	r24, r22
    1a3c:	bc 01       	movw	r22, r24
    1a3e:	cd 01       	movw	r24, r26
    1a40:	20 e0       	ldi	r18, 0x00	; 0
    1a42:	3f ef       	ldi	r19, 0xFF	; 255
    1a44:	4f e7       	ldi	r20, 0x7F	; 127
    1a46:	57 ec       	ldi	r21, 0xC7	; 199
    1a48:	0e 94 1f 02 	call	0x43e	; 0x43e <__mulsf3>
    1a4c:	dc 01       	movw	r26, r24
    1a4e:	cb 01       	movw	r24, r22
    1a50:	bc 01       	movw	r22, r24
    1a52:	cd 01       	movw	r24, r26
    1a54:	20 e0       	ldi	r18, 0x00	; 0
    1a56:	3f ef       	ldi	r19, 0xFF	; 255
    1a58:	4f e7       	ldi	r20, 0x7F	; 127
    1a5a:	57 e4       	ldi	r21, 0x47	; 71
    1a5c:	0e 94 f2 01 	call	0x3e4	; 0x3e4 <__addsf3>
    1a60:	dc 01       	movw	r26, r24
    1a62:	cb 01       	movw	r24, r22
    1a64:	bc 01       	movw	r22, r24
    1a66:	cd 01       	movw	r24, r26
    1a68:	0e 94 49 00 	call	0x92	; 0x92 <__fixunssfsi>
    1a6c:	dc 01       	movw	r26, r24
    1a6e:	cb 01       	movw	r24, r22
    1a70:	89 83       	std	Y+1, r24	; 0x01
    1a72:	9a 83       	std	Y+2, r25	; 0x02
    1a74:	ab 83       	std	Y+3, r26	; 0x03
    1a76:	bc 83       	std	Y+4, r27	; 0x04
			TCNT1 = L_u32PreloadValue ;
    1a78:	ec e4       	ldi	r30, 0x4C	; 76
    1a7a:	f0 e0       	ldi	r31, 0x00	; 0
    1a7c:	89 81       	ldd	r24, Y+1	; 0x01
    1a7e:	9a 81       	ldd	r25, Y+2	; 0x02
    1a80:	91 83       	std	Z+1, r25	; 0x01
    1a82:	80 83       	st	Z, r24
		}
	}
}
    1a84:	62 96       	adiw	r28, 0x12	; 18
    1a86:	0f b6       	in	r0, 0x3f	; 63
    1a88:	f8 94       	cli
    1a8a:	de bf       	out	0x3e, r29	; 62
    1a8c:	0f be       	out	0x3f, r0	; 63
    1a8e:	cd bf       	out	0x3d, r28	; 61
    1a90:	cf 91       	pop	r28
    1a92:	df 91       	pop	r29
    1a94:	08 95       	ret

00001a96 <MTimer1_voidGenetatePWMA>:
void MTimer1_voidGenetatePWMA (u8 A_u8CompareValue)
{
    1a96:	df 93       	push	r29
    1a98:	cf 93       	push	r28
    1a9a:	0f 92       	push	r0
    1a9c:	cd b7       	in	r28, 0x3d	; 61
    1a9e:	de b7       	in	r29, 0x3e	; 62
    1aa0:	89 83       	std	Y+1, r24	; 0x01
	OCR1A = A_u8CompareValue ;
    1aa2:	ea e4       	ldi	r30, 0x4A	; 74
    1aa4:	f0 e0       	ldi	r31, 0x00	; 0
    1aa6:	89 81       	ldd	r24, Y+1	; 0x01
    1aa8:	88 2f       	mov	r24, r24
    1aaa:	90 e0       	ldi	r25, 0x00	; 0
    1aac:	91 83       	std	Z+1, r25	; 0x01
    1aae:	80 83       	st	Z, r24
}
    1ab0:	0f 90       	pop	r0
    1ab2:	cf 91       	pop	r28
    1ab4:	df 91       	pop	r29
    1ab6:	08 95       	ret

00001ab8 <MTimer1_voidGenetatePWMB>:
void MTimer1_voidGenetatePWMB (u8 A_u8CompareValue)
{
    1ab8:	df 93       	push	r29
    1aba:	cf 93       	push	r28
    1abc:	0f 92       	push	r0
    1abe:	cd b7       	in	r28, 0x3d	; 61
    1ac0:	de b7       	in	r29, 0x3e	; 62
    1ac2:	89 83       	std	Y+1, r24	; 0x01
	OCR1B = A_u8CompareValue ;
    1ac4:	e8 e4       	ldi	r30, 0x48	; 72
    1ac6:	f0 e0       	ldi	r31, 0x00	; 0
    1ac8:	89 81       	ldd	r24, Y+1	; 0x01
    1aca:	88 2f       	mov	r24, r24
    1acc:	90 e0       	ldi	r25, 0x00	; 0
    1ace:	91 83       	std	Z+1, r25	; 0x01
    1ad0:	80 83       	st	Z, r24
}
    1ad2:	0f 90       	pop	r0
    1ad4:	cf 91       	pop	r28
    1ad6:	df 91       	pop	r29
    1ad8:	08 95       	ret

00001ada <MTimer1_u32CalcTonCounts>:
u32 MTimer1_u32CalcTonCounts (void)
{
    1ada:	ef 92       	push	r14
    1adc:	ff 92       	push	r15
    1ade:	0f 93       	push	r16
    1ae0:	1f 93       	push	r17
    1ae2:	df 93       	push	r29
    1ae4:	cf 93       	push	r28
    1ae6:	cd b7       	in	r28, 0x3d	; 61
    1ae8:	de b7       	in	r29, 0x3e	; 62
    1aea:	2c 97       	sbiw	r28, 0x0c	; 12
    1aec:	0f b6       	in	r0, 0x3f	; 63
    1aee:	f8 94       	cli
    1af0:	de bf       	out	0x3e, r29	; 62
    1af2:	0f be       	out	0x3f, r0	; 63
    1af4:	cd bf       	out	0x3d, r28	; 61
	u32 L_u32CountsForFirstRising ;
	u32 L_u32CountsForFirstFailling ;
	u32 L_u32CountsForTon ;
	SET_BIT(TCCR1B , 7) ;
    1af6:	ae e4       	ldi	r26, 0x4E	; 78
    1af8:	b0 e0       	ldi	r27, 0x00	; 0
    1afa:	ee e4       	ldi	r30, 0x4E	; 78
    1afc:	f0 e0       	ldi	r31, 0x00	; 0
    1afe:	80 81       	ld	r24, Z
    1b00:	80 68       	ori	r24, 0x80	; 128
    1b02:	8c 93       	st	X, r24
	SET_BIT(TCCR1B , 6) ;
    1b04:	ae e4       	ldi	r26, 0x4E	; 78
    1b06:	b0 e0       	ldi	r27, 0x00	; 0
    1b08:	ee e4       	ldi	r30, 0x4E	; 78
    1b0a:	f0 e0       	ldi	r31, 0x00	; 0
    1b0c:	80 81       	ld	r24, Z
    1b0e:	80 64       	ori	r24, 0x40	; 64
    1b10:	8c 93       	st	X, r24
	while (READ_BIT(TIFR , 5) == 0) ;
    1b12:	e8 e5       	ldi	r30, 0x58	; 88
    1b14:	f0 e0       	ldi	r31, 0x00	; 0
    1b16:	80 81       	ld	r24, Z
    1b18:	88 2f       	mov	r24, r24
    1b1a:	90 e0       	ldi	r25, 0x00	; 0
    1b1c:	80 72       	andi	r24, 0x20	; 32
    1b1e:	90 70       	andi	r25, 0x00	; 0
    1b20:	95 95       	asr	r25
    1b22:	87 95       	ror	r24
    1b24:	95 95       	asr	r25
    1b26:	87 95       	ror	r24
    1b28:	95 95       	asr	r25
    1b2a:	87 95       	ror	r24
    1b2c:	95 95       	asr	r25
    1b2e:	87 95       	ror	r24
    1b30:	95 95       	asr	r25
    1b32:	87 95       	ror	r24
    1b34:	00 97       	sbiw	r24, 0x00	; 0
    1b36:	69 f3       	breq	.-38     	; 0x1b12 <MTimer1_u32CalcTonCounts+0x38>
	SET_BIT(TIFR , 5) ;
    1b38:	a8 e5       	ldi	r26, 0x58	; 88
    1b3a:	b0 e0       	ldi	r27, 0x00	; 0
    1b3c:	e8 e5       	ldi	r30, 0x58	; 88
    1b3e:	f0 e0       	ldi	r31, 0x00	; 0
    1b40:	80 81       	ld	r24, Z
    1b42:	80 62       	ori	r24, 0x20	; 32
    1b44:	8c 93       	st	X, r24
	L_u32CountsForFirstRising = ICR1 ;
    1b46:	e6 e4       	ldi	r30, 0x46	; 70
    1b48:	f0 e0       	ldi	r31, 0x00	; 0
    1b4a:	80 81       	ld	r24, Z
    1b4c:	91 81       	ldd	r25, Z+1	; 0x01
    1b4e:	cc 01       	movw	r24, r24
    1b50:	a0 e0       	ldi	r26, 0x00	; 0
    1b52:	b0 e0       	ldi	r27, 0x00	; 0
    1b54:	89 87       	std	Y+9, r24	; 0x09
    1b56:	9a 87       	std	Y+10, r25	; 0x0a
    1b58:	ab 87       	std	Y+11, r26	; 0x0b
    1b5a:	bc 87       	std	Y+12, r27	; 0x0c

	SET_BIT(TCCR1B , 7) ;
    1b5c:	ae e4       	ldi	r26, 0x4E	; 78
    1b5e:	b0 e0       	ldi	r27, 0x00	; 0
    1b60:	ee e4       	ldi	r30, 0x4E	; 78
    1b62:	f0 e0       	ldi	r31, 0x00	; 0
    1b64:	80 81       	ld	r24, Z
    1b66:	80 68       	ori	r24, 0x80	; 128
    1b68:	8c 93       	st	X, r24
	CLR_BIT(TCCR1B , 6) ;
    1b6a:	ae e4       	ldi	r26, 0x4E	; 78
    1b6c:	b0 e0       	ldi	r27, 0x00	; 0
    1b6e:	ee e4       	ldi	r30, 0x4E	; 78
    1b70:	f0 e0       	ldi	r31, 0x00	; 0
    1b72:	80 81       	ld	r24, Z
    1b74:	8f 7b       	andi	r24, 0xBF	; 191
    1b76:	8c 93       	st	X, r24
	while (READ_BIT(TIFR , 5) == 0) ;
    1b78:	e8 e5       	ldi	r30, 0x58	; 88
    1b7a:	f0 e0       	ldi	r31, 0x00	; 0
    1b7c:	80 81       	ld	r24, Z
    1b7e:	88 2f       	mov	r24, r24
    1b80:	90 e0       	ldi	r25, 0x00	; 0
    1b82:	80 72       	andi	r24, 0x20	; 32
    1b84:	90 70       	andi	r25, 0x00	; 0
    1b86:	95 95       	asr	r25
    1b88:	87 95       	ror	r24
    1b8a:	95 95       	asr	r25
    1b8c:	87 95       	ror	r24
    1b8e:	95 95       	asr	r25
    1b90:	87 95       	ror	r24
    1b92:	95 95       	asr	r25
    1b94:	87 95       	ror	r24
    1b96:	95 95       	asr	r25
    1b98:	87 95       	ror	r24
    1b9a:	00 97       	sbiw	r24, 0x00	; 0
    1b9c:	69 f3       	breq	.-38     	; 0x1b78 <MTimer1_u32CalcTonCounts+0x9e>
	SET_BIT(TIFR , 5) ;
    1b9e:	a8 e5       	ldi	r26, 0x58	; 88
    1ba0:	b0 e0       	ldi	r27, 0x00	; 0
    1ba2:	e8 e5       	ldi	r30, 0x58	; 88
    1ba4:	f0 e0       	ldi	r31, 0x00	; 0
    1ba6:	80 81       	ld	r24, Z
    1ba8:	80 62       	ori	r24, 0x20	; 32
    1baa:	8c 93       	st	X, r24
	L_u32CountsForFirstFailling = ICR1 ;
    1bac:	e6 e4       	ldi	r30, 0x46	; 70
    1bae:	f0 e0       	ldi	r31, 0x00	; 0
    1bb0:	80 81       	ld	r24, Z
    1bb2:	91 81       	ldd	r25, Z+1	; 0x01
    1bb4:	cc 01       	movw	r24, r24
    1bb6:	a0 e0       	ldi	r26, 0x00	; 0
    1bb8:	b0 e0       	ldi	r27, 0x00	; 0
    1bba:	8d 83       	std	Y+5, r24	; 0x05
    1bbc:	9e 83       	std	Y+6, r25	; 0x06
    1bbe:	af 83       	std	Y+7, r26	; 0x07
    1bc0:	b8 87       	std	Y+8, r27	; 0x08
	L_u32CountsForTon = L_u32CountsForFirstFailling - L_u32CountsForFirstRising ;
    1bc2:	2d 81       	ldd	r18, Y+5	; 0x05
    1bc4:	3e 81       	ldd	r19, Y+6	; 0x06
    1bc6:	4f 81       	ldd	r20, Y+7	; 0x07
    1bc8:	58 85       	ldd	r21, Y+8	; 0x08
    1bca:	89 85       	ldd	r24, Y+9	; 0x09
    1bcc:	9a 85       	ldd	r25, Y+10	; 0x0a
    1bce:	ab 85       	ldd	r26, Y+11	; 0x0b
    1bd0:	bc 85       	ldd	r27, Y+12	; 0x0c
    1bd2:	79 01       	movw	r14, r18
    1bd4:	8a 01       	movw	r16, r20
    1bd6:	e8 1a       	sub	r14, r24
    1bd8:	f9 0a       	sbc	r15, r25
    1bda:	0a 0b       	sbc	r16, r26
    1bdc:	1b 0b       	sbc	r17, r27
    1bde:	d8 01       	movw	r26, r16
    1be0:	c7 01       	movw	r24, r14
    1be2:	89 83       	std	Y+1, r24	; 0x01
    1be4:	9a 83       	std	Y+2, r25	; 0x02
    1be6:	ab 83       	std	Y+3, r26	; 0x03
    1be8:	bc 83       	std	Y+4, r27	; 0x04
	return L_u32CountsForTon ;
    1bea:	89 81       	ldd	r24, Y+1	; 0x01
    1bec:	9a 81       	ldd	r25, Y+2	; 0x02
    1bee:	ab 81       	ldd	r26, Y+3	; 0x03
    1bf0:	bc 81       	ldd	r27, Y+4	; 0x04
}
    1bf2:	bc 01       	movw	r22, r24
    1bf4:	cd 01       	movw	r24, r26
    1bf6:	2c 96       	adiw	r28, 0x0c	; 12
    1bf8:	0f b6       	in	r0, 0x3f	; 63
    1bfa:	f8 94       	cli
    1bfc:	de bf       	out	0x3e, r29	; 62
    1bfe:	0f be       	out	0x3f, r0	; 63
    1c00:	cd bf       	out	0x3d, r28	; 61
    1c02:	cf 91       	pop	r28
    1c04:	df 91       	pop	r29
    1c06:	1f 91       	pop	r17
    1c08:	0f 91       	pop	r16
    1c0a:	ff 90       	pop	r15
    1c0c:	ef 90       	pop	r14
    1c0e:	08 95       	ret

00001c10 <MTimer1_u32CalcToffCounts>:
u32 MTimer1_u32CalcToffCounts (void)
{
    1c10:	ef 92       	push	r14
    1c12:	ff 92       	push	r15
    1c14:	0f 93       	push	r16
    1c16:	1f 93       	push	r17
    1c18:	df 93       	push	r29
    1c1a:	cf 93       	push	r28
    1c1c:	cd b7       	in	r28, 0x3d	; 61
    1c1e:	de b7       	in	r29, 0x3e	; 62
    1c20:	2c 97       	sbiw	r28, 0x0c	; 12
    1c22:	0f b6       	in	r0, 0x3f	; 63
    1c24:	f8 94       	cli
    1c26:	de bf       	out	0x3e, r29	; 62
    1c28:	0f be       	out	0x3f, r0	; 63
    1c2a:	cd bf       	out	0x3d, r28	; 61
	u32 L_u32CountsForFirstRising ;
	u32 L_u32CountsForFirstFailling ;
	u32 L_u32CountsForToff ;
	SET_BIT(TCCR1B , 7) ;
    1c2c:	ae e4       	ldi	r26, 0x4E	; 78
    1c2e:	b0 e0       	ldi	r27, 0x00	; 0
    1c30:	ee e4       	ldi	r30, 0x4E	; 78
    1c32:	f0 e0       	ldi	r31, 0x00	; 0
    1c34:	80 81       	ld	r24, Z
    1c36:	80 68       	ori	r24, 0x80	; 128
    1c38:	8c 93       	st	X, r24
	CLR_BIT(TCCR1B , 6) ;
    1c3a:	ae e4       	ldi	r26, 0x4E	; 78
    1c3c:	b0 e0       	ldi	r27, 0x00	; 0
    1c3e:	ee e4       	ldi	r30, 0x4E	; 78
    1c40:	f0 e0       	ldi	r31, 0x00	; 0
    1c42:	80 81       	ld	r24, Z
    1c44:	8f 7b       	andi	r24, 0xBF	; 191
    1c46:	8c 93       	st	X, r24
	while (READ_BIT(TIFR , 5) == 0) ;
    1c48:	e8 e5       	ldi	r30, 0x58	; 88
    1c4a:	f0 e0       	ldi	r31, 0x00	; 0
    1c4c:	80 81       	ld	r24, Z
    1c4e:	88 2f       	mov	r24, r24
    1c50:	90 e0       	ldi	r25, 0x00	; 0
    1c52:	80 72       	andi	r24, 0x20	; 32
    1c54:	90 70       	andi	r25, 0x00	; 0
    1c56:	95 95       	asr	r25
    1c58:	87 95       	ror	r24
    1c5a:	95 95       	asr	r25
    1c5c:	87 95       	ror	r24
    1c5e:	95 95       	asr	r25
    1c60:	87 95       	ror	r24
    1c62:	95 95       	asr	r25
    1c64:	87 95       	ror	r24
    1c66:	95 95       	asr	r25
    1c68:	87 95       	ror	r24
    1c6a:	00 97       	sbiw	r24, 0x00	; 0
    1c6c:	69 f3       	breq	.-38     	; 0x1c48 <MTimer1_u32CalcToffCounts+0x38>
	SET_BIT(TIFR , 5) ;
    1c6e:	a8 e5       	ldi	r26, 0x58	; 88
    1c70:	b0 e0       	ldi	r27, 0x00	; 0
    1c72:	e8 e5       	ldi	r30, 0x58	; 88
    1c74:	f0 e0       	ldi	r31, 0x00	; 0
    1c76:	80 81       	ld	r24, Z
    1c78:	80 62       	ori	r24, 0x20	; 32
    1c7a:	8c 93       	st	X, r24
	L_u32CountsForFirstFailling = ICR1 ;
    1c7c:	e6 e4       	ldi	r30, 0x46	; 70
    1c7e:	f0 e0       	ldi	r31, 0x00	; 0
    1c80:	80 81       	ld	r24, Z
    1c82:	91 81       	ldd	r25, Z+1	; 0x01
    1c84:	cc 01       	movw	r24, r24
    1c86:	a0 e0       	ldi	r26, 0x00	; 0
    1c88:	b0 e0       	ldi	r27, 0x00	; 0
    1c8a:	8d 83       	std	Y+5, r24	; 0x05
    1c8c:	9e 83       	std	Y+6, r25	; 0x06
    1c8e:	af 83       	std	Y+7, r26	; 0x07
    1c90:	b8 87       	std	Y+8, r27	; 0x08

	SET_BIT(TCCR1B , 7) ;
    1c92:	ae e4       	ldi	r26, 0x4E	; 78
    1c94:	b0 e0       	ldi	r27, 0x00	; 0
    1c96:	ee e4       	ldi	r30, 0x4E	; 78
    1c98:	f0 e0       	ldi	r31, 0x00	; 0
    1c9a:	80 81       	ld	r24, Z
    1c9c:	80 68       	ori	r24, 0x80	; 128
    1c9e:	8c 93       	st	X, r24
	SET_BIT(TCCR1B , 6) ;
    1ca0:	ae e4       	ldi	r26, 0x4E	; 78
    1ca2:	b0 e0       	ldi	r27, 0x00	; 0
    1ca4:	ee e4       	ldi	r30, 0x4E	; 78
    1ca6:	f0 e0       	ldi	r31, 0x00	; 0
    1ca8:	80 81       	ld	r24, Z
    1caa:	80 64       	ori	r24, 0x40	; 64
    1cac:	8c 93       	st	X, r24
	while (READ_BIT(TIFR , 5) == 0) ;
    1cae:	e8 e5       	ldi	r30, 0x58	; 88
    1cb0:	f0 e0       	ldi	r31, 0x00	; 0
    1cb2:	80 81       	ld	r24, Z
    1cb4:	88 2f       	mov	r24, r24
    1cb6:	90 e0       	ldi	r25, 0x00	; 0
    1cb8:	80 72       	andi	r24, 0x20	; 32
    1cba:	90 70       	andi	r25, 0x00	; 0
    1cbc:	95 95       	asr	r25
    1cbe:	87 95       	ror	r24
    1cc0:	95 95       	asr	r25
    1cc2:	87 95       	ror	r24
    1cc4:	95 95       	asr	r25
    1cc6:	87 95       	ror	r24
    1cc8:	95 95       	asr	r25
    1cca:	87 95       	ror	r24
    1ccc:	95 95       	asr	r25
    1cce:	87 95       	ror	r24
    1cd0:	00 97       	sbiw	r24, 0x00	; 0
    1cd2:	69 f3       	breq	.-38     	; 0x1cae <MTimer1_u32CalcToffCounts+0x9e>
	SET_BIT(TIFR , 5) ;
    1cd4:	a8 e5       	ldi	r26, 0x58	; 88
    1cd6:	b0 e0       	ldi	r27, 0x00	; 0
    1cd8:	e8 e5       	ldi	r30, 0x58	; 88
    1cda:	f0 e0       	ldi	r31, 0x00	; 0
    1cdc:	80 81       	ld	r24, Z
    1cde:	80 62       	ori	r24, 0x20	; 32
    1ce0:	8c 93       	st	X, r24
	L_u32CountsForFirstRising = ICR1 ;
    1ce2:	e6 e4       	ldi	r30, 0x46	; 70
    1ce4:	f0 e0       	ldi	r31, 0x00	; 0
    1ce6:	80 81       	ld	r24, Z
    1ce8:	91 81       	ldd	r25, Z+1	; 0x01
    1cea:	cc 01       	movw	r24, r24
    1cec:	a0 e0       	ldi	r26, 0x00	; 0
    1cee:	b0 e0       	ldi	r27, 0x00	; 0
    1cf0:	89 87       	std	Y+9, r24	; 0x09
    1cf2:	9a 87       	std	Y+10, r25	; 0x0a
    1cf4:	ab 87       	std	Y+11, r26	; 0x0b
    1cf6:	bc 87       	std	Y+12, r27	; 0x0c
	L_u32CountsForToff = L_u32CountsForFirstRising - L_u32CountsForFirstFailling ;
    1cf8:	29 85       	ldd	r18, Y+9	; 0x09
    1cfa:	3a 85       	ldd	r19, Y+10	; 0x0a
    1cfc:	4b 85       	ldd	r20, Y+11	; 0x0b
    1cfe:	5c 85       	ldd	r21, Y+12	; 0x0c
    1d00:	8d 81       	ldd	r24, Y+5	; 0x05
    1d02:	9e 81       	ldd	r25, Y+6	; 0x06
    1d04:	af 81       	ldd	r26, Y+7	; 0x07
    1d06:	b8 85       	ldd	r27, Y+8	; 0x08
    1d08:	79 01       	movw	r14, r18
    1d0a:	8a 01       	movw	r16, r20
    1d0c:	e8 1a       	sub	r14, r24
    1d0e:	f9 0a       	sbc	r15, r25
    1d10:	0a 0b       	sbc	r16, r26
    1d12:	1b 0b       	sbc	r17, r27
    1d14:	d8 01       	movw	r26, r16
    1d16:	c7 01       	movw	r24, r14
    1d18:	89 83       	std	Y+1, r24	; 0x01
    1d1a:	9a 83       	std	Y+2, r25	; 0x02
    1d1c:	ab 83       	std	Y+3, r26	; 0x03
    1d1e:	bc 83       	std	Y+4, r27	; 0x04
	return L_u32CountsForToff ;
    1d20:	89 81       	ldd	r24, Y+1	; 0x01
    1d22:	9a 81       	ldd	r25, Y+2	; 0x02
    1d24:	ab 81       	ldd	r26, Y+3	; 0x03
    1d26:	bc 81       	ldd	r27, Y+4	; 0x04
}
    1d28:	bc 01       	movw	r22, r24
    1d2a:	cd 01       	movw	r24, r26
    1d2c:	2c 96       	adiw	r28, 0x0c	; 12
    1d2e:	0f b6       	in	r0, 0x3f	; 63
    1d30:	f8 94       	cli
    1d32:	de bf       	out	0x3e, r29	; 62
    1d34:	0f be       	out	0x3f, r0	; 63
    1d36:	cd bf       	out	0x3d, r28	; 61
    1d38:	cf 91       	pop	r28
    1d3a:	df 91       	pop	r29
    1d3c:	1f 91       	pop	r17
    1d3e:	0f 91       	pop	r16
    1d40:	ff 90       	pop	r15
    1d42:	ef 90       	pop	r14
    1d44:	08 95       	ret

00001d46 <__vector_9>:
void __vector_9 (void)__attribute__((signal)) ;
void __vector_9 (void)
{
    1d46:	1f 92       	push	r1
    1d48:	0f 92       	push	r0
    1d4a:	0f b6       	in	r0, 0x3f	; 63
    1d4c:	0f 92       	push	r0
    1d4e:	11 24       	eor	r1, r1
    1d50:	2f 93       	push	r18
    1d52:	3f 93       	push	r19
    1d54:	4f 93       	push	r20
    1d56:	5f 93       	push	r21
    1d58:	6f 93       	push	r22
    1d5a:	7f 93       	push	r23
    1d5c:	8f 93       	push	r24
    1d5e:	9f 93       	push	r25
    1d60:	af 93       	push	r26
    1d62:	bf 93       	push	r27
    1d64:	ef 93       	push	r30
    1d66:	ff 93       	push	r31
    1d68:	df 93       	push	r29
    1d6a:	cf 93       	push	r28
    1d6c:	cd b7       	in	r28, 0x3d	; 61
    1d6e:	de b7       	in	r29, 0x3e	; 62
	static u32 L_u32Counter = 0 ;
	L_u32Counter ++ ;
    1d70:	80 91 96 01 	lds	r24, 0x0196
    1d74:	90 91 97 01 	lds	r25, 0x0197
    1d78:	a0 91 98 01 	lds	r26, 0x0198
    1d7c:	b0 91 99 01 	lds	r27, 0x0199
    1d80:	01 96       	adiw	r24, 0x01	; 1
    1d82:	a1 1d       	adc	r26, r1
    1d84:	b1 1d       	adc	r27, r1
    1d86:	80 93 96 01 	sts	0x0196, r24
    1d8a:	90 93 97 01 	sts	0x0197, r25
    1d8e:	a0 93 98 01 	sts	0x0198, r26
    1d92:	b0 93 99 01 	sts	0x0199, r27
	if (L_u32Counter == G_u32Counter)
    1d96:	20 91 96 01 	lds	r18, 0x0196
    1d9a:	30 91 97 01 	lds	r19, 0x0197
    1d9e:	40 91 98 01 	lds	r20, 0x0198
    1da2:	50 91 99 01 	lds	r21, 0x0199
    1da6:	80 91 a0 01 	lds	r24, 0x01A0
    1daa:	90 91 a1 01 	lds	r25, 0x01A1
    1dae:	a0 91 a2 01 	lds	r26, 0x01A2
    1db2:	b0 91 a3 01 	lds	r27, 0x01A3
    1db6:	28 17       	cp	r18, r24
    1db8:	39 07       	cpc	r19, r25
    1dba:	4a 07       	cpc	r20, r26
    1dbc:	5b 07       	cpc	r21, r27
    1dbe:	69 f4       	brne	.+26     	; 0x1dda <__vector_9+0x94>
	{
		Timer1_ptr () ;
    1dc0:	e0 91 9e 01 	lds	r30, 0x019E
    1dc4:	f0 91 9f 01 	lds	r31, 0x019F
    1dc8:	09 95       	icall
		L_u32Counter = 0 ;
    1dca:	10 92 96 01 	sts	0x0196, r1
    1dce:	10 92 97 01 	sts	0x0197, r1
    1dd2:	10 92 98 01 	sts	0x0198, r1
    1dd6:	10 92 99 01 	sts	0x0199, r1
	}
}
    1dda:	cf 91       	pop	r28
    1ddc:	df 91       	pop	r29
    1dde:	ff 91       	pop	r31
    1de0:	ef 91       	pop	r30
    1de2:	bf 91       	pop	r27
    1de4:	af 91       	pop	r26
    1de6:	9f 91       	pop	r25
    1de8:	8f 91       	pop	r24
    1dea:	7f 91       	pop	r23
    1dec:	6f 91       	pop	r22
    1dee:	5f 91       	pop	r21
    1df0:	4f 91       	pop	r20
    1df2:	3f 91       	pop	r19
    1df4:	2f 91       	pop	r18
    1df6:	0f 90       	pop	r0
    1df8:	0f be       	out	0x3f, r0	; 63
    1dfa:	0f 90       	pop	r0
    1dfc:	1f 90       	pop	r1
    1dfe:	18 95       	reti

00001e00 <MDIO_voidInitPin>:

#include "DIO.h"


void MDIO_voidInitPin      (u8 A_u8PortName , u8 A_u8PinNumber , u8 A_u8PinMode)
{
    1e00:	df 93       	push	r29
    1e02:	cf 93       	push	r28
    1e04:	00 d0       	rcall	.+0      	; 0x1e06 <MDIO_voidInitPin+0x6>
    1e06:	00 d0       	rcall	.+0      	; 0x1e08 <MDIO_voidInitPin+0x8>
    1e08:	0f 92       	push	r0
    1e0a:	cd b7       	in	r28, 0x3d	; 61
    1e0c:	de b7       	in	r29, 0x3e	; 62
    1e0e:	89 83       	std	Y+1, r24	; 0x01
    1e10:	6a 83       	std	Y+2, r22	; 0x02
    1e12:	4b 83       	std	Y+3, r20	; 0x03
	switch (A_u8PortName)
    1e14:	89 81       	ldd	r24, Y+1	; 0x01
    1e16:	28 2f       	mov	r18, r24
    1e18:	30 e0       	ldi	r19, 0x00	; 0
    1e1a:	3d 83       	std	Y+5, r19	; 0x05
    1e1c:	2c 83       	std	Y+4, r18	; 0x04
    1e1e:	8c 81       	ldd	r24, Y+4	; 0x04
    1e20:	9d 81       	ldd	r25, Y+5	; 0x05
    1e22:	81 30       	cpi	r24, 0x01	; 1
    1e24:	91 05       	cpc	r25, r1
    1e26:	09 f4       	brne	.+2      	; 0x1e2a <MDIO_voidInitPin+0x2a>
    1e28:	47 c0       	rjmp	.+142    	; 0x1eb8 <MDIO_voidInitPin+0xb8>
    1e2a:	2c 81       	ldd	r18, Y+4	; 0x04
    1e2c:	3d 81       	ldd	r19, Y+5	; 0x05
    1e2e:	22 30       	cpi	r18, 0x02	; 2
    1e30:	31 05       	cpc	r19, r1
    1e32:	2c f4       	brge	.+10     	; 0x1e3e <MDIO_voidInitPin+0x3e>
    1e34:	8c 81       	ldd	r24, Y+4	; 0x04
    1e36:	9d 81       	ldd	r25, Y+5	; 0x05
    1e38:	00 97       	sbiw	r24, 0x00	; 0
    1e3a:	71 f0       	breq	.+28     	; 0x1e58 <MDIO_voidInitPin+0x58>
    1e3c:	cb c0       	rjmp	.+406    	; 0x1fd4 <MDIO_voidInitPin+0x1d4>
    1e3e:	2c 81       	ldd	r18, Y+4	; 0x04
    1e40:	3d 81       	ldd	r19, Y+5	; 0x05
    1e42:	22 30       	cpi	r18, 0x02	; 2
    1e44:	31 05       	cpc	r19, r1
    1e46:	09 f4       	brne	.+2      	; 0x1e4a <MDIO_voidInitPin+0x4a>
    1e48:	67 c0       	rjmp	.+206    	; 0x1f18 <MDIO_voidInitPin+0x118>
    1e4a:	8c 81       	ldd	r24, Y+4	; 0x04
    1e4c:	9d 81       	ldd	r25, Y+5	; 0x05
    1e4e:	83 30       	cpi	r24, 0x03	; 3
    1e50:	91 05       	cpc	r25, r1
    1e52:	09 f4       	brne	.+2      	; 0x1e56 <MDIO_voidInitPin+0x56>
    1e54:	91 c0       	rjmp	.+290    	; 0x1f78 <MDIO_voidInitPin+0x178>
    1e56:	be c0       	rjmp	.+380    	; 0x1fd4 <MDIO_voidInitPin+0x1d4>
	{
	case DIO_PORTA :
		if (A_u8PinMode == DIO_INPUT)
    1e58:	8b 81       	ldd	r24, Y+3	; 0x03
    1e5a:	88 23       	and	r24, r24
    1e5c:	a9 f4       	brne	.+42     	; 0x1e88 <MDIO_voidInitPin+0x88>
		{
			CLR_BIT(DDRA , A_u8PinNumber) ;
    1e5e:	aa e3       	ldi	r26, 0x3A	; 58
    1e60:	b0 e0       	ldi	r27, 0x00	; 0
    1e62:	ea e3       	ldi	r30, 0x3A	; 58
    1e64:	f0 e0       	ldi	r31, 0x00	; 0
    1e66:	80 81       	ld	r24, Z
    1e68:	48 2f       	mov	r20, r24
    1e6a:	8a 81       	ldd	r24, Y+2	; 0x02
    1e6c:	28 2f       	mov	r18, r24
    1e6e:	30 e0       	ldi	r19, 0x00	; 0
    1e70:	81 e0       	ldi	r24, 0x01	; 1
    1e72:	90 e0       	ldi	r25, 0x00	; 0
    1e74:	02 2e       	mov	r0, r18
    1e76:	02 c0       	rjmp	.+4      	; 0x1e7c <MDIO_voidInitPin+0x7c>
    1e78:	88 0f       	add	r24, r24
    1e7a:	99 1f       	adc	r25, r25
    1e7c:	0a 94       	dec	r0
    1e7e:	e2 f7       	brpl	.-8      	; 0x1e78 <MDIO_voidInitPin+0x78>
    1e80:	80 95       	com	r24
    1e82:	84 23       	and	r24, r20
    1e84:	8c 93       	st	X, r24
    1e86:	a6 c0       	rjmp	.+332    	; 0x1fd4 <MDIO_voidInitPin+0x1d4>
		}
		else if (A_u8PinMode == DIO_OUTPUT)
    1e88:	8b 81       	ldd	r24, Y+3	; 0x03
    1e8a:	81 30       	cpi	r24, 0x01	; 1
    1e8c:	09 f0       	breq	.+2      	; 0x1e90 <MDIO_voidInitPin+0x90>
    1e8e:	a2 c0       	rjmp	.+324    	; 0x1fd4 <MDIO_voidInitPin+0x1d4>
		{
			SET_BIT(DDRA , A_u8PinNumber) ;
    1e90:	aa e3       	ldi	r26, 0x3A	; 58
    1e92:	b0 e0       	ldi	r27, 0x00	; 0
    1e94:	ea e3       	ldi	r30, 0x3A	; 58
    1e96:	f0 e0       	ldi	r31, 0x00	; 0
    1e98:	80 81       	ld	r24, Z
    1e9a:	48 2f       	mov	r20, r24
    1e9c:	8a 81       	ldd	r24, Y+2	; 0x02
    1e9e:	28 2f       	mov	r18, r24
    1ea0:	30 e0       	ldi	r19, 0x00	; 0
    1ea2:	81 e0       	ldi	r24, 0x01	; 1
    1ea4:	90 e0       	ldi	r25, 0x00	; 0
    1ea6:	02 2e       	mov	r0, r18
    1ea8:	02 c0       	rjmp	.+4      	; 0x1eae <MDIO_voidInitPin+0xae>
    1eaa:	88 0f       	add	r24, r24
    1eac:	99 1f       	adc	r25, r25
    1eae:	0a 94       	dec	r0
    1eb0:	e2 f7       	brpl	.-8      	; 0x1eaa <MDIO_voidInitPin+0xaa>
    1eb2:	84 2b       	or	r24, r20
    1eb4:	8c 93       	st	X, r24
    1eb6:	8e c0       	rjmp	.+284    	; 0x1fd4 <MDIO_voidInitPin+0x1d4>
		}
		break ;
	case DIO_PORTB :
		if (A_u8PinMode == DIO_INPUT)
    1eb8:	8b 81       	ldd	r24, Y+3	; 0x03
    1eba:	88 23       	and	r24, r24
    1ebc:	a9 f4       	brne	.+42     	; 0x1ee8 <MDIO_voidInitPin+0xe8>
		{
			CLR_BIT(DDRB , A_u8PinNumber) ;
    1ebe:	a7 e3       	ldi	r26, 0x37	; 55
    1ec0:	b0 e0       	ldi	r27, 0x00	; 0
    1ec2:	e7 e3       	ldi	r30, 0x37	; 55
    1ec4:	f0 e0       	ldi	r31, 0x00	; 0
    1ec6:	80 81       	ld	r24, Z
    1ec8:	48 2f       	mov	r20, r24
    1eca:	8a 81       	ldd	r24, Y+2	; 0x02
    1ecc:	28 2f       	mov	r18, r24
    1ece:	30 e0       	ldi	r19, 0x00	; 0
    1ed0:	81 e0       	ldi	r24, 0x01	; 1
    1ed2:	90 e0       	ldi	r25, 0x00	; 0
    1ed4:	02 2e       	mov	r0, r18
    1ed6:	02 c0       	rjmp	.+4      	; 0x1edc <MDIO_voidInitPin+0xdc>
    1ed8:	88 0f       	add	r24, r24
    1eda:	99 1f       	adc	r25, r25
    1edc:	0a 94       	dec	r0
    1ede:	e2 f7       	brpl	.-8      	; 0x1ed8 <MDIO_voidInitPin+0xd8>
    1ee0:	80 95       	com	r24
    1ee2:	84 23       	and	r24, r20
    1ee4:	8c 93       	st	X, r24
    1ee6:	76 c0       	rjmp	.+236    	; 0x1fd4 <MDIO_voidInitPin+0x1d4>
		}
		else if (A_u8PinMode == DIO_OUTPUT)
    1ee8:	8b 81       	ldd	r24, Y+3	; 0x03
    1eea:	81 30       	cpi	r24, 0x01	; 1
    1eec:	09 f0       	breq	.+2      	; 0x1ef0 <MDIO_voidInitPin+0xf0>
    1eee:	72 c0       	rjmp	.+228    	; 0x1fd4 <MDIO_voidInitPin+0x1d4>
		{
			SET_BIT(DDRB , A_u8PinNumber) ;
    1ef0:	a7 e3       	ldi	r26, 0x37	; 55
    1ef2:	b0 e0       	ldi	r27, 0x00	; 0
    1ef4:	e7 e3       	ldi	r30, 0x37	; 55
    1ef6:	f0 e0       	ldi	r31, 0x00	; 0
    1ef8:	80 81       	ld	r24, Z
    1efa:	48 2f       	mov	r20, r24
    1efc:	8a 81       	ldd	r24, Y+2	; 0x02
    1efe:	28 2f       	mov	r18, r24
    1f00:	30 e0       	ldi	r19, 0x00	; 0
    1f02:	81 e0       	ldi	r24, 0x01	; 1
    1f04:	90 e0       	ldi	r25, 0x00	; 0
    1f06:	02 2e       	mov	r0, r18
    1f08:	02 c0       	rjmp	.+4      	; 0x1f0e <MDIO_voidInitPin+0x10e>
    1f0a:	88 0f       	add	r24, r24
    1f0c:	99 1f       	adc	r25, r25
    1f0e:	0a 94       	dec	r0
    1f10:	e2 f7       	brpl	.-8      	; 0x1f0a <MDIO_voidInitPin+0x10a>
    1f12:	84 2b       	or	r24, r20
    1f14:	8c 93       	st	X, r24
    1f16:	5e c0       	rjmp	.+188    	; 0x1fd4 <MDIO_voidInitPin+0x1d4>
		}
		break ;
	case DIO_PORTC :
		if (A_u8PinMode == DIO_INPUT)
    1f18:	8b 81       	ldd	r24, Y+3	; 0x03
    1f1a:	88 23       	and	r24, r24
    1f1c:	a9 f4       	brne	.+42     	; 0x1f48 <MDIO_voidInitPin+0x148>
		{
			CLR_BIT(DDRC , A_u8PinNumber) ;
    1f1e:	a4 e3       	ldi	r26, 0x34	; 52
    1f20:	b0 e0       	ldi	r27, 0x00	; 0
    1f22:	e4 e3       	ldi	r30, 0x34	; 52
    1f24:	f0 e0       	ldi	r31, 0x00	; 0
    1f26:	80 81       	ld	r24, Z
    1f28:	48 2f       	mov	r20, r24
    1f2a:	8a 81       	ldd	r24, Y+2	; 0x02
    1f2c:	28 2f       	mov	r18, r24
    1f2e:	30 e0       	ldi	r19, 0x00	; 0
    1f30:	81 e0       	ldi	r24, 0x01	; 1
    1f32:	90 e0       	ldi	r25, 0x00	; 0
    1f34:	02 2e       	mov	r0, r18
    1f36:	02 c0       	rjmp	.+4      	; 0x1f3c <MDIO_voidInitPin+0x13c>
    1f38:	88 0f       	add	r24, r24
    1f3a:	99 1f       	adc	r25, r25
    1f3c:	0a 94       	dec	r0
    1f3e:	e2 f7       	brpl	.-8      	; 0x1f38 <MDIO_voidInitPin+0x138>
    1f40:	80 95       	com	r24
    1f42:	84 23       	and	r24, r20
    1f44:	8c 93       	st	X, r24
    1f46:	46 c0       	rjmp	.+140    	; 0x1fd4 <MDIO_voidInitPin+0x1d4>
		}
		else if (A_u8PinMode == DIO_OUTPUT)
    1f48:	8b 81       	ldd	r24, Y+3	; 0x03
    1f4a:	81 30       	cpi	r24, 0x01	; 1
    1f4c:	09 f0       	breq	.+2      	; 0x1f50 <MDIO_voidInitPin+0x150>
    1f4e:	42 c0       	rjmp	.+132    	; 0x1fd4 <MDIO_voidInitPin+0x1d4>
		{
			SET_BIT(DDRC , A_u8PinNumber) ;
    1f50:	a4 e3       	ldi	r26, 0x34	; 52
    1f52:	b0 e0       	ldi	r27, 0x00	; 0
    1f54:	e4 e3       	ldi	r30, 0x34	; 52
    1f56:	f0 e0       	ldi	r31, 0x00	; 0
    1f58:	80 81       	ld	r24, Z
    1f5a:	48 2f       	mov	r20, r24
    1f5c:	8a 81       	ldd	r24, Y+2	; 0x02
    1f5e:	28 2f       	mov	r18, r24
    1f60:	30 e0       	ldi	r19, 0x00	; 0
    1f62:	81 e0       	ldi	r24, 0x01	; 1
    1f64:	90 e0       	ldi	r25, 0x00	; 0
    1f66:	02 2e       	mov	r0, r18
    1f68:	02 c0       	rjmp	.+4      	; 0x1f6e <MDIO_voidInitPin+0x16e>
    1f6a:	88 0f       	add	r24, r24
    1f6c:	99 1f       	adc	r25, r25
    1f6e:	0a 94       	dec	r0
    1f70:	e2 f7       	brpl	.-8      	; 0x1f6a <MDIO_voidInitPin+0x16a>
    1f72:	84 2b       	or	r24, r20
    1f74:	8c 93       	st	X, r24
    1f76:	2e c0       	rjmp	.+92     	; 0x1fd4 <MDIO_voidInitPin+0x1d4>
		}
		break ;
	case DIO_PORTD :
		if (A_u8PinMode == DIO_INPUT)
    1f78:	8b 81       	ldd	r24, Y+3	; 0x03
    1f7a:	88 23       	and	r24, r24
    1f7c:	a9 f4       	brne	.+42     	; 0x1fa8 <MDIO_voidInitPin+0x1a8>
		{
			CLR_BIT(DDRD , A_u8PinNumber) ;
    1f7e:	a1 e3       	ldi	r26, 0x31	; 49
    1f80:	b0 e0       	ldi	r27, 0x00	; 0
    1f82:	e1 e3       	ldi	r30, 0x31	; 49
    1f84:	f0 e0       	ldi	r31, 0x00	; 0
    1f86:	80 81       	ld	r24, Z
    1f88:	48 2f       	mov	r20, r24
    1f8a:	8a 81       	ldd	r24, Y+2	; 0x02
    1f8c:	28 2f       	mov	r18, r24
    1f8e:	30 e0       	ldi	r19, 0x00	; 0
    1f90:	81 e0       	ldi	r24, 0x01	; 1
    1f92:	90 e0       	ldi	r25, 0x00	; 0
    1f94:	02 2e       	mov	r0, r18
    1f96:	02 c0       	rjmp	.+4      	; 0x1f9c <MDIO_voidInitPin+0x19c>
    1f98:	88 0f       	add	r24, r24
    1f9a:	99 1f       	adc	r25, r25
    1f9c:	0a 94       	dec	r0
    1f9e:	e2 f7       	brpl	.-8      	; 0x1f98 <MDIO_voidInitPin+0x198>
    1fa0:	80 95       	com	r24
    1fa2:	84 23       	and	r24, r20
    1fa4:	8c 93       	st	X, r24
    1fa6:	16 c0       	rjmp	.+44     	; 0x1fd4 <MDIO_voidInitPin+0x1d4>
		}
		else if (A_u8PinMode == DIO_OUTPUT)
    1fa8:	8b 81       	ldd	r24, Y+3	; 0x03
    1faa:	81 30       	cpi	r24, 0x01	; 1
    1fac:	99 f4       	brne	.+38     	; 0x1fd4 <MDIO_voidInitPin+0x1d4>
		{
			SET_BIT(DDRD , A_u8PinNumber) ;
    1fae:	a1 e3       	ldi	r26, 0x31	; 49
    1fb0:	b0 e0       	ldi	r27, 0x00	; 0
    1fb2:	e1 e3       	ldi	r30, 0x31	; 49
    1fb4:	f0 e0       	ldi	r31, 0x00	; 0
    1fb6:	80 81       	ld	r24, Z
    1fb8:	48 2f       	mov	r20, r24
    1fba:	8a 81       	ldd	r24, Y+2	; 0x02
    1fbc:	28 2f       	mov	r18, r24
    1fbe:	30 e0       	ldi	r19, 0x00	; 0
    1fc0:	81 e0       	ldi	r24, 0x01	; 1
    1fc2:	90 e0       	ldi	r25, 0x00	; 0
    1fc4:	02 2e       	mov	r0, r18
    1fc6:	02 c0       	rjmp	.+4      	; 0x1fcc <MDIO_voidInitPin+0x1cc>
    1fc8:	88 0f       	add	r24, r24
    1fca:	99 1f       	adc	r25, r25
    1fcc:	0a 94       	dec	r0
    1fce:	e2 f7       	brpl	.-8      	; 0x1fc8 <MDIO_voidInitPin+0x1c8>
    1fd0:	84 2b       	or	r24, r20
    1fd2:	8c 93       	st	X, r24
		}
		break ;
	}
}
    1fd4:	0f 90       	pop	r0
    1fd6:	0f 90       	pop	r0
    1fd8:	0f 90       	pop	r0
    1fda:	0f 90       	pop	r0
    1fdc:	0f 90       	pop	r0
    1fde:	cf 91       	pop	r28
    1fe0:	df 91       	pop	r29
    1fe2:	08 95       	ret

00001fe4 <MDIO_voidSetPinValue>:
void MDIO_voidSetPinValue  (u8 A_u8PortName , u8 A_u8PinNumber , u8 A_u8PinValue)
{
    1fe4:	df 93       	push	r29
    1fe6:	cf 93       	push	r28
    1fe8:	00 d0       	rcall	.+0      	; 0x1fea <MDIO_voidSetPinValue+0x6>
    1fea:	00 d0       	rcall	.+0      	; 0x1fec <MDIO_voidSetPinValue+0x8>
    1fec:	0f 92       	push	r0
    1fee:	cd b7       	in	r28, 0x3d	; 61
    1ff0:	de b7       	in	r29, 0x3e	; 62
    1ff2:	89 83       	std	Y+1, r24	; 0x01
    1ff4:	6a 83       	std	Y+2, r22	; 0x02
    1ff6:	4b 83       	std	Y+3, r20	; 0x03
	switch (A_u8PortName)
    1ff8:	89 81       	ldd	r24, Y+1	; 0x01
    1ffa:	28 2f       	mov	r18, r24
    1ffc:	30 e0       	ldi	r19, 0x00	; 0
    1ffe:	3d 83       	std	Y+5, r19	; 0x05
    2000:	2c 83       	std	Y+4, r18	; 0x04
    2002:	8c 81       	ldd	r24, Y+4	; 0x04
    2004:	9d 81       	ldd	r25, Y+5	; 0x05
    2006:	81 30       	cpi	r24, 0x01	; 1
    2008:	91 05       	cpc	r25, r1
    200a:	09 f4       	brne	.+2      	; 0x200e <MDIO_voidSetPinValue+0x2a>
    200c:	47 c0       	rjmp	.+142    	; 0x209c <MDIO_voidSetPinValue+0xb8>
    200e:	2c 81       	ldd	r18, Y+4	; 0x04
    2010:	3d 81       	ldd	r19, Y+5	; 0x05
    2012:	22 30       	cpi	r18, 0x02	; 2
    2014:	31 05       	cpc	r19, r1
    2016:	2c f4       	brge	.+10     	; 0x2022 <MDIO_voidSetPinValue+0x3e>
    2018:	8c 81       	ldd	r24, Y+4	; 0x04
    201a:	9d 81       	ldd	r25, Y+5	; 0x05
    201c:	00 97       	sbiw	r24, 0x00	; 0
    201e:	71 f0       	breq	.+28     	; 0x203c <MDIO_voidSetPinValue+0x58>
    2020:	cb c0       	rjmp	.+406    	; 0x21b8 <MDIO_voidSetPinValue+0x1d4>
    2022:	2c 81       	ldd	r18, Y+4	; 0x04
    2024:	3d 81       	ldd	r19, Y+5	; 0x05
    2026:	22 30       	cpi	r18, 0x02	; 2
    2028:	31 05       	cpc	r19, r1
    202a:	09 f4       	brne	.+2      	; 0x202e <MDIO_voidSetPinValue+0x4a>
    202c:	67 c0       	rjmp	.+206    	; 0x20fc <MDIO_voidSetPinValue+0x118>
    202e:	8c 81       	ldd	r24, Y+4	; 0x04
    2030:	9d 81       	ldd	r25, Y+5	; 0x05
    2032:	83 30       	cpi	r24, 0x03	; 3
    2034:	91 05       	cpc	r25, r1
    2036:	09 f4       	brne	.+2      	; 0x203a <MDIO_voidSetPinValue+0x56>
    2038:	91 c0       	rjmp	.+290    	; 0x215c <MDIO_voidSetPinValue+0x178>
    203a:	be c0       	rjmp	.+380    	; 0x21b8 <MDIO_voidSetPinValue+0x1d4>
	{
	case DIO_PORTA :
		if (A_u8PinValue == DIO_LOW)
    203c:	8b 81       	ldd	r24, Y+3	; 0x03
    203e:	88 23       	and	r24, r24
    2040:	a9 f4       	brne	.+42     	; 0x206c <MDIO_voidSetPinValue+0x88>
		{
			CLR_BIT(PORTA , A_u8PinNumber) ;
    2042:	ab e3       	ldi	r26, 0x3B	; 59
    2044:	b0 e0       	ldi	r27, 0x00	; 0
    2046:	eb e3       	ldi	r30, 0x3B	; 59
    2048:	f0 e0       	ldi	r31, 0x00	; 0
    204a:	80 81       	ld	r24, Z
    204c:	48 2f       	mov	r20, r24
    204e:	8a 81       	ldd	r24, Y+2	; 0x02
    2050:	28 2f       	mov	r18, r24
    2052:	30 e0       	ldi	r19, 0x00	; 0
    2054:	81 e0       	ldi	r24, 0x01	; 1
    2056:	90 e0       	ldi	r25, 0x00	; 0
    2058:	02 2e       	mov	r0, r18
    205a:	02 c0       	rjmp	.+4      	; 0x2060 <MDIO_voidSetPinValue+0x7c>
    205c:	88 0f       	add	r24, r24
    205e:	99 1f       	adc	r25, r25
    2060:	0a 94       	dec	r0
    2062:	e2 f7       	brpl	.-8      	; 0x205c <MDIO_voidSetPinValue+0x78>
    2064:	80 95       	com	r24
    2066:	84 23       	and	r24, r20
    2068:	8c 93       	st	X, r24
    206a:	a6 c0       	rjmp	.+332    	; 0x21b8 <MDIO_voidSetPinValue+0x1d4>
		}
		else if (A_u8PinValue == DIO_HIGH)
    206c:	8b 81       	ldd	r24, Y+3	; 0x03
    206e:	81 30       	cpi	r24, 0x01	; 1
    2070:	09 f0       	breq	.+2      	; 0x2074 <MDIO_voidSetPinValue+0x90>
    2072:	a2 c0       	rjmp	.+324    	; 0x21b8 <MDIO_voidSetPinValue+0x1d4>
		{
			SET_BIT(PORTA , A_u8PinNumber) ;
    2074:	ab e3       	ldi	r26, 0x3B	; 59
    2076:	b0 e0       	ldi	r27, 0x00	; 0
    2078:	eb e3       	ldi	r30, 0x3B	; 59
    207a:	f0 e0       	ldi	r31, 0x00	; 0
    207c:	80 81       	ld	r24, Z
    207e:	48 2f       	mov	r20, r24
    2080:	8a 81       	ldd	r24, Y+2	; 0x02
    2082:	28 2f       	mov	r18, r24
    2084:	30 e0       	ldi	r19, 0x00	; 0
    2086:	81 e0       	ldi	r24, 0x01	; 1
    2088:	90 e0       	ldi	r25, 0x00	; 0
    208a:	02 2e       	mov	r0, r18
    208c:	02 c0       	rjmp	.+4      	; 0x2092 <MDIO_voidSetPinValue+0xae>
    208e:	88 0f       	add	r24, r24
    2090:	99 1f       	adc	r25, r25
    2092:	0a 94       	dec	r0
    2094:	e2 f7       	brpl	.-8      	; 0x208e <MDIO_voidSetPinValue+0xaa>
    2096:	84 2b       	or	r24, r20
    2098:	8c 93       	st	X, r24
    209a:	8e c0       	rjmp	.+284    	; 0x21b8 <MDIO_voidSetPinValue+0x1d4>
		}
		break ;
	case DIO_PORTB :
		if (A_u8PinValue == DIO_LOW)
    209c:	8b 81       	ldd	r24, Y+3	; 0x03
    209e:	88 23       	and	r24, r24
    20a0:	a9 f4       	brne	.+42     	; 0x20cc <MDIO_voidSetPinValue+0xe8>
		{
			CLR_BIT(PORTB , A_u8PinNumber) ;
    20a2:	a8 e3       	ldi	r26, 0x38	; 56
    20a4:	b0 e0       	ldi	r27, 0x00	; 0
    20a6:	e8 e3       	ldi	r30, 0x38	; 56
    20a8:	f0 e0       	ldi	r31, 0x00	; 0
    20aa:	80 81       	ld	r24, Z
    20ac:	48 2f       	mov	r20, r24
    20ae:	8a 81       	ldd	r24, Y+2	; 0x02
    20b0:	28 2f       	mov	r18, r24
    20b2:	30 e0       	ldi	r19, 0x00	; 0
    20b4:	81 e0       	ldi	r24, 0x01	; 1
    20b6:	90 e0       	ldi	r25, 0x00	; 0
    20b8:	02 2e       	mov	r0, r18
    20ba:	02 c0       	rjmp	.+4      	; 0x20c0 <MDIO_voidSetPinValue+0xdc>
    20bc:	88 0f       	add	r24, r24
    20be:	99 1f       	adc	r25, r25
    20c0:	0a 94       	dec	r0
    20c2:	e2 f7       	brpl	.-8      	; 0x20bc <MDIO_voidSetPinValue+0xd8>
    20c4:	80 95       	com	r24
    20c6:	84 23       	and	r24, r20
    20c8:	8c 93       	st	X, r24
    20ca:	76 c0       	rjmp	.+236    	; 0x21b8 <MDIO_voidSetPinValue+0x1d4>
		}
		else if (A_u8PinValue == DIO_HIGH)
    20cc:	8b 81       	ldd	r24, Y+3	; 0x03
    20ce:	81 30       	cpi	r24, 0x01	; 1
    20d0:	09 f0       	breq	.+2      	; 0x20d4 <MDIO_voidSetPinValue+0xf0>
    20d2:	72 c0       	rjmp	.+228    	; 0x21b8 <MDIO_voidSetPinValue+0x1d4>
		{
			SET_BIT(PORTB , A_u8PinNumber) ;
    20d4:	a8 e3       	ldi	r26, 0x38	; 56
    20d6:	b0 e0       	ldi	r27, 0x00	; 0
    20d8:	e8 e3       	ldi	r30, 0x38	; 56
    20da:	f0 e0       	ldi	r31, 0x00	; 0
    20dc:	80 81       	ld	r24, Z
    20de:	48 2f       	mov	r20, r24
    20e0:	8a 81       	ldd	r24, Y+2	; 0x02
    20e2:	28 2f       	mov	r18, r24
    20e4:	30 e0       	ldi	r19, 0x00	; 0
    20e6:	81 e0       	ldi	r24, 0x01	; 1
    20e8:	90 e0       	ldi	r25, 0x00	; 0
    20ea:	02 2e       	mov	r0, r18
    20ec:	02 c0       	rjmp	.+4      	; 0x20f2 <MDIO_voidSetPinValue+0x10e>
    20ee:	88 0f       	add	r24, r24
    20f0:	99 1f       	adc	r25, r25
    20f2:	0a 94       	dec	r0
    20f4:	e2 f7       	brpl	.-8      	; 0x20ee <MDIO_voidSetPinValue+0x10a>
    20f6:	84 2b       	or	r24, r20
    20f8:	8c 93       	st	X, r24
    20fa:	5e c0       	rjmp	.+188    	; 0x21b8 <MDIO_voidSetPinValue+0x1d4>
		}
		break ;
	case DIO_PORTC :
		if (A_u8PinValue == DIO_LOW)
    20fc:	8b 81       	ldd	r24, Y+3	; 0x03
    20fe:	88 23       	and	r24, r24
    2100:	a9 f4       	brne	.+42     	; 0x212c <MDIO_voidSetPinValue+0x148>
		{
			CLR_BIT(PORTC , A_u8PinNumber) ;
    2102:	a5 e3       	ldi	r26, 0x35	; 53
    2104:	b0 e0       	ldi	r27, 0x00	; 0
    2106:	e5 e3       	ldi	r30, 0x35	; 53
    2108:	f0 e0       	ldi	r31, 0x00	; 0
    210a:	80 81       	ld	r24, Z
    210c:	48 2f       	mov	r20, r24
    210e:	8a 81       	ldd	r24, Y+2	; 0x02
    2110:	28 2f       	mov	r18, r24
    2112:	30 e0       	ldi	r19, 0x00	; 0
    2114:	81 e0       	ldi	r24, 0x01	; 1
    2116:	90 e0       	ldi	r25, 0x00	; 0
    2118:	02 2e       	mov	r0, r18
    211a:	02 c0       	rjmp	.+4      	; 0x2120 <MDIO_voidSetPinValue+0x13c>
    211c:	88 0f       	add	r24, r24
    211e:	99 1f       	adc	r25, r25
    2120:	0a 94       	dec	r0
    2122:	e2 f7       	brpl	.-8      	; 0x211c <MDIO_voidSetPinValue+0x138>
    2124:	80 95       	com	r24
    2126:	84 23       	and	r24, r20
    2128:	8c 93       	st	X, r24
    212a:	46 c0       	rjmp	.+140    	; 0x21b8 <MDIO_voidSetPinValue+0x1d4>
		}
		else if (A_u8PinValue == DIO_HIGH)
    212c:	8b 81       	ldd	r24, Y+3	; 0x03
    212e:	81 30       	cpi	r24, 0x01	; 1
    2130:	09 f0       	breq	.+2      	; 0x2134 <MDIO_voidSetPinValue+0x150>
    2132:	42 c0       	rjmp	.+132    	; 0x21b8 <MDIO_voidSetPinValue+0x1d4>
		{
			SET_BIT(PORTC , A_u8PinNumber) ;
    2134:	a5 e3       	ldi	r26, 0x35	; 53
    2136:	b0 e0       	ldi	r27, 0x00	; 0
    2138:	e5 e3       	ldi	r30, 0x35	; 53
    213a:	f0 e0       	ldi	r31, 0x00	; 0
    213c:	80 81       	ld	r24, Z
    213e:	48 2f       	mov	r20, r24
    2140:	8a 81       	ldd	r24, Y+2	; 0x02
    2142:	28 2f       	mov	r18, r24
    2144:	30 e0       	ldi	r19, 0x00	; 0
    2146:	81 e0       	ldi	r24, 0x01	; 1
    2148:	90 e0       	ldi	r25, 0x00	; 0
    214a:	02 2e       	mov	r0, r18
    214c:	02 c0       	rjmp	.+4      	; 0x2152 <MDIO_voidSetPinValue+0x16e>
    214e:	88 0f       	add	r24, r24
    2150:	99 1f       	adc	r25, r25
    2152:	0a 94       	dec	r0
    2154:	e2 f7       	brpl	.-8      	; 0x214e <MDIO_voidSetPinValue+0x16a>
    2156:	84 2b       	or	r24, r20
    2158:	8c 93       	st	X, r24
    215a:	2e c0       	rjmp	.+92     	; 0x21b8 <MDIO_voidSetPinValue+0x1d4>
		}
		break ;
	case DIO_PORTD :
		if (A_u8PinValue == DIO_LOW)
    215c:	8b 81       	ldd	r24, Y+3	; 0x03
    215e:	88 23       	and	r24, r24
    2160:	a9 f4       	brne	.+42     	; 0x218c <MDIO_voidSetPinValue+0x1a8>
		{
			CLR_BIT(PORTD , A_u8PinNumber) ;
    2162:	a2 e3       	ldi	r26, 0x32	; 50
    2164:	b0 e0       	ldi	r27, 0x00	; 0
    2166:	e2 e3       	ldi	r30, 0x32	; 50
    2168:	f0 e0       	ldi	r31, 0x00	; 0
    216a:	80 81       	ld	r24, Z
    216c:	48 2f       	mov	r20, r24
    216e:	8a 81       	ldd	r24, Y+2	; 0x02
    2170:	28 2f       	mov	r18, r24
    2172:	30 e0       	ldi	r19, 0x00	; 0
    2174:	81 e0       	ldi	r24, 0x01	; 1
    2176:	90 e0       	ldi	r25, 0x00	; 0
    2178:	02 2e       	mov	r0, r18
    217a:	02 c0       	rjmp	.+4      	; 0x2180 <MDIO_voidSetPinValue+0x19c>
    217c:	88 0f       	add	r24, r24
    217e:	99 1f       	adc	r25, r25
    2180:	0a 94       	dec	r0
    2182:	e2 f7       	brpl	.-8      	; 0x217c <MDIO_voidSetPinValue+0x198>
    2184:	80 95       	com	r24
    2186:	84 23       	and	r24, r20
    2188:	8c 93       	st	X, r24
    218a:	16 c0       	rjmp	.+44     	; 0x21b8 <MDIO_voidSetPinValue+0x1d4>
		}
		else if (A_u8PinValue == DIO_HIGH)
    218c:	8b 81       	ldd	r24, Y+3	; 0x03
    218e:	81 30       	cpi	r24, 0x01	; 1
    2190:	99 f4       	brne	.+38     	; 0x21b8 <MDIO_voidSetPinValue+0x1d4>
		{
			SET_BIT(PORTD , A_u8PinNumber) ;
    2192:	a2 e3       	ldi	r26, 0x32	; 50
    2194:	b0 e0       	ldi	r27, 0x00	; 0
    2196:	e2 e3       	ldi	r30, 0x32	; 50
    2198:	f0 e0       	ldi	r31, 0x00	; 0
    219a:	80 81       	ld	r24, Z
    219c:	48 2f       	mov	r20, r24
    219e:	8a 81       	ldd	r24, Y+2	; 0x02
    21a0:	28 2f       	mov	r18, r24
    21a2:	30 e0       	ldi	r19, 0x00	; 0
    21a4:	81 e0       	ldi	r24, 0x01	; 1
    21a6:	90 e0       	ldi	r25, 0x00	; 0
    21a8:	02 2e       	mov	r0, r18
    21aa:	02 c0       	rjmp	.+4      	; 0x21b0 <MDIO_voidSetPinValue+0x1cc>
    21ac:	88 0f       	add	r24, r24
    21ae:	99 1f       	adc	r25, r25
    21b0:	0a 94       	dec	r0
    21b2:	e2 f7       	brpl	.-8      	; 0x21ac <MDIO_voidSetPinValue+0x1c8>
    21b4:	84 2b       	or	r24, r20
    21b6:	8c 93       	st	X, r24
		}
		break ;
	}
}
    21b8:	0f 90       	pop	r0
    21ba:	0f 90       	pop	r0
    21bc:	0f 90       	pop	r0
    21be:	0f 90       	pop	r0
    21c0:	0f 90       	pop	r0
    21c2:	cf 91       	pop	r28
    21c4:	df 91       	pop	r29
    21c6:	08 95       	ret

000021c8 <MDIO_u8ReadPinValue>:
u8   MDIO_u8ReadPinValue   (u8 A_u8PortName , u8 A_u8PinNumber)
{
    21c8:	df 93       	push	r29
    21ca:	cf 93       	push	r28
    21cc:	00 d0       	rcall	.+0      	; 0x21ce <MDIO_u8ReadPinValue+0x6>
    21ce:	00 d0       	rcall	.+0      	; 0x21d0 <MDIO_u8ReadPinValue+0x8>
    21d0:	0f 92       	push	r0
    21d2:	cd b7       	in	r28, 0x3d	; 61
    21d4:	de b7       	in	r29, 0x3e	; 62
    21d6:	8a 83       	std	Y+2, r24	; 0x02
    21d8:	6b 83       	std	Y+3, r22	; 0x03
	u8 L_u8PinValue ;
	switch (A_u8PortName)
    21da:	8a 81       	ldd	r24, Y+2	; 0x02
    21dc:	28 2f       	mov	r18, r24
    21de:	30 e0       	ldi	r19, 0x00	; 0
    21e0:	3d 83       	std	Y+5, r19	; 0x05
    21e2:	2c 83       	std	Y+4, r18	; 0x04
    21e4:	4c 81       	ldd	r20, Y+4	; 0x04
    21e6:	5d 81       	ldd	r21, Y+5	; 0x05
    21e8:	41 30       	cpi	r20, 0x01	; 1
    21ea:	51 05       	cpc	r21, r1
    21ec:	b1 f1       	breq	.+108    	; 0x225a <MDIO_u8ReadPinValue+0x92>
    21ee:	8c 81       	ldd	r24, Y+4	; 0x04
    21f0:	9d 81       	ldd	r25, Y+5	; 0x05
    21f2:	82 30       	cpi	r24, 0x02	; 2
    21f4:	91 05       	cpc	r25, r1
    21f6:	34 f4       	brge	.+12     	; 0x2204 <MDIO_u8ReadPinValue+0x3c>
    21f8:	2c 81       	ldd	r18, Y+4	; 0x04
    21fa:	3d 81       	ldd	r19, Y+5	; 0x05
    21fc:	21 15       	cp	r18, r1
    21fe:	31 05       	cpc	r19, r1
    2200:	71 f0       	breq	.+28     	; 0x221e <MDIO_u8ReadPinValue+0x56>
    2202:	84 c0       	rjmp	.+264    	; 0x230c <MDIO_u8ReadPinValue+0x144>
    2204:	4c 81       	ldd	r20, Y+4	; 0x04
    2206:	5d 81       	ldd	r21, Y+5	; 0x05
    2208:	42 30       	cpi	r20, 0x02	; 2
    220a:	51 05       	cpc	r21, r1
    220c:	09 f4       	brne	.+2      	; 0x2210 <MDIO_u8ReadPinValue+0x48>
    220e:	43 c0       	rjmp	.+134    	; 0x2296 <MDIO_u8ReadPinValue+0xce>
    2210:	8c 81       	ldd	r24, Y+4	; 0x04
    2212:	9d 81       	ldd	r25, Y+5	; 0x05
    2214:	83 30       	cpi	r24, 0x03	; 3
    2216:	91 05       	cpc	r25, r1
    2218:	09 f4       	brne	.+2      	; 0x221c <MDIO_u8ReadPinValue+0x54>
    221a:	5b c0       	rjmp	.+182    	; 0x22d2 <MDIO_u8ReadPinValue+0x10a>
    221c:	77 c0       	rjmp	.+238    	; 0x230c <MDIO_u8ReadPinValue+0x144>
	{
	case DIO_PORTA :
		L_u8PinValue = READ_BIT(PINA , A_u8PinNumber) ;
    221e:	e9 e3       	ldi	r30, 0x39	; 57
    2220:	f0 e0       	ldi	r31, 0x00	; 0
    2222:	80 81       	ld	r24, Z
    2224:	48 2f       	mov	r20, r24
    2226:	50 e0       	ldi	r21, 0x00	; 0
    2228:	8b 81       	ldd	r24, Y+3	; 0x03
    222a:	28 2f       	mov	r18, r24
    222c:	30 e0       	ldi	r19, 0x00	; 0
    222e:	81 e0       	ldi	r24, 0x01	; 1
    2230:	90 e0       	ldi	r25, 0x00	; 0
    2232:	02 c0       	rjmp	.+4      	; 0x2238 <MDIO_u8ReadPinValue+0x70>
    2234:	88 0f       	add	r24, r24
    2236:	99 1f       	adc	r25, r25
    2238:	2a 95       	dec	r18
    223a:	e2 f7       	brpl	.-8      	; 0x2234 <MDIO_u8ReadPinValue+0x6c>
    223c:	9a 01       	movw	r18, r20
    223e:	28 23       	and	r18, r24
    2240:	39 23       	and	r19, r25
    2242:	8b 81       	ldd	r24, Y+3	; 0x03
    2244:	88 2f       	mov	r24, r24
    2246:	90 e0       	ldi	r25, 0x00	; 0
    2248:	a9 01       	movw	r20, r18
    224a:	02 c0       	rjmp	.+4      	; 0x2250 <MDIO_u8ReadPinValue+0x88>
    224c:	55 95       	asr	r21
    224e:	47 95       	ror	r20
    2250:	8a 95       	dec	r24
    2252:	e2 f7       	brpl	.-8      	; 0x224c <MDIO_u8ReadPinValue+0x84>
    2254:	ca 01       	movw	r24, r20
    2256:	89 83       	std	Y+1, r24	; 0x01
    2258:	59 c0       	rjmp	.+178    	; 0x230c <MDIO_u8ReadPinValue+0x144>
		break ;
	case DIO_PORTB :
		L_u8PinValue = READ_BIT(PINB , A_u8PinNumber) ;
    225a:	e6 e3       	ldi	r30, 0x36	; 54
    225c:	f0 e0       	ldi	r31, 0x00	; 0
    225e:	80 81       	ld	r24, Z
    2260:	48 2f       	mov	r20, r24
    2262:	50 e0       	ldi	r21, 0x00	; 0
    2264:	8b 81       	ldd	r24, Y+3	; 0x03
    2266:	28 2f       	mov	r18, r24
    2268:	30 e0       	ldi	r19, 0x00	; 0
    226a:	81 e0       	ldi	r24, 0x01	; 1
    226c:	90 e0       	ldi	r25, 0x00	; 0
    226e:	02 c0       	rjmp	.+4      	; 0x2274 <MDIO_u8ReadPinValue+0xac>
    2270:	88 0f       	add	r24, r24
    2272:	99 1f       	adc	r25, r25
    2274:	2a 95       	dec	r18
    2276:	e2 f7       	brpl	.-8      	; 0x2270 <MDIO_u8ReadPinValue+0xa8>
    2278:	9a 01       	movw	r18, r20
    227a:	28 23       	and	r18, r24
    227c:	39 23       	and	r19, r25
    227e:	8b 81       	ldd	r24, Y+3	; 0x03
    2280:	88 2f       	mov	r24, r24
    2282:	90 e0       	ldi	r25, 0x00	; 0
    2284:	a9 01       	movw	r20, r18
    2286:	02 c0       	rjmp	.+4      	; 0x228c <MDIO_u8ReadPinValue+0xc4>
    2288:	55 95       	asr	r21
    228a:	47 95       	ror	r20
    228c:	8a 95       	dec	r24
    228e:	e2 f7       	brpl	.-8      	; 0x2288 <MDIO_u8ReadPinValue+0xc0>
    2290:	ca 01       	movw	r24, r20
    2292:	89 83       	std	Y+1, r24	; 0x01
    2294:	3b c0       	rjmp	.+118    	; 0x230c <MDIO_u8ReadPinValue+0x144>
		break ;
	case DIO_PORTC :
		L_u8PinValue = READ_BIT(PINC , A_u8PinNumber) ;
    2296:	e3 e3       	ldi	r30, 0x33	; 51
    2298:	f0 e0       	ldi	r31, 0x00	; 0
    229a:	80 81       	ld	r24, Z
    229c:	48 2f       	mov	r20, r24
    229e:	50 e0       	ldi	r21, 0x00	; 0
    22a0:	8b 81       	ldd	r24, Y+3	; 0x03
    22a2:	28 2f       	mov	r18, r24
    22a4:	30 e0       	ldi	r19, 0x00	; 0
    22a6:	81 e0       	ldi	r24, 0x01	; 1
    22a8:	90 e0       	ldi	r25, 0x00	; 0
    22aa:	02 c0       	rjmp	.+4      	; 0x22b0 <MDIO_u8ReadPinValue+0xe8>
    22ac:	88 0f       	add	r24, r24
    22ae:	99 1f       	adc	r25, r25
    22b0:	2a 95       	dec	r18
    22b2:	e2 f7       	brpl	.-8      	; 0x22ac <MDIO_u8ReadPinValue+0xe4>
    22b4:	9a 01       	movw	r18, r20
    22b6:	28 23       	and	r18, r24
    22b8:	39 23       	and	r19, r25
    22ba:	8b 81       	ldd	r24, Y+3	; 0x03
    22bc:	88 2f       	mov	r24, r24
    22be:	90 e0       	ldi	r25, 0x00	; 0
    22c0:	a9 01       	movw	r20, r18
    22c2:	02 c0       	rjmp	.+4      	; 0x22c8 <MDIO_u8ReadPinValue+0x100>
    22c4:	55 95       	asr	r21
    22c6:	47 95       	ror	r20
    22c8:	8a 95       	dec	r24
    22ca:	e2 f7       	brpl	.-8      	; 0x22c4 <MDIO_u8ReadPinValue+0xfc>
    22cc:	ca 01       	movw	r24, r20
    22ce:	89 83       	std	Y+1, r24	; 0x01
    22d0:	1d c0       	rjmp	.+58     	; 0x230c <MDIO_u8ReadPinValue+0x144>
		break ;
	case DIO_PORTD :
		L_u8PinValue = READ_BIT(PIND , A_u8PinNumber) ;
    22d2:	e0 e3       	ldi	r30, 0x30	; 48
    22d4:	f0 e0       	ldi	r31, 0x00	; 0
    22d6:	80 81       	ld	r24, Z
    22d8:	48 2f       	mov	r20, r24
    22da:	50 e0       	ldi	r21, 0x00	; 0
    22dc:	8b 81       	ldd	r24, Y+3	; 0x03
    22de:	28 2f       	mov	r18, r24
    22e0:	30 e0       	ldi	r19, 0x00	; 0
    22e2:	81 e0       	ldi	r24, 0x01	; 1
    22e4:	90 e0       	ldi	r25, 0x00	; 0
    22e6:	02 c0       	rjmp	.+4      	; 0x22ec <MDIO_u8ReadPinValue+0x124>
    22e8:	88 0f       	add	r24, r24
    22ea:	99 1f       	adc	r25, r25
    22ec:	2a 95       	dec	r18
    22ee:	e2 f7       	brpl	.-8      	; 0x22e8 <MDIO_u8ReadPinValue+0x120>
    22f0:	9a 01       	movw	r18, r20
    22f2:	28 23       	and	r18, r24
    22f4:	39 23       	and	r19, r25
    22f6:	8b 81       	ldd	r24, Y+3	; 0x03
    22f8:	88 2f       	mov	r24, r24
    22fa:	90 e0       	ldi	r25, 0x00	; 0
    22fc:	a9 01       	movw	r20, r18
    22fe:	02 c0       	rjmp	.+4      	; 0x2304 <MDIO_u8ReadPinValue+0x13c>
    2300:	55 95       	asr	r21
    2302:	47 95       	ror	r20
    2304:	8a 95       	dec	r24
    2306:	e2 f7       	brpl	.-8      	; 0x2300 <MDIO_u8ReadPinValue+0x138>
    2308:	ca 01       	movw	r24, r20
    230a:	89 83       	std	Y+1, r24	; 0x01
		break ;
	}
	return L_u8PinValue ;
    230c:	89 81       	ldd	r24, Y+1	; 0x01
}
    230e:	0f 90       	pop	r0
    2310:	0f 90       	pop	r0
    2312:	0f 90       	pop	r0
    2314:	0f 90       	pop	r0
    2316:	0f 90       	pop	r0
    2318:	cf 91       	pop	r28
    231a:	df 91       	pop	r29
    231c:	08 95       	ret

0000231e <MDIO_voidTogPinValue>:
void MDIO_voidTogPinValue  (u8 A_u8PortName , u8 A_u8PinNumber)
{
    231e:	df 93       	push	r29
    2320:	cf 93       	push	r28
    2322:	00 d0       	rcall	.+0      	; 0x2324 <MDIO_voidTogPinValue+0x6>
    2324:	00 d0       	rcall	.+0      	; 0x2326 <MDIO_voidTogPinValue+0x8>
    2326:	cd b7       	in	r28, 0x3d	; 61
    2328:	de b7       	in	r29, 0x3e	; 62
    232a:	89 83       	std	Y+1, r24	; 0x01
    232c:	6a 83       	std	Y+2, r22	; 0x02
	switch (A_u8PortName)
    232e:	89 81       	ldd	r24, Y+1	; 0x01
    2330:	28 2f       	mov	r18, r24
    2332:	30 e0       	ldi	r19, 0x00	; 0
    2334:	3c 83       	std	Y+4, r19	; 0x04
    2336:	2b 83       	std	Y+3, r18	; 0x03
    2338:	8b 81       	ldd	r24, Y+3	; 0x03
    233a:	9c 81       	ldd	r25, Y+4	; 0x04
    233c:	81 30       	cpi	r24, 0x01	; 1
    233e:	91 05       	cpc	r25, r1
    2340:	49 f1       	breq	.+82     	; 0x2394 <MDIO_voidTogPinValue+0x76>
    2342:	2b 81       	ldd	r18, Y+3	; 0x03
    2344:	3c 81       	ldd	r19, Y+4	; 0x04
    2346:	22 30       	cpi	r18, 0x02	; 2
    2348:	31 05       	cpc	r19, r1
    234a:	2c f4       	brge	.+10     	; 0x2356 <MDIO_voidTogPinValue+0x38>
    234c:	8b 81       	ldd	r24, Y+3	; 0x03
    234e:	9c 81       	ldd	r25, Y+4	; 0x04
    2350:	00 97       	sbiw	r24, 0x00	; 0
    2352:	61 f0       	breq	.+24     	; 0x236c <MDIO_voidTogPinValue+0x4e>
    2354:	5a c0       	rjmp	.+180    	; 0x240a <MDIO_voidTogPinValue+0xec>
    2356:	2b 81       	ldd	r18, Y+3	; 0x03
    2358:	3c 81       	ldd	r19, Y+4	; 0x04
    235a:	22 30       	cpi	r18, 0x02	; 2
    235c:	31 05       	cpc	r19, r1
    235e:	71 f1       	breq	.+92     	; 0x23bc <MDIO_voidTogPinValue+0x9e>
    2360:	8b 81       	ldd	r24, Y+3	; 0x03
    2362:	9c 81       	ldd	r25, Y+4	; 0x04
    2364:	83 30       	cpi	r24, 0x03	; 3
    2366:	91 05       	cpc	r25, r1
    2368:	e9 f1       	breq	.+122    	; 0x23e4 <MDIO_voidTogPinValue+0xc6>
    236a:	4f c0       	rjmp	.+158    	; 0x240a <MDIO_voidTogPinValue+0xec>
	{
	case DIO_PORTA :
		TOG_BIT(PORTA , A_u8PinNumber) ;
    236c:	ab e3       	ldi	r26, 0x3B	; 59
    236e:	b0 e0       	ldi	r27, 0x00	; 0
    2370:	eb e3       	ldi	r30, 0x3B	; 59
    2372:	f0 e0       	ldi	r31, 0x00	; 0
    2374:	80 81       	ld	r24, Z
    2376:	48 2f       	mov	r20, r24
    2378:	8a 81       	ldd	r24, Y+2	; 0x02
    237a:	28 2f       	mov	r18, r24
    237c:	30 e0       	ldi	r19, 0x00	; 0
    237e:	81 e0       	ldi	r24, 0x01	; 1
    2380:	90 e0       	ldi	r25, 0x00	; 0
    2382:	02 2e       	mov	r0, r18
    2384:	02 c0       	rjmp	.+4      	; 0x238a <MDIO_voidTogPinValue+0x6c>
    2386:	88 0f       	add	r24, r24
    2388:	99 1f       	adc	r25, r25
    238a:	0a 94       	dec	r0
    238c:	e2 f7       	brpl	.-8      	; 0x2386 <MDIO_voidTogPinValue+0x68>
    238e:	84 27       	eor	r24, r20
    2390:	8c 93       	st	X, r24
    2392:	3b c0       	rjmp	.+118    	; 0x240a <MDIO_voidTogPinValue+0xec>
		break ;
	case DIO_PORTB :
		TOG_BIT(PORTB , A_u8PinNumber) ;
    2394:	a8 e3       	ldi	r26, 0x38	; 56
    2396:	b0 e0       	ldi	r27, 0x00	; 0
    2398:	e8 e3       	ldi	r30, 0x38	; 56
    239a:	f0 e0       	ldi	r31, 0x00	; 0
    239c:	80 81       	ld	r24, Z
    239e:	48 2f       	mov	r20, r24
    23a0:	8a 81       	ldd	r24, Y+2	; 0x02
    23a2:	28 2f       	mov	r18, r24
    23a4:	30 e0       	ldi	r19, 0x00	; 0
    23a6:	81 e0       	ldi	r24, 0x01	; 1
    23a8:	90 e0       	ldi	r25, 0x00	; 0
    23aa:	02 2e       	mov	r0, r18
    23ac:	02 c0       	rjmp	.+4      	; 0x23b2 <MDIO_voidTogPinValue+0x94>
    23ae:	88 0f       	add	r24, r24
    23b0:	99 1f       	adc	r25, r25
    23b2:	0a 94       	dec	r0
    23b4:	e2 f7       	brpl	.-8      	; 0x23ae <MDIO_voidTogPinValue+0x90>
    23b6:	84 27       	eor	r24, r20
    23b8:	8c 93       	st	X, r24
    23ba:	27 c0       	rjmp	.+78     	; 0x240a <MDIO_voidTogPinValue+0xec>
		break ;
	case DIO_PORTC :
		TOG_BIT(PORTC , A_u8PinNumber) ;
    23bc:	a5 e3       	ldi	r26, 0x35	; 53
    23be:	b0 e0       	ldi	r27, 0x00	; 0
    23c0:	e5 e3       	ldi	r30, 0x35	; 53
    23c2:	f0 e0       	ldi	r31, 0x00	; 0
    23c4:	80 81       	ld	r24, Z
    23c6:	48 2f       	mov	r20, r24
    23c8:	8a 81       	ldd	r24, Y+2	; 0x02
    23ca:	28 2f       	mov	r18, r24
    23cc:	30 e0       	ldi	r19, 0x00	; 0
    23ce:	81 e0       	ldi	r24, 0x01	; 1
    23d0:	90 e0       	ldi	r25, 0x00	; 0
    23d2:	02 2e       	mov	r0, r18
    23d4:	02 c0       	rjmp	.+4      	; 0x23da <MDIO_voidTogPinValue+0xbc>
    23d6:	88 0f       	add	r24, r24
    23d8:	99 1f       	adc	r25, r25
    23da:	0a 94       	dec	r0
    23dc:	e2 f7       	brpl	.-8      	; 0x23d6 <MDIO_voidTogPinValue+0xb8>
    23de:	84 27       	eor	r24, r20
    23e0:	8c 93       	st	X, r24
    23e2:	13 c0       	rjmp	.+38     	; 0x240a <MDIO_voidTogPinValue+0xec>
		break ;
	case DIO_PORTD :
		TOG_BIT(PORTD , A_u8PinNumber) ;
    23e4:	a2 e3       	ldi	r26, 0x32	; 50
    23e6:	b0 e0       	ldi	r27, 0x00	; 0
    23e8:	e2 e3       	ldi	r30, 0x32	; 50
    23ea:	f0 e0       	ldi	r31, 0x00	; 0
    23ec:	80 81       	ld	r24, Z
    23ee:	48 2f       	mov	r20, r24
    23f0:	8a 81       	ldd	r24, Y+2	; 0x02
    23f2:	28 2f       	mov	r18, r24
    23f4:	30 e0       	ldi	r19, 0x00	; 0
    23f6:	81 e0       	ldi	r24, 0x01	; 1
    23f8:	90 e0       	ldi	r25, 0x00	; 0
    23fa:	02 2e       	mov	r0, r18
    23fc:	02 c0       	rjmp	.+4      	; 0x2402 <MDIO_voidTogPinValue+0xe4>
    23fe:	88 0f       	add	r24, r24
    2400:	99 1f       	adc	r25, r25
    2402:	0a 94       	dec	r0
    2404:	e2 f7       	brpl	.-8      	; 0x23fe <MDIO_voidTogPinValue+0xe0>
    2406:	84 27       	eor	r24, r20
    2408:	8c 93       	st	X, r24
		break ;
	}
}
    240a:	0f 90       	pop	r0
    240c:	0f 90       	pop	r0
    240e:	0f 90       	pop	r0
    2410:	0f 90       	pop	r0
    2412:	cf 91       	pop	r28
    2414:	df 91       	pop	r29
    2416:	08 95       	ret

00002418 <MDIO_voidInitPort>:
void MDIO_voidInitPort      (u8 A_u8PortName , u8 A_u8PortMode)
{
    2418:	df 93       	push	r29
    241a:	cf 93       	push	r28
    241c:	00 d0       	rcall	.+0      	; 0x241e <MDIO_voidInitPort+0x6>
    241e:	00 d0       	rcall	.+0      	; 0x2420 <MDIO_voidInitPort+0x8>
    2420:	cd b7       	in	r28, 0x3d	; 61
    2422:	de b7       	in	r29, 0x3e	; 62
    2424:	89 83       	std	Y+1, r24	; 0x01
    2426:	6a 83       	std	Y+2, r22	; 0x02
	switch (A_u8PortName)
    2428:	89 81       	ldd	r24, Y+1	; 0x01
    242a:	28 2f       	mov	r18, r24
    242c:	30 e0       	ldi	r19, 0x00	; 0
    242e:	3c 83       	std	Y+4, r19	; 0x04
    2430:	2b 83       	std	Y+3, r18	; 0x03
    2432:	8b 81       	ldd	r24, Y+3	; 0x03
    2434:	9c 81       	ldd	r25, Y+4	; 0x04
    2436:	81 30       	cpi	r24, 0x01	; 1
    2438:	91 05       	cpc	r25, r1
    243a:	d1 f0       	breq	.+52     	; 0x2470 <MDIO_voidInitPort+0x58>
    243c:	2b 81       	ldd	r18, Y+3	; 0x03
    243e:	3c 81       	ldd	r19, Y+4	; 0x04
    2440:	22 30       	cpi	r18, 0x02	; 2
    2442:	31 05       	cpc	r19, r1
    2444:	2c f4       	brge	.+10     	; 0x2450 <MDIO_voidInitPort+0x38>
    2446:	8b 81       	ldd	r24, Y+3	; 0x03
    2448:	9c 81       	ldd	r25, Y+4	; 0x04
    244a:	00 97       	sbiw	r24, 0x00	; 0
    244c:	61 f0       	breq	.+24     	; 0x2466 <MDIO_voidInitPort+0x4e>
    244e:	1e c0       	rjmp	.+60     	; 0x248c <MDIO_voidInitPort+0x74>
    2450:	2b 81       	ldd	r18, Y+3	; 0x03
    2452:	3c 81       	ldd	r19, Y+4	; 0x04
    2454:	22 30       	cpi	r18, 0x02	; 2
    2456:	31 05       	cpc	r19, r1
    2458:	81 f0       	breq	.+32     	; 0x247a <MDIO_voidInitPort+0x62>
    245a:	8b 81       	ldd	r24, Y+3	; 0x03
    245c:	9c 81       	ldd	r25, Y+4	; 0x04
    245e:	83 30       	cpi	r24, 0x03	; 3
    2460:	91 05       	cpc	r25, r1
    2462:	81 f0       	breq	.+32     	; 0x2484 <MDIO_voidInitPort+0x6c>
    2464:	13 c0       	rjmp	.+38     	; 0x248c <MDIO_voidInitPort+0x74>
	{
	case DIO_PORTA :
		DDRA = A_u8PortMode ;
    2466:	ea e3       	ldi	r30, 0x3A	; 58
    2468:	f0 e0       	ldi	r31, 0x00	; 0
    246a:	8a 81       	ldd	r24, Y+2	; 0x02
    246c:	80 83       	st	Z, r24
    246e:	0e c0       	rjmp	.+28     	; 0x248c <MDIO_voidInitPort+0x74>
		break ;
	case DIO_PORTB :
		DDRB = A_u8PortMode ;
    2470:	e7 e3       	ldi	r30, 0x37	; 55
    2472:	f0 e0       	ldi	r31, 0x00	; 0
    2474:	8a 81       	ldd	r24, Y+2	; 0x02
    2476:	80 83       	st	Z, r24
    2478:	09 c0       	rjmp	.+18     	; 0x248c <MDIO_voidInitPort+0x74>
		break ;
	case DIO_PORTC :
		DDRC = A_u8PortMode ;
    247a:	e4 e3       	ldi	r30, 0x34	; 52
    247c:	f0 e0       	ldi	r31, 0x00	; 0
    247e:	8a 81       	ldd	r24, Y+2	; 0x02
    2480:	80 83       	st	Z, r24
    2482:	04 c0       	rjmp	.+8      	; 0x248c <MDIO_voidInitPort+0x74>
		break ;
	case DIO_PORTD :
		DDRD = A_u8PortMode ;
    2484:	e1 e3       	ldi	r30, 0x31	; 49
    2486:	f0 e0       	ldi	r31, 0x00	; 0
    2488:	8a 81       	ldd	r24, Y+2	; 0x02
    248a:	80 83       	st	Z, r24
		break ;
	}
}
    248c:	0f 90       	pop	r0
    248e:	0f 90       	pop	r0
    2490:	0f 90       	pop	r0
    2492:	0f 90       	pop	r0
    2494:	cf 91       	pop	r28
    2496:	df 91       	pop	r29
    2498:	08 95       	ret

0000249a <MDIO_voidSetPortValue>:
void MDIO_voidSetPortValue  (u8 A_u8PortName , u8 A_u8PortValue)
{
    249a:	df 93       	push	r29
    249c:	cf 93       	push	r28
    249e:	00 d0       	rcall	.+0      	; 0x24a0 <MDIO_voidSetPortValue+0x6>
    24a0:	00 d0       	rcall	.+0      	; 0x24a2 <MDIO_voidSetPortValue+0x8>
    24a2:	cd b7       	in	r28, 0x3d	; 61
    24a4:	de b7       	in	r29, 0x3e	; 62
    24a6:	89 83       	std	Y+1, r24	; 0x01
    24a8:	6a 83       	std	Y+2, r22	; 0x02
	switch (A_u8PortName)
    24aa:	89 81       	ldd	r24, Y+1	; 0x01
    24ac:	28 2f       	mov	r18, r24
    24ae:	30 e0       	ldi	r19, 0x00	; 0
    24b0:	3c 83       	std	Y+4, r19	; 0x04
    24b2:	2b 83       	std	Y+3, r18	; 0x03
    24b4:	8b 81       	ldd	r24, Y+3	; 0x03
    24b6:	9c 81       	ldd	r25, Y+4	; 0x04
    24b8:	81 30       	cpi	r24, 0x01	; 1
    24ba:	91 05       	cpc	r25, r1
    24bc:	d1 f0       	breq	.+52     	; 0x24f2 <MDIO_voidSetPortValue+0x58>
    24be:	2b 81       	ldd	r18, Y+3	; 0x03
    24c0:	3c 81       	ldd	r19, Y+4	; 0x04
    24c2:	22 30       	cpi	r18, 0x02	; 2
    24c4:	31 05       	cpc	r19, r1
    24c6:	2c f4       	brge	.+10     	; 0x24d2 <MDIO_voidSetPortValue+0x38>
    24c8:	8b 81       	ldd	r24, Y+3	; 0x03
    24ca:	9c 81       	ldd	r25, Y+4	; 0x04
    24cc:	00 97       	sbiw	r24, 0x00	; 0
    24ce:	61 f0       	breq	.+24     	; 0x24e8 <MDIO_voidSetPortValue+0x4e>
    24d0:	1e c0       	rjmp	.+60     	; 0x250e <MDIO_voidSetPortValue+0x74>
    24d2:	2b 81       	ldd	r18, Y+3	; 0x03
    24d4:	3c 81       	ldd	r19, Y+4	; 0x04
    24d6:	22 30       	cpi	r18, 0x02	; 2
    24d8:	31 05       	cpc	r19, r1
    24da:	81 f0       	breq	.+32     	; 0x24fc <MDIO_voidSetPortValue+0x62>
    24dc:	8b 81       	ldd	r24, Y+3	; 0x03
    24de:	9c 81       	ldd	r25, Y+4	; 0x04
    24e0:	83 30       	cpi	r24, 0x03	; 3
    24e2:	91 05       	cpc	r25, r1
    24e4:	81 f0       	breq	.+32     	; 0x2506 <MDIO_voidSetPortValue+0x6c>
    24e6:	13 c0       	rjmp	.+38     	; 0x250e <MDIO_voidSetPortValue+0x74>
	{
	case DIO_PORTA :
		PORTA = A_u8PortValue ;
    24e8:	eb e3       	ldi	r30, 0x3B	; 59
    24ea:	f0 e0       	ldi	r31, 0x00	; 0
    24ec:	8a 81       	ldd	r24, Y+2	; 0x02
    24ee:	80 83       	st	Z, r24
    24f0:	0e c0       	rjmp	.+28     	; 0x250e <MDIO_voidSetPortValue+0x74>
		break ;
	case DIO_PORTB :
		PORTB = A_u8PortValue ;
    24f2:	e8 e3       	ldi	r30, 0x38	; 56
    24f4:	f0 e0       	ldi	r31, 0x00	; 0
    24f6:	8a 81       	ldd	r24, Y+2	; 0x02
    24f8:	80 83       	st	Z, r24
    24fa:	09 c0       	rjmp	.+18     	; 0x250e <MDIO_voidSetPortValue+0x74>
		break ;
	case DIO_PORTC :
		PORTC = A_u8PortValue ;
    24fc:	e5 e3       	ldi	r30, 0x35	; 53
    24fe:	f0 e0       	ldi	r31, 0x00	; 0
    2500:	8a 81       	ldd	r24, Y+2	; 0x02
    2502:	80 83       	st	Z, r24
    2504:	04 c0       	rjmp	.+8      	; 0x250e <MDIO_voidSetPortValue+0x74>
		break ;
	case DIO_PORTD :
		PORTD = A_u8PortValue ;
    2506:	e2 e3       	ldi	r30, 0x32	; 50
    2508:	f0 e0       	ldi	r31, 0x00	; 0
    250a:	8a 81       	ldd	r24, Y+2	; 0x02
    250c:	80 83       	st	Z, r24
		break ;
	}
}
    250e:	0f 90       	pop	r0
    2510:	0f 90       	pop	r0
    2512:	0f 90       	pop	r0
    2514:	0f 90       	pop	r0
    2516:	cf 91       	pop	r28
    2518:	df 91       	pop	r29
    251a:	08 95       	ret

0000251c <MDIO_u8ReadPortValue>:
u8   MDIO_u8ReadPortValue   (u8 A_u8PortName )
{
    251c:	df 93       	push	r29
    251e:	cf 93       	push	r28
    2520:	00 d0       	rcall	.+0      	; 0x2522 <MDIO_u8ReadPortValue+0x6>
    2522:	00 d0       	rcall	.+0      	; 0x2524 <MDIO_u8ReadPortValue+0x8>
    2524:	cd b7       	in	r28, 0x3d	; 61
    2526:	de b7       	in	r29, 0x3e	; 62
    2528:	8a 83       	std	Y+2, r24	; 0x02
	u8 L_u8PortValue ;
	switch (A_u8PortName)
    252a:	8a 81       	ldd	r24, Y+2	; 0x02
    252c:	28 2f       	mov	r18, r24
    252e:	30 e0       	ldi	r19, 0x00	; 0
    2530:	3c 83       	std	Y+4, r19	; 0x04
    2532:	2b 83       	std	Y+3, r18	; 0x03
    2534:	8b 81       	ldd	r24, Y+3	; 0x03
    2536:	9c 81       	ldd	r25, Y+4	; 0x04
    2538:	81 30       	cpi	r24, 0x01	; 1
    253a:	91 05       	cpc	r25, r1
    253c:	d1 f0       	breq	.+52     	; 0x2572 <MDIO_u8ReadPortValue+0x56>
    253e:	2b 81       	ldd	r18, Y+3	; 0x03
    2540:	3c 81       	ldd	r19, Y+4	; 0x04
    2542:	22 30       	cpi	r18, 0x02	; 2
    2544:	31 05       	cpc	r19, r1
    2546:	2c f4       	brge	.+10     	; 0x2552 <MDIO_u8ReadPortValue+0x36>
    2548:	8b 81       	ldd	r24, Y+3	; 0x03
    254a:	9c 81       	ldd	r25, Y+4	; 0x04
    254c:	00 97       	sbiw	r24, 0x00	; 0
    254e:	61 f0       	breq	.+24     	; 0x2568 <MDIO_u8ReadPortValue+0x4c>
    2550:	1e c0       	rjmp	.+60     	; 0x258e <MDIO_u8ReadPortValue+0x72>
    2552:	2b 81       	ldd	r18, Y+3	; 0x03
    2554:	3c 81       	ldd	r19, Y+4	; 0x04
    2556:	22 30       	cpi	r18, 0x02	; 2
    2558:	31 05       	cpc	r19, r1
    255a:	81 f0       	breq	.+32     	; 0x257c <MDIO_u8ReadPortValue+0x60>
    255c:	8b 81       	ldd	r24, Y+3	; 0x03
    255e:	9c 81       	ldd	r25, Y+4	; 0x04
    2560:	83 30       	cpi	r24, 0x03	; 3
    2562:	91 05       	cpc	r25, r1
    2564:	81 f0       	breq	.+32     	; 0x2586 <MDIO_u8ReadPortValue+0x6a>
    2566:	13 c0       	rjmp	.+38     	; 0x258e <MDIO_u8ReadPortValue+0x72>
	{
	case DIO_PORTA :
		L_u8PortValue = PINA ;
    2568:	e9 e3       	ldi	r30, 0x39	; 57
    256a:	f0 e0       	ldi	r31, 0x00	; 0
    256c:	80 81       	ld	r24, Z
    256e:	89 83       	std	Y+1, r24	; 0x01
    2570:	0e c0       	rjmp	.+28     	; 0x258e <MDIO_u8ReadPortValue+0x72>
		break ;
	case DIO_PORTB :
		L_u8PortValue = PINB ;
    2572:	e6 e3       	ldi	r30, 0x36	; 54
    2574:	f0 e0       	ldi	r31, 0x00	; 0
    2576:	80 81       	ld	r24, Z
    2578:	89 83       	std	Y+1, r24	; 0x01
    257a:	09 c0       	rjmp	.+18     	; 0x258e <MDIO_u8ReadPortValue+0x72>
		break ;
	case DIO_PORTC :
		L_u8PortValue = PINC ;
    257c:	e3 e3       	ldi	r30, 0x33	; 51
    257e:	f0 e0       	ldi	r31, 0x00	; 0
    2580:	80 81       	ld	r24, Z
    2582:	89 83       	std	Y+1, r24	; 0x01
    2584:	04 c0       	rjmp	.+8      	; 0x258e <MDIO_u8ReadPortValue+0x72>
		break ;
	case DIO_PORTD :
		L_u8PortValue = PIND ;
    2586:	e0 e3       	ldi	r30, 0x30	; 48
    2588:	f0 e0       	ldi	r31, 0x00	; 0
    258a:	80 81       	ld	r24, Z
    258c:	89 83       	std	Y+1, r24	; 0x01
		break ;
	}
	return L_u8PortValue ;
    258e:	89 81       	ldd	r24, Y+1	; 0x01
}
    2590:	0f 90       	pop	r0
    2592:	0f 90       	pop	r0
    2594:	0f 90       	pop	r0
    2596:	0f 90       	pop	r0
    2598:	cf 91       	pop	r28
    259a:	df 91       	pop	r29
    259c:	08 95       	ret

0000259e <MDIO_vodiTogPortValue>:
void MDIO_vodiTogPortValue  (u8 A_u8PortName )
{
    259e:	df 93       	push	r29
    25a0:	cf 93       	push	r28
    25a2:	00 d0       	rcall	.+0      	; 0x25a4 <MDIO_vodiTogPortValue+0x6>
    25a4:	0f 92       	push	r0
    25a6:	cd b7       	in	r28, 0x3d	; 61
    25a8:	de b7       	in	r29, 0x3e	; 62
    25aa:	89 83       	std	Y+1, r24	; 0x01
	switch (A_u8PortName)
    25ac:	89 81       	ldd	r24, Y+1	; 0x01
    25ae:	28 2f       	mov	r18, r24
    25b0:	30 e0       	ldi	r19, 0x00	; 0
    25b2:	3b 83       	std	Y+3, r19	; 0x03
    25b4:	2a 83       	std	Y+2, r18	; 0x02
    25b6:	8a 81       	ldd	r24, Y+2	; 0x02
    25b8:	9b 81       	ldd	r25, Y+3	; 0x03
    25ba:	81 30       	cpi	r24, 0x01	; 1
    25bc:	91 05       	cpc	r25, r1
    25be:	e9 f0       	breq	.+58     	; 0x25fa <MDIO_vodiTogPortValue+0x5c>
    25c0:	2a 81       	ldd	r18, Y+2	; 0x02
    25c2:	3b 81       	ldd	r19, Y+3	; 0x03
    25c4:	22 30       	cpi	r18, 0x02	; 2
    25c6:	31 05       	cpc	r19, r1
    25c8:	2c f4       	brge	.+10     	; 0x25d4 <MDIO_vodiTogPortValue+0x36>
    25ca:	8a 81       	ldd	r24, Y+2	; 0x02
    25cc:	9b 81       	ldd	r25, Y+3	; 0x03
    25ce:	00 97       	sbiw	r24, 0x00	; 0
    25d0:	61 f0       	breq	.+24     	; 0x25ea <MDIO_vodiTogPortValue+0x4c>
    25d2:	2a c0       	rjmp	.+84     	; 0x2628 <MDIO_vodiTogPortValue+0x8a>
    25d4:	2a 81       	ldd	r18, Y+2	; 0x02
    25d6:	3b 81       	ldd	r19, Y+3	; 0x03
    25d8:	22 30       	cpi	r18, 0x02	; 2
    25da:	31 05       	cpc	r19, r1
    25dc:	b1 f0       	breq	.+44     	; 0x260a <MDIO_vodiTogPortValue+0x6c>
    25de:	8a 81       	ldd	r24, Y+2	; 0x02
    25e0:	9b 81       	ldd	r25, Y+3	; 0x03
    25e2:	83 30       	cpi	r24, 0x03	; 3
    25e4:	91 05       	cpc	r25, r1
    25e6:	c9 f0       	breq	.+50     	; 0x261a <MDIO_vodiTogPortValue+0x7c>
    25e8:	1f c0       	rjmp	.+62     	; 0x2628 <MDIO_vodiTogPortValue+0x8a>
	{
	case DIO_PORTA :
		PORTA = ~PORTA ;
    25ea:	ab e3       	ldi	r26, 0x3B	; 59
    25ec:	b0 e0       	ldi	r27, 0x00	; 0
    25ee:	eb e3       	ldi	r30, 0x3B	; 59
    25f0:	f0 e0       	ldi	r31, 0x00	; 0
    25f2:	80 81       	ld	r24, Z
    25f4:	80 95       	com	r24
    25f6:	8c 93       	st	X, r24
    25f8:	17 c0       	rjmp	.+46     	; 0x2628 <MDIO_vodiTogPortValue+0x8a>
		break ;
	case DIO_PORTB :
		PORTB = ~PORTB ;
    25fa:	a8 e3       	ldi	r26, 0x38	; 56
    25fc:	b0 e0       	ldi	r27, 0x00	; 0
    25fe:	e8 e3       	ldi	r30, 0x38	; 56
    2600:	f0 e0       	ldi	r31, 0x00	; 0
    2602:	80 81       	ld	r24, Z
    2604:	80 95       	com	r24
    2606:	8c 93       	st	X, r24
    2608:	0f c0       	rjmp	.+30     	; 0x2628 <MDIO_vodiTogPortValue+0x8a>
		break ;
	case DIO_PORTC :
		PORTC = ~PORTC ;
    260a:	a5 e3       	ldi	r26, 0x35	; 53
    260c:	b0 e0       	ldi	r27, 0x00	; 0
    260e:	e5 e3       	ldi	r30, 0x35	; 53
    2610:	f0 e0       	ldi	r31, 0x00	; 0
    2612:	80 81       	ld	r24, Z
    2614:	80 95       	com	r24
    2616:	8c 93       	st	X, r24
    2618:	07 c0       	rjmp	.+14     	; 0x2628 <MDIO_vodiTogPortValue+0x8a>
		break ;
	case DIO_PORTD :
		PORTD = ~PORTD ;
    261a:	a2 e3       	ldi	r26, 0x32	; 50
    261c:	b0 e0       	ldi	r27, 0x00	; 0
    261e:	e2 e3       	ldi	r30, 0x32	; 50
    2620:	f0 e0       	ldi	r31, 0x00	; 0
    2622:	80 81       	ld	r24, Z
    2624:	80 95       	com	r24
    2626:	8c 93       	st	X, r24
		break ;
	}
}
    2628:	0f 90       	pop	r0
    262a:	0f 90       	pop	r0
    262c:	0f 90       	pop	r0
    262e:	cf 91       	pop	r28
    2630:	df 91       	pop	r29
    2632:	08 95       	ret

00002634 <HUltrasonic_voidInit>:
#include "../../MCAL/DIO/DIO.h"

#include "Ultrasonic.h"
#include <util/delay.h>
void HUltrasonic_voidInit (void)
{
    2634:	df 93       	push	r29
    2636:	cf 93       	push	r28
    2638:	cd b7       	in	r28, 0x3d	; 61
    263a:	de b7       	in	r29, 0x3e	; 62
	MDIO_voidInitPin(TRIG_PORT, TRIG_PIN, DIO_OUTPUT) ;
    263c:	83 e0       	ldi	r24, 0x03	; 3
    263e:	61 e0       	ldi	r22, 0x01	; 1
    2640:	41 e0       	ldi	r20, 0x01	; 1
    2642:	0e 94 00 0f 	call	0x1e00	; 0x1e00 <MDIO_voidInitPin>
	MTimer1_voidInit(TIMER1_PRESCALLER_8, TIMER1_OVF) ;
    2646:	88 e0       	ldi	r24, 0x08	; 8
    2648:	90 e0       	ldi	r25, 0x00	; 0
    264a:	60 e0       	ldi	r22, 0x00	; 0
    264c:	0e 94 77 07 	call	0xeee	; 0xeee <MTimer1_voidInit>
}
    2650:	cf 91       	pop	r28
    2652:	df 91       	pop	r29
    2654:	08 95       	ret

00002656 <HUltrasonic_u32CalcDistance>:
u32  HUltrasonic_u32CalcDistance (void)
{
    2656:	df 93       	push	r29
    2658:	cf 93       	push	r28
    265a:	cd b7       	in	r28, 0x3d	; 61
    265c:	de b7       	in	r29, 0x3e	; 62
    265e:	6c 97       	sbiw	r28, 0x1c	; 28
    2660:	0f b6       	in	r0, 0x3f	; 63
    2662:	f8 94       	cli
    2664:	de bf       	out	0x3e, r29	; 62
    2666:	0f be       	out	0x3f, r0	; 63
    2668:	cd bf       	out	0x3d, r28	; 61
	u32 L_u32Distance ;
	MDIO_voidSetPinValue(TRIG_PORT, TRIG_PIN, DIO_HIGH) ;
    266a:	83 e0       	ldi	r24, 0x03	; 3
    266c:	61 e0       	ldi	r22, 0x01	; 1
    266e:	41 e0       	ldi	r20, 0x01	; 1
    2670:	0e 94 f2 0f 	call	0x1fe4	; 0x1fe4 <MDIO_voidSetPinValue>
    2674:	80 e0       	ldi	r24, 0x00	; 0
    2676:	90 e0       	ldi	r25, 0x00	; 0
    2678:	a0 e7       	ldi	r26, 0x70	; 112
    267a:	b2 e4       	ldi	r27, 0x42	; 66
    267c:	8d 8b       	std	Y+21, r24	; 0x15
    267e:	9e 8b       	std	Y+22, r25	; 0x16
    2680:	af 8b       	std	Y+23, r26	; 0x17
    2682:	b8 8f       	std	Y+24, r27	; 0x18
 */
void
_delay_us(double __us)
{
	uint8_t __ticks;
	double __tmp = ((F_CPU) / 3e6) * __us;
    2684:	6d 89       	ldd	r22, Y+21	; 0x15
    2686:	7e 89       	ldd	r23, Y+22	; 0x16
    2688:	8f 89       	ldd	r24, Y+23	; 0x17
    268a:	98 8d       	ldd	r25, Y+24	; 0x18
    268c:	2b ea       	ldi	r18, 0xAB	; 171
    268e:	3a ea       	ldi	r19, 0xAA	; 170
    2690:	4a e2       	ldi	r20, 0x2A	; 42
    2692:	50 e4       	ldi	r21, 0x40	; 64
    2694:	0e 94 1f 02 	call	0x43e	; 0x43e <__mulsf3>
    2698:	dc 01       	movw	r26, r24
    269a:	cb 01       	movw	r24, r22
    269c:	89 8b       	std	Y+17, r24	; 0x11
    269e:	9a 8b       	std	Y+18, r25	; 0x12
    26a0:	ab 8b       	std	Y+19, r26	; 0x13
    26a2:	bc 8b       	std	Y+20, r27	; 0x14
	if (__tmp < 1.0)
    26a4:	69 89       	ldd	r22, Y+17	; 0x11
    26a6:	7a 89       	ldd	r23, Y+18	; 0x12
    26a8:	8b 89       	ldd	r24, Y+19	; 0x13
    26aa:	9c 89       	ldd	r25, Y+20	; 0x14
    26ac:	20 e0       	ldi	r18, 0x00	; 0
    26ae:	30 e0       	ldi	r19, 0x00	; 0
    26b0:	40 e8       	ldi	r20, 0x80	; 128
    26b2:	5f e3       	ldi	r21, 0x3F	; 63
    26b4:	0e 94 85 04 	call	0x90a	; 0x90a <__ltsf2>
    26b8:	88 23       	and	r24, r24
    26ba:	1c f4       	brge	.+6      	; 0x26c2 <HUltrasonic_u32CalcDistance+0x6c>
		__ticks = 1;
    26bc:	81 e0       	ldi	r24, 0x01	; 1
    26be:	88 8b       	std	Y+16, r24	; 0x10
    26c0:	91 c0       	rjmp	.+290    	; 0x27e4 <HUltrasonic_u32CalcDistance+0x18e>
	else if (__tmp > 255)
    26c2:	69 89       	ldd	r22, Y+17	; 0x11
    26c4:	7a 89       	ldd	r23, Y+18	; 0x12
    26c6:	8b 89       	ldd	r24, Y+19	; 0x13
    26c8:	9c 89       	ldd	r25, Y+20	; 0x14
    26ca:	20 e0       	ldi	r18, 0x00	; 0
    26cc:	30 e0       	ldi	r19, 0x00	; 0
    26ce:	4f e7       	ldi	r20, 0x7F	; 127
    26d0:	53 e4       	ldi	r21, 0x43	; 67
    26d2:	0e 94 25 04 	call	0x84a	; 0x84a <__gtsf2>
    26d6:	18 16       	cp	r1, r24
    26d8:	0c f0       	brlt	.+2      	; 0x26dc <HUltrasonic_u32CalcDistance+0x86>
    26da:	7b c0       	rjmp	.+246    	; 0x27d2 <HUltrasonic_u32CalcDistance+0x17c>
	{
		_delay_ms(__us / 1000.0);
    26dc:	6d 89       	ldd	r22, Y+21	; 0x15
    26de:	7e 89       	ldd	r23, Y+22	; 0x16
    26e0:	8f 89       	ldd	r24, Y+23	; 0x17
    26e2:	98 8d       	ldd	r25, Y+24	; 0x18
    26e4:	20 e0       	ldi	r18, 0x00	; 0
    26e6:	30 e0       	ldi	r19, 0x00	; 0
    26e8:	4a e7       	ldi	r20, 0x7A	; 122
    26ea:	54 e4       	ldi	r21, 0x44	; 68
    26ec:	0e 94 19 03 	call	0x632	; 0x632 <__divsf3>
    26f0:	dc 01       	movw	r26, r24
    26f2:	cb 01       	movw	r24, r22
    26f4:	8c 87       	std	Y+12, r24	; 0x0c
    26f6:	9d 87       	std	Y+13, r25	; 0x0d
    26f8:	ae 87       	std	Y+14, r26	; 0x0e
    26fa:	bf 87       	std	Y+15, r27	; 0x0f
 */
void
_delay_ms(double __ms)
{
	uint16_t __ticks;
	double __tmp = ((F_CPU) / 4e3) * __ms;
    26fc:	6c 85       	ldd	r22, Y+12	; 0x0c
    26fe:	7d 85       	ldd	r23, Y+13	; 0x0d
    2700:	8e 85       	ldd	r24, Y+14	; 0x0e
    2702:	9f 85       	ldd	r25, Y+15	; 0x0f
    2704:	20 e0       	ldi	r18, 0x00	; 0
    2706:	30 e0       	ldi	r19, 0x00	; 0
    2708:	4a ef       	ldi	r20, 0xFA	; 250
    270a:	54 e4       	ldi	r21, 0x44	; 68
    270c:	0e 94 1f 02 	call	0x43e	; 0x43e <__mulsf3>
    2710:	dc 01       	movw	r26, r24
    2712:	cb 01       	movw	r24, r22
    2714:	88 87       	std	Y+8, r24	; 0x08
    2716:	99 87       	std	Y+9, r25	; 0x09
    2718:	aa 87       	std	Y+10, r26	; 0x0a
    271a:	bb 87       	std	Y+11, r27	; 0x0b
	if (__tmp < 1.0)
    271c:	68 85       	ldd	r22, Y+8	; 0x08
    271e:	79 85       	ldd	r23, Y+9	; 0x09
    2720:	8a 85       	ldd	r24, Y+10	; 0x0a
    2722:	9b 85       	ldd	r25, Y+11	; 0x0b
    2724:	20 e0       	ldi	r18, 0x00	; 0
    2726:	30 e0       	ldi	r19, 0x00	; 0
    2728:	40 e8       	ldi	r20, 0x80	; 128
    272a:	5f e3       	ldi	r21, 0x3F	; 63
    272c:	0e 94 85 04 	call	0x90a	; 0x90a <__ltsf2>
    2730:	88 23       	and	r24, r24
    2732:	2c f4       	brge	.+10     	; 0x273e <HUltrasonic_u32CalcDistance+0xe8>
		__ticks = 1;
    2734:	81 e0       	ldi	r24, 0x01	; 1
    2736:	90 e0       	ldi	r25, 0x00	; 0
    2738:	9f 83       	std	Y+7, r25	; 0x07
    273a:	8e 83       	std	Y+6, r24	; 0x06
    273c:	3f c0       	rjmp	.+126    	; 0x27bc <HUltrasonic_u32CalcDistance+0x166>
	else if (__tmp > 65535)
    273e:	68 85       	ldd	r22, Y+8	; 0x08
    2740:	79 85       	ldd	r23, Y+9	; 0x09
    2742:	8a 85       	ldd	r24, Y+10	; 0x0a
    2744:	9b 85       	ldd	r25, Y+11	; 0x0b
    2746:	20 e0       	ldi	r18, 0x00	; 0
    2748:	3f ef       	ldi	r19, 0xFF	; 255
    274a:	4f e7       	ldi	r20, 0x7F	; 127
    274c:	57 e4       	ldi	r21, 0x47	; 71
    274e:	0e 94 25 04 	call	0x84a	; 0x84a <__gtsf2>
    2752:	18 16       	cp	r1, r24
    2754:	4c f5       	brge	.+82     	; 0x27a8 <HUltrasonic_u32CalcDistance+0x152>
	{
		//	__ticks = requested delay in 1/10 ms
		__ticks = (uint16_t) (__ms * 10.0);
    2756:	6c 85       	ldd	r22, Y+12	; 0x0c
    2758:	7d 85       	ldd	r23, Y+13	; 0x0d
    275a:	8e 85       	ldd	r24, Y+14	; 0x0e
    275c:	9f 85       	ldd	r25, Y+15	; 0x0f
    275e:	20 e0       	ldi	r18, 0x00	; 0
    2760:	30 e0       	ldi	r19, 0x00	; 0
    2762:	40 e2       	ldi	r20, 0x20	; 32
    2764:	51 e4       	ldi	r21, 0x41	; 65
    2766:	0e 94 1f 02 	call	0x43e	; 0x43e <__mulsf3>
    276a:	dc 01       	movw	r26, r24
    276c:	cb 01       	movw	r24, r22
    276e:	bc 01       	movw	r22, r24
    2770:	cd 01       	movw	r24, r26
    2772:	0e 94 49 00 	call	0x92	; 0x92 <__fixunssfsi>
    2776:	dc 01       	movw	r26, r24
    2778:	cb 01       	movw	r24, r22
    277a:	9f 83       	std	Y+7, r25	; 0x07
    277c:	8e 83       	std	Y+6, r24	; 0x06
    277e:	0f c0       	rjmp	.+30     	; 0x279e <HUltrasonic_u32CalcDistance+0x148>
    2780:	88 ec       	ldi	r24, 0xC8	; 200
    2782:	90 e0       	ldi	r25, 0x00	; 0
    2784:	9d 83       	std	Y+5, r25	; 0x05
    2786:	8c 83       	std	Y+4, r24	; 0x04
    milliseconds can be achieved.
 */
void
_delay_loop_2(uint16_t __count)
{
	__asm__ volatile (
    2788:	8c 81       	ldd	r24, Y+4	; 0x04
    278a:	9d 81       	ldd	r25, Y+5	; 0x05
    278c:	01 97       	sbiw	r24, 0x01	; 1
    278e:	f1 f7       	brne	.-4      	; 0x278c <HUltrasonic_u32CalcDistance+0x136>
    2790:	9d 83       	std	Y+5, r25	; 0x05
    2792:	8c 83       	std	Y+4, r24	; 0x04
		while(__ticks)
		{
			// wait 1/10 ms
			_delay_loop_2(((F_CPU) / 4e3) / 10);
			__ticks --;
    2794:	8e 81       	ldd	r24, Y+6	; 0x06
    2796:	9f 81       	ldd	r25, Y+7	; 0x07
    2798:	01 97       	sbiw	r24, 0x01	; 1
    279a:	9f 83       	std	Y+7, r25	; 0x07
    279c:	8e 83       	std	Y+6, r24	; 0x06
		__ticks = 1;
	else if (__tmp > 65535)
	{
		//	__ticks = requested delay in 1/10 ms
		__ticks = (uint16_t) (__ms * 10.0);
		while(__ticks)
    279e:	8e 81       	ldd	r24, Y+6	; 0x06
    27a0:	9f 81       	ldd	r25, Y+7	; 0x07
    27a2:	00 97       	sbiw	r24, 0x00	; 0
    27a4:	69 f7       	brne	.-38     	; 0x2780 <HUltrasonic_u32CalcDistance+0x12a>
    27a6:	24 c0       	rjmp	.+72     	; 0x27f0 <HUltrasonic_u32CalcDistance+0x19a>
			__ticks --;
		}
		return;
	}
	else
		__ticks = (uint16_t)__tmp;
    27a8:	68 85       	ldd	r22, Y+8	; 0x08
    27aa:	79 85       	ldd	r23, Y+9	; 0x09
    27ac:	8a 85       	ldd	r24, Y+10	; 0x0a
    27ae:	9b 85       	ldd	r25, Y+11	; 0x0b
    27b0:	0e 94 49 00 	call	0x92	; 0x92 <__fixunssfsi>
    27b4:	dc 01       	movw	r26, r24
    27b6:	cb 01       	movw	r24, r22
    27b8:	9f 83       	std	Y+7, r25	; 0x07
    27ba:	8e 83       	std	Y+6, r24	; 0x06
    27bc:	8e 81       	ldd	r24, Y+6	; 0x06
    27be:	9f 81       	ldd	r25, Y+7	; 0x07
    27c0:	9b 83       	std	Y+3, r25	; 0x03
    27c2:	8a 83       	std	Y+2, r24	; 0x02
    27c4:	8a 81       	ldd	r24, Y+2	; 0x02
    27c6:	9b 81       	ldd	r25, Y+3	; 0x03
    27c8:	01 97       	sbiw	r24, 0x01	; 1
    27ca:	f1 f7       	brne	.-4      	; 0x27c8 <HUltrasonic_u32CalcDistance+0x172>
    27cc:	9b 83       	std	Y+3, r25	; 0x03
    27ce:	8a 83       	std	Y+2, r24	; 0x02
    27d0:	0f c0       	rjmp	.+30     	; 0x27f0 <HUltrasonic_u32CalcDistance+0x19a>
	{
		_delay_ms(__us / 1000.0);
		return;
	}
	else
		__ticks = (uint8_t)__tmp;
    27d2:	69 89       	ldd	r22, Y+17	; 0x11
    27d4:	7a 89       	ldd	r23, Y+18	; 0x12
    27d6:	8b 89       	ldd	r24, Y+19	; 0x13
    27d8:	9c 89       	ldd	r25, Y+20	; 0x14
    27da:	0e 94 49 00 	call	0x92	; 0x92 <__fixunssfsi>
    27de:	dc 01       	movw	r26, r24
    27e0:	cb 01       	movw	r24, r22
    27e2:	88 8b       	std	Y+16, r24	; 0x10
    27e4:	88 89       	ldd	r24, Y+16	; 0x10
    27e6:	89 83       	std	Y+1, r24	; 0x01
    can be achieved.
*/
void
_delay_loop_1(uint8_t __count)
{
	__asm__ volatile (
    27e8:	89 81       	ldd	r24, Y+1	; 0x01
    27ea:	8a 95       	dec	r24
    27ec:	f1 f7       	brne	.-4      	; 0x27ea <HUltrasonic_u32CalcDistance+0x194>
    27ee:	89 83       	std	Y+1, r24	; 0x01
	_delay_us(60) ;
	MDIO_voidSetPinValue(TRIG_PORT, TRIG_PIN, DIO_LOW) ;
    27f0:	83 e0       	ldi	r24, 0x03	; 3
    27f2:	61 e0       	ldi	r22, 0x01	; 1
    27f4:	40 e0       	ldi	r20, 0x00	; 0
    27f6:	0e 94 f2 0f 	call	0x1fe4	; 0x1fe4 <MDIO_voidSetPinValue>
	L_u32Distance = (17300 * MTimer1_u32CalcTonCounts())/1000000.0 ;
    27fa:	0e 94 6d 0d 	call	0x1ada	; 0x1ada <MTimer1_u32CalcTonCounts>
    27fe:	dc 01       	movw	r26, r24
    2800:	cb 01       	movw	r24, r22
    2802:	24 e9       	ldi	r18, 0x94	; 148
    2804:	33 e4       	ldi	r19, 0x43	; 67
    2806:	40 e0       	ldi	r20, 0x00	; 0
    2808:	50 e0       	ldi	r21, 0x00	; 0
    280a:	bc 01       	movw	r22, r24
    280c:	cd 01       	movw	r24, r26
    280e:	0e 94 df 22 	call	0x45be	; 0x45be <__mulsi3>
    2812:	dc 01       	movw	r26, r24
    2814:	cb 01       	movw	r24, r22
    2816:	bc 01       	movw	r22, r24
    2818:	cd 01       	movw	r24, r26
    281a:	0e 94 09 05 	call	0xa12	; 0xa12 <__floatunsisf>
    281e:	dc 01       	movw	r26, r24
    2820:	cb 01       	movw	r24, r22
    2822:	bc 01       	movw	r22, r24
    2824:	cd 01       	movw	r24, r26
    2826:	20 e0       	ldi	r18, 0x00	; 0
    2828:	34 e2       	ldi	r19, 0x24	; 36
    282a:	44 e7       	ldi	r20, 0x74	; 116
    282c:	59 e4       	ldi	r21, 0x49	; 73
    282e:	0e 94 19 03 	call	0x632	; 0x632 <__divsf3>
    2832:	dc 01       	movw	r26, r24
    2834:	cb 01       	movw	r24, r22
    2836:	bc 01       	movw	r22, r24
    2838:	cd 01       	movw	r24, r26
    283a:	0e 94 49 00 	call	0x92	; 0x92 <__fixunssfsi>
    283e:	dc 01       	movw	r26, r24
    2840:	cb 01       	movw	r24, r22
    2842:	89 8f       	std	Y+25, r24	; 0x19
    2844:	9a 8f       	std	Y+26, r25	; 0x1a
    2846:	ab 8f       	std	Y+27, r26	; 0x1b
    2848:	bc 8f       	std	Y+28, r27	; 0x1c
	return L_u32Distance ;
    284a:	89 8d       	ldd	r24, Y+25	; 0x19
    284c:	9a 8d       	ldd	r25, Y+26	; 0x1a
    284e:	ab 8d       	ldd	r26, Y+27	; 0x1b
    2850:	bc 8d       	ldd	r27, Y+28	; 0x1c
}
    2852:	bc 01       	movw	r22, r24
    2854:	cd 01       	movw	r24, r26
    2856:	6c 96       	adiw	r28, 0x1c	; 28
    2858:	0f b6       	in	r0, 0x3f	; 63
    285a:	f8 94       	cli
    285c:	de bf       	out	0x3e, r29	; 62
    285e:	0f be       	out	0x3f, r0	; 63
    2860:	cd bf       	out	0x3d, r28	; 61
    2862:	cf 91       	pop	r28
    2864:	df 91       	pop	r29
    2866:	08 95       	ret

00002868 <HPB_voidInit>:

#include "PB.h"
#include <util/delay.h>

void HPB_voidInit (A_u8PbPort , A_u8PbPin)
{
    2868:	df 93       	push	r29
    286a:	cf 93       	push	r28
    286c:	00 d0       	rcall	.+0      	; 0x286e <HPB_voidInit+0x6>
    286e:	00 d0       	rcall	.+0      	; 0x2870 <HPB_voidInit+0x8>
    2870:	cd b7       	in	r28, 0x3d	; 61
    2872:	de b7       	in	r29, 0x3e	; 62
    2874:	9a 83       	std	Y+2, r25	; 0x02
    2876:	89 83       	std	Y+1, r24	; 0x01
    2878:	7c 83       	std	Y+4, r23	; 0x04
    287a:	6b 83       	std	Y+3, r22	; 0x03
	MDIO_voidInitPin(A_u8PbPort, A_u8PbPin, DIO_INPUT) ;
    287c:	89 81       	ldd	r24, Y+1	; 0x01
    287e:	9b 81       	ldd	r25, Y+3	; 0x03
    2880:	69 2f       	mov	r22, r25
    2882:	40 e0       	ldi	r20, 0x00	; 0
    2884:	0e 94 00 0f 	call	0x1e00	; 0x1e00 <MDIO_voidInitPin>
	MDIO_voidSetPinValue(A_u8PbPort, A_u8PbPin, DIO_HIGH) ;
    2888:	89 81       	ldd	r24, Y+1	; 0x01
    288a:	9b 81       	ldd	r25, Y+3	; 0x03
    288c:	69 2f       	mov	r22, r25
    288e:	41 e0       	ldi	r20, 0x01	; 1
    2890:	0e 94 f2 0f 	call	0x1fe4	; 0x1fe4 <MDIO_voidSetPinValue>
}
    2894:	0f 90       	pop	r0
    2896:	0f 90       	pop	r0
    2898:	0f 90       	pop	r0
    289a:	0f 90       	pop	r0
    289c:	cf 91       	pop	r28
    289e:	df 91       	pop	r29
    28a0:	08 95       	ret

000028a2 <HPB_u8GetStatues>:
u8   HPB_u8GetStatues (A_u8PbPort , A_u8PbPin)
{
    28a2:	df 93       	push	r29
    28a4:	cf 93       	push	r28
    28a6:	cd b7       	in	r28, 0x3d	; 61
    28a8:	de b7       	in	r29, 0x3e	; 62
    28aa:	a1 97       	sbiw	r28, 0x21	; 33
    28ac:	0f b6       	in	r0, 0x3f	; 63
    28ae:	f8 94       	cli
    28b0:	de bf       	out	0x3e, r29	; 62
    28b2:	0f be       	out	0x3f, r0	; 63
    28b4:	cd bf       	out	0x3d, r28	; 61
    28b6:	9f 8f       	std	Y+31, r25	; 0x1f
    28b8:	8e 8f       	std	Y+30, r24	; 0x1e
    28ba:	79 a3       	std	Y+33, r23	; 0x21
    28bc:	68 a3       	std	Y+32, r22	; 0x20
	u8 L_u8PbStaus ;
	L_u8PbStaus =  MDIO_u8ReadPinValue(A_u8PbPort, A_u8PbPin) ;
    28be:	8e 8d       	ldd	r24, Y+30	; 0x1e
    28c0:	98 a1       	ldd	r25, Y+32	; 0x20
    28c2:	69 2f       	mov	r22, r25
    28c4:	0e 94 e4 10 	call	0x21c8	; 0x21c8 <MDIO_u8ReadPinValue>
    28c8:	8d 8f       	std	Y+29, r24	; 0x1d
	if (L_u8PbStaus == PB_PRESSED)
    28ca:	8d 8d       	ldd	r24, Y+29	; 0x1d
    28cc:	88 23       	and	r24, r24
    28ce:	09 f0       	breq	.+2      	; 0x28d2 <HPB_u8GetStatues+0x30>
    28d0:	e6 c0       	rjmp	.+460    	; 0x2a9e <HPB_u8GetStatues+0x1fc>
    28d2:	80 e0       	ldi	r24, 0x00	; 0
    28d4:	90 e0       	ldi	r25, 0x00	; 0
    28d6:	a0 ea       	ldi	r26, 0xA0	; 160
    28d8:	b1 e4       	ldi	r27, 0x41	; 65
    28da:	89 8f       	std	Y+25, r24	; 0x19
    28dc:	9a 8f       	std	Y+26, r25	; 0x1a
    28de:	ab 8f       	std	Y+27, r26	; 0x1b
    28e0:	bc 8f       	std	Y+28, r27	; 0x1c
 */
void
_delay_ms(double __ms)
{
	uint16_t __ticks;
	double __tmp = ((F_CPU) / 4e3) * __ms;
    28e2:	69 8d       	ldd	r22, Y+25	; 0x19
    28e4:	7a 8d       	ldd	r23, Y+26	; 0x1a
    28e6:	8b 8d       	ldd	r24, Y+27	; 0x1b
    28e8:	9c 8d       	ldd	r25, Y+28	; 0x1c
    28ea:	20 e0       	ldi	r18, 0x00	; 0
    28ec:	30 e0       	ldi	r19, 0x00	; 0
    28ee:	4a ef       	ldi	r20, 0xFA	; 250
    28f0:	54 e4       	ldi	r21, 0x44	; 68
    28f2:	0e 94 1f 02 	call	0x43e	; 0x43e <__mulsf3>
    28f6:	dc 01       	movw	r26, r24
    28f8:	cb 01       	movw	r24, r22
    28fa:	8d 8b       	std	Y+21, r24	; 0x15
    28fc:	9e 8b       	std	Y+22, r25	; 0x16
    28fe:	af 8b       	std	Y+23, r26	; 0x17
    2900:	b8 8f       	std	Y+24, r27	; 0x18
	if (__tmp < 1.0)
    2902:	6d 89       	ldd	r22, Y+21	; 0x15
    2904:	7e 89       	ldd	r23, Y+22	; 0x16
    2906:	8f 89       	ldd	r24, Y+23	; 0x17
    2908:	98 8d       	ldd	r25, Y+24	; 0x18
    290a:	20 e0       	ldi	r18, 0x00	; 0
    290c:	30 e0       	ldi	r19, 0x00	; 0
    290e:	40 e8       	ldi	r20, 0x80	; 128
    2910:	5f e3       	ldi	r21, 0x3F	; 63
    2912:	0e 94 85 04 	call	0x90a	; 0x90a <__ltsf2>
    2916:	88 23       	and	r24, r24
    2918:	2c f4       	brge	.+10     	; 0x2924 <HPB_u8GetStatues+0x82>
		__ticks = 1;
    291a:	81 e0       	ldi	r24, 0x01	; 1
    291c:	90 e0       	ldi	r25, 0x00	; 0
    291e:	9c 8b       	std	Y+20, r25	; 0x14
    2920:	8b 8b       	std	Y+19, r24	; 0x13
    2922:	3f c0       	rjmp	.+126    	; 0x29a2 <HPB_u8GetStatues+0x100>
	else if (__tmp > 65535)
    2924:	6d 89       	ldd	r22, Y+21	; 0x15
    2926:	7e 89       	ldd	r23, Y+22	; 0x16
    2928:	8f 89       	ldd	r24, Y+23	; 0x17
    292a:	98 8d       	ldd	r25, Y+24	; 0x18
    292c:	20 e0       	ldi	r18, 0x00	; 0
    292e:	3f ef       	ldi	r19, 0xFF	; 255
    2930:	4f e7       	ldi	r20, 0x7F	; 127
    2932:	57 e4       	ldi	r21, 0x47	; 71
    2934:	0e 94 25 04 	call	0x84a	; 0x84a <__gtsf2>
    2938:	18 16       	cp	r1, r24
    293a:	4c f5       	brge	.+82     	; 0x298e <HPB_u8GetStatues+0xec>
	{
		//	__ticks = requested delay in 1/10 ms
		__ticks = (uint16_t) (__ms * 10.0);
    293c:	69 8d       	ldd	r22, Y+25	; 0x19
    293e:	7a 8d       	ldd	r23, Y+26	; 0x1a
    2940:	8b 8d       	ldd	r24, Y+27	; 0x1b
    2942:	9c 8d       	ldd	r25, Y+28	; 0x1c
    2944:	20 e0       	ldi	r18, 0x00	; 0
    2946:	30 e0       	ldi	r19, 0x00	; 0
    2948:	40 e2       	ldi	r20, 0x20	; 32
    294a:	51 e4       	ldi	r21, 0x41	; 65
    294c:	0e 94 1f 02 	call	0x43e	; 0x43e <__mulsf3>
    2950:	dc 01       	movw	r26, r24
    2952:	cb 01       	movw	r24, r22
    2954:	bc 01       	movw	r22, r24
    2956:	cd 01       	movw	r24, r26
    2958:	0e 94 49 00 	call	0x92	; 0x92 <__fixunssfsi>
    295c:	dc 01       	movw	r26, r24
    295e:	cb 01       	movw	r24, r22
    2960:	9c 8b       	std	Y+20, r25	; 0x14
    2962:	8b 8b       	std	Y+19, r24	; 0x13
    2964:	0f c0       	rjmp	.+30     	; 0x2984 <HPB_u8GetStatues+0xe2>
    2966:	88 ec       	ldi	r24, 0xC8	; 200
    2968:	90 e0       	ldi	r25, 0x00	; 0
    296a:	9a 8b       	std	Y+18, r25	; 0x12
    296c:	89 8b       	std	Y+17, r24	; 0x11
    milliseconds can be achieved.
 */
void
_delay_loop_2(uint16_t __count)
{
	__asm__ volatile (
    296e:	89 89       	ldd	r24, Y+17	; 0x11
    2970:	9a 89       	ldd	r25, Y+18	; 0x12
    2972:	01 97       	sbiw	r24, 0x01	; 1
    2974:	f1 f7       	brne	.-4      	; 0x2972 <HPB_u8GetStatues+0xd0>
    2976:	9a 8b       	std	Y+18, r25	; 0x12
    2978:	89 8b       	std	Y+17, r24	; 0x11
		while(__ticks)
		{
			// wait 1/10 ms
			_delay_loop_2(((F_CPU) / 4e3) / 10);
			__ticks --;
    297a:	8b 89       	ldd	r24, Y+19	; 0x13
    297c:	9c 89       	ldd	r25, Y+20	; 0x14
    297e:	01 97       	sbiw	r24, 0x01	; 1
    2980:	9c 8b       	std	Y+20, r25	; 0x14
    2982:	8b 8b       	std	Y+19, r24	; 0x13
		__ticks = 1;
	else if (__tmp > 65535)
	{
		//	__ticks = requested delay in 1/10 ms
		__ticks = (uint16_t) (__ms * 10.0);
		while(__ticks)
    2984:	8b 89       	ldd	r24, Y+19	; 0x13
    2986:	9c 89       	ldd	r25, Y+20	; 0x14
    2988:	00 97       	sbiw	r24, 0x00	; 0
    298a:	69 f7       	brne	.-38     	; 0x2966 <HPB_u8GetStatues+0xc4>
    298c:	14 c0       	rjmp	.+40     	; 0x29b6 <HPB_u8GetStatues+0x114>
			__ticks --;
		}
		return;
	}
	else
		__ticks = (uint16_t)__tmp;
    298e:	6d 89       	ldd	r22, Y+21	; 0x15
    2990:	7e 89       	ldd	r23, Y+22	; 0x16
    2992:	8f 89       	ldd	r24, Y+23	; 0x17
    2994:	98 8d       	ldd	r25, Y+24	; 0x18
    2996:	0e 94 49 00 	call	0x92	; 0x92 <__fixunssfsi>
    299a:	dc 01       	movw	r26, r24
    299c:	cb 01       	movw	r24, r22
    299e:	9c 8b       	std	Y+20, r25	; 0x14
    29a0:	8b 8b       	std	Y+19, r24	; 0x13
    29a2:	8b 89       	ldd	r24, Y+19	; 0x13
    29a4:	9c 89       	ldd	r25, Y+20	; 0x14
    29a6:	98 8b       	std	Y+16, r25	; 0x10
    29a8:	8f 87       	std	Y+15, r24	; 0x0f
    29aa:	8f 85       	ldd	r24, Y+15	; 0x0f
    29ac:	98 89       	ldd	r25, Y+16	; 0x10
    29ae:	01 97       	sbiw	r24, 0x01	; 1
    29b0:	f1 f7       	brne	.-4      	; 0x29ae <HPB_u8GetStatues+0x10c>
    29b2:	98 8b       	std	Y+16, r25	; 0x10
    29b4:	8f 87       	std	Y+15, r24	; 0x0f
	{
		_delay_ms(20) ;
		//if (MDIO_u8ReadPinValue(A_u8PbPort, A_u8PbPin) == PB_PRESSED)
		//{
			L_u8PbStaus = PB_PRESSED ;
    29b6:	1d 8e       	std	Y+29, r1	; 0x1d
    29b8:	80 e0       	ldi	r24, 0x00	; 0
    29ba:	90 e0       	ldi	r25, 0x00	; 0
    29bc:	a0 ea       	ldi	r26, 0xA0	; 160
    29be:	b1 e4       	ldi	r27, 0x41	; 65
    29c0:	8b 87       	std	Y+11, r24	; 0x0b
    29c2:	9c 87       	std	Y+12, r25	; 0x0c
    29c4:	ad 87       	std	Y+13, r26	; 0x0d
    29c6:	be 87       	std	Y+14, r27	; 0x0e
 */
void
_delay_ms(double __ms)
{
	uint16_t __ticks;
	double __tmp = ((F_CPU) / 4e3) * __ms;
    29c8:	6b 85       	ldd	r22, Y+11	; 0x0b
    29ca:	7c 85       	ldd	r23, Y+12	; 0x0c
    29cc:	8d 85       	ldd	r24, Y+13	; 0x0d
    29ce:	9e 85       	ldd	r25, Y+14	; 0x0e
    29d0:	20 e0       	ldi	r18, 0x00	; 0
    29d2:	30 e0       	ldi	r19, 0x00	; 0
    29d4:	4a ef       	ldi	r20, 0xFA	; 250
    29d6:	54 e4       	ldi	r21, 0x44	; 68
    29d8:	0e 94 1f 02 	call	0x43e	; 0x43e <__mulsf3>
    29dc:	dc 01       	movw	r26, r24
    29de:	cb 01       	movw	r24, r22
    29e0:	8f 83       	std	Y+7, r24	; 0x07
    29e2:	98 87       	std	Y+8, r25	; 0x08
    29e4:	a9 87       	std	Y+9, r26	; 0x09
    29e6:	ba 87       	std	Y+10, r27	; 0x0a
	if (__tmp < 1.0)
    29e8:	6f 81       	ldd	r22, Y+7	; 0x07
    29ea:	78 85       	ldd	r23, Y+8	; 0x08
    29ec:	89 85       	ldd	r24, Y+9	; 0x09
    29ee:	9a 85       	ldd	r25, Y+10	; 0x0a
    29f0:	20 e0       	ldi	r18, 0x00	; 0
    29f2:	30 e0       	ldi	r19, 0x00	; 0
    29f4:	40 e8       	ldi	r20, 0x80	; 128
    29f6:	5f e3       	ldi	r21, 0x3F	; 63
    29f8:	0e 94 85 04 	call	0x90a	; 0x90a <__ltsf2>
    29fc:	88 23       	and	r24, r24
    29fe:	2c f4       	brge	.+10     	; 0x2a0a <HPB_u8GetStatues+0x168>
		__ticks = 1;
    2a00:	81 e0       	ldi	r24, 0x01	; 1
    2a02:	90 e0       	ldi	r25, 0x00	; 0
    2a04:	9e 83       	std	Y+6, r25	; 0x06
    2a06:	8d 83       	std	Y+5, r24	; 0x05
    2a08:	3f c0       	rjmp	.+126    	; 0x2a88 <HPB_u8GetStatues+0x1e6>
	else if (__tmp > 65535)
    2a0a:	6f 81       	ldd	r22, Y+7	; 0x07
    2a0c:	78 85       	ldd	r23, Y+8	; 0x08
    2a0e:	89 85       	ldd	r24, Y+9	; 0x09
    2a10:	9a 85       	ldd	r25, Y+10	; 0x0a
    2a12:	20 e0       	ldi	r18, 0x00	; 0
    2a14:	3f ef       	ldi	r19, 0xFF	; 255
    2a16:	4f e7       	ldi	r20, 0x7F	; 127
    2a18:	57 e4       	ldi	r21, 0x47	; 71
    2a1a:	0e 94 25 04 	call	0x84a	; 0x84a <__gtsf2>
    2a1e:	18 16       	cp	r1, r24
    2a20:	4c f5       	brge	.+82     	; 0x2a74 <HPB_u8GetStatues+0x1d2>
	{
		//	__ticks = requested delay in 1/10 ms
		__ticks = (uint16_t) (__ms * 10.0);
    2a22:	6b 85       	ldd	r22, Y+11	; 0x0b
    2a24:	7c 85       	ldd	r23, Y+12	; 0x0c
    2a26:	8d 85       	ldd	r24, Y+13	; 0x0d
    2a28:	9e 85       	ldd	r25, Y+14	; 0x0e
    2a2a:	20 e0       	ldi	r18, 0x00	; 0
    2a2c:	30 e0       	ldi	r19, 0x00	; 0
    2a2e:	40 e2       	ldi	r20, 0x20	; 32
    2a30:	51 e4       	ldi	r21, 0x41	; 65
    2a32:	0e 94 1f 02 	call	0x43e	; 0x43e <__mulsf3>
    2a36:	dc 01       	movw	r26, r24
    2a38:	cb 01       	movw	r24, r22
    2a3a:	bc 01       	movw	r22, r24
    2a3c:	cd 01       	movw	r24, r26
    2a3e:	0e 94 49 00 	call	0x92	; 0x92 <__fixunssfsi>
    2a42:	dc 01       	movw	r26, r24
    2a44:	cb 01       	movw	r24, r22
    2a46:	9e 83       	std	Y+6, r25	; 0x06
    2a48:	8d 83       	std	Y+5, r24	; 0x05
    2a4a:	0f c0       	rjmp	.+30     	; 0x2a6a <HPB_u8GetStatues+0x1c8>
    2a4c:	88 ec       	ldi	r24, 0xC8	; 200
    2a4e:	90 e0       	ldi	r25, 0x00	; 0
    2a50:	9c 83       	std	Y+4, r25	; 0x04
    2a52:	8b 83       	std	Y+3, r24	; 0x03
    2a54:	8b 81       	ldd	r24, Y+3	; 0x03
    2a56:	9c 81       	ldd	r25, Y+4	; 0x04
    2a58:	01 97       	sbiw	r24, 0x01	; 1
    2a5a:	f1 f7       	brne	.-4      	; 0x2a58 <HPB_u8GetStatues+0x1b6>
    2a5c:	9c 83       	std	Y+4, r25	; 0x04
    2a5e:	8b 83       	std	Y+3, r24	; 0x03
		while(__ticks)
		{
			// wait 1/10 ms
			_delay_loop_2(((F_CPU) / 4e3) / 10);
			__ticks --;
    2a60:	8d 81       	ldd	r24, Y+5	; 0x05
    2a62:	9e 81       	ldd	r25, Y+6	; 0x06
    2a64:	01 97       	sbiw	r24, 0x01	; 1
    2a66:	9e 83       	std	Y+6, r25	; 0x06
    2a68:	8d 83       	std	Y+5, r24	; 0x05
		__ticks = 1;
	else if (__tmp > 65535)
	{
		//	__ticks = requested delay in 1/10 ms
		__ticks = (uint16_t) (__ms * 10.0);
		while(__ticks)
    2a6a:	8d 81       	ldd	r24, Y+5	; 0x05
    2a6c:	9e 81       	ldd	r25, Y+6	; 0x06
    2a6e:	00 97       	sbiw	r24, 0x00	; 0
    2a70:	69 f7       	brne	.-38     	; 0x2a4c <HPB_u8GetStatues+0x1aa>
    2a72:	17 c0       	rjmp	.+46     	; 0x2aa2 <HPB_u8GetStatues+0x200>
			__ticks --;
		}
		return;
	}
	else
		__ticks = (uint16_t)__tmp;
    2a74:	6f 81       	ldd	r22, Y+7	; 0x07
    2a76:	78 85       	ldd	r23, Y+8	; 0x08
    2a78:	89 85       	ldd	r24, Y+9	; 0x09
    2a7a:	9a 85       	ldd	r25, Y+10	; 0x0a
    2a7c:	0e 94 49 00 	call	0x92	; 0x92 <__fixunssfsi>
    2a80:	dc 01       	movw	r26, r24
    2a82:	cb 01       	movw	r24, r22
    2a84:	9e 83       	std	Y+6, r25	; 0x06
    2a86:	8d 83       	std	Y+5, r24	; 0x05
    2a88:	8d 81       	ldd	r24, Y+5	; 0x05
    2a8a:	9e 81       	ldd	r25, Y+6	; 0x06
    2a8c:	9a 83       	std	Y+2, r25	; 0x02
    2a8e:	89 83       	std	Y+1, r24	; 0x01
    2a90:	89 81       	ldd	r24, Y+1	; 0x01
    2a92:	9a 81       	ldd	r25, Y+2	; 0x02
    2a94:	01 97       	sbiw	r24, 0x01	; 1
    2a96:	f1 f7       	brne	.-4      	; 0x2a94 <HPB_u8GetStatues+0x1f2>
    2a98:	9a 83       	std	Y+2, r25	; 0x02
    2a9a:	89 83       	std	Y+1, r24	; 0x01
    2a9c:	02 c0       	rjmp	.+4      	; 0x2aa2 <HPB_u8GetStatues+0x200>
			_delay_ms(20) ;

		//}
	}else
		{
			L_u8PbStaus = PB_NOT_PRESSED ;
    2a9e:	81 e0       	ldi	r24, 0x01	; 1
    2aa0:	8d 8f       	std	Y+29, r24	; 0x1d
		}

	return L_u8PbStaus ;
    2aa2:	8d 8d       	ldd	r24, Y+29	; 0x1d
}
    2aa4:	a1 96       	adiw	r28, 0x21	; 33
    2aa6:	0f b6       	in	r0, 0x3f	; 63
    2aa8:	f8 94       	cli
    2aaa:	de bf       	out	0x3e, r29	; 62
    2aac:	0f be       	out	0x3f, r0	; 63
    2aae:	cd bf       	out	0x3d, r28	; 61
    2ab0:	cf 91       	pop	r28
    2ab2:	df 91       	pop	r29
    2ab4:	08 95       	ret

00002ab6 <HState_voidStateCar>:
void HState_voidStateCar(u8 A_u8PbPort, u8 A_u8PbPin, u8 A_u8PbPin1, u8 A_u8PbPin2, u8 A_u8PbPin3, u8 A_u8PbPin4){
    2ab6:	ef 92       	push	r14
    2ab8:	0f 93       	push	r16
    2aba:	df 93       	push	r29
    2abc:	cf 93       	push	r28
    2abe:	cd b7       	in	r28, 0x3d	; 61
    2ac0:	de b7       	in	r29, 0x3e	; 62
    2ac2:	28 97       	sbiw	r28, 0x08	; 8
    2ac4:	0f b6       	in	r0, 0x3f	; 63
    2ac6:	f8 94       	cli
    2ac8:	de bf       	out	0x3e, r29	; 62
    2aca:	0f be       	out	0x3f, r0	; 63
    2acc:	cd bf       	out	0x3d, r28	; 61
    2ace:	89 83       	std	Y+1, r24	; 0x01
    2ad0:	6a 83       	std	Y+2, r22	; 0x02
    2ad2:	4b 83       	std	Y+3, r20	; 0x03
    2ad4:	2c 83       	std	Y+4, r18	; 0x04
    2ad6:	0d 83       	std	Y+5, r16	; 0x05
    2ad8:	ee 82       	std	Y+6, r14	; 0x06


	MDIO_voidInitPin(A_u8PbPort, A_u8PbPin1 , DIO_OUTPUT);
    2ada:	89 81       	ldd	r24, Y+1	; 0x01
    2adc:	6b 81       	ldd	r22, Y+3	; 0x03
    2ade:	41 e0       	ldi	r20, 0x01	; 1
    2ae0:	0e 94 00 0f 	call	0x1e00	; 0x1e00 <MDIO_voidInitPin>
	MDIO_voidInitPin(A_u8PbPort, A_u8PbPin2 , DIO_OUTPUT);
    2ae4:	89 81       	ldd	r24, Y+1	; 0x01
    2ae6:	6c 81       	ldd	r22, Y+4	; 0x04
    2ae8:	41 e0       	ldi	r20, 0x01	; 1
    2aea:	0e 94 00 0f 	call	0x1e00	; 0x1e00 <MDIO_voidInitPin>
	MDIO_voidInitPin(A_u8PbPort, A_u8PbPin3 , DIO_OUTPUT);
    2aee:	89 81       	ldd	r24, Y+1	; 0x01
    2af0:	6d 81       	ldd	r22, Y+5	; 0x05
    2af2:	41 e0       	ldi	r20, 0x01	; 1
    2af4:	0e 94 00 0f 	call	0x1e00	; 0x1e00 <MDIO_voidInitPin>
	MDIO_voidInitPin(A_u8PbPort, A_u8PbPin4 , DIO_OUTPUT);
    2af8:	89 81       	ldd	r24, Y+1	; 0x01
    2afa:	6e 81       	ldd	r22, Y+6	; 0x06
    2afc:	41 e0       	ldi	r20, 0x01	; 1
    2afe:	0e 94 00 0f 	call	0x1e00	; 0x1e00 <MDIO_voidInitPin>


	switch(A_u8PbPin){
    2b02:	8a 81       	ldd	r24, Y+2	; 0x02
    2b04:	28 2f       	mov	r18, r24
    2b06:	30 e0       	ldi	r19, 0x00	; 0
    2b08:	38 87       	std	Y+8, r19	; 0x08
    2b0a:	2f 83       	std	Y+7, r18	; 0x07
    2b0c:	8f 81       	ldd	r24, Y+7	; 0x07
    2b0e:	98 85       	ldd	r25, Y+8	; 0x08
    2b10:	82 30       	cpi	r24, 0x02	; 2
    2b12:	91 05       	cpc	r25, r1
    2b14:	09 f4       	brne	.+2      	; 0x2b18 <HState_voidStateCar+0x62>
    2b16:	46 c0       	rjmp	.+140    	; 0x2ba4 <HState_voidStateCar+0xee>
    2b18:	2f 81       	ldd	r18, Y+7	; 0x07
    2b1a:	38 85       	ldd	r19, Y+8	; 0x08
    2b1c:	23 30       	cpi	r18, 0x03	; 3
    2b1e:	31 05       	cpc	r19, r1
    2b20:	54 f4       	brge	.+20     	; 0x2b36 <HState_voidStateCar+0x80>
    2b22:	8f 81       	ldd	r24, Y+7	; 0x07
    2b24:	98 85       	ldd	r25, Y+8	; 0x08
    2b26:	00 97       	sbiw	r24, 0x00	; 0
    2b28:	99 f0       	breq	.+38     	; 0x2b50 <HState_voidStateCar+0x9a>
    2b2a:	2f 81       	ldd	r18, Y+7	; 0x07
    2b2c:	38 85       	ldd	r19, Y+8	; 0x08
    2b2e:	21 30       	cpi	r18, 0x01	; 1
    2b30:	31 05       	cpc	r19, r1
    2b32:	19 f1       	breq	.+70     	; 0x2b7a <HState_voidStateCar+0xc4>
    2b34:	75 c0       	rjmp	.+234    	; 0x2c20 <HState_voidStateCar+0x16a>
    2b36:	8f 81       	ldd	r24, Y+7	; 0x07
    2b38:	98 85       	ldd	r25, Y+8	; 0x08
    2b3a:	83 30       	cpi	r24, 0x03	; 3
    2b3c:	91 05       	cpc	r25, r1
    2b3e:	09 f4       	brne	.+2      	; 0x2b42 <HState_voidStateCar+0x8c>
    2b40:	46 c0       	rjmp	.+140    	; 0x2bce <HState_voidStateCar+0x118>
    2b42:	2f 81       	ldd	r18, Y+7	; 0x07
    2b44:	38 85       	ldd	r19, Y+8	; 0x08
    2b46:	24 30       	cpi	r18, 0x04	; 4
    2b48:	31 05       	cpc	r19, r1
    2b4a:	09 f4       	brne	.+2      	; 0x2b4e <HState_voidStateCar+0x98>
    2b4c:	55 c0       	rjmp	.+170    	; 0x2bf8 <HState_voidStateCar+0x142>
    2b4e:	68 c0       	rjmp	.+208    	; 0x2c20 <HState_voidStateCar+0x16a>
	    case Forward :
	    	MDIO_voidSetPinValue(A_u8PbPort, A_u8PbPin1, DIO_HIGH);
    2b50:	89 81       	ldd	r24, Y+1	; 0x01
    2b52:	6b 81       	ldd	r22, Y+3	; 0x03
    2b54:	41 e0       	ldi	r20, 0x01	; 1
    2b56:	0e 94 f2 0f 	call	0x1fe4	; 0x1fe4 <MDIO_voidSetPinValue>
			MDIO_voidSetPinValue(A_u8PbPort, A_u8PbPin2, DIO_LOW);
    2b5a:	89 81       	ldd	r24, Y+1	; 0x01
    2b5c:	6c 81       	ldd	r22, Y+4	; 0x04
    2b5e:	40 e0       	ldi	r20, 0x00	; 0
    2b60:	0e 94 f2 0f 	call	0x1fe4	; 0x1fe4 <MDIO_voidSetPinValue>
			MDIO_voidSetPinValue(A_u8PbPort, A_u8PbPin3, DIO_HIGH);
    2b64:	89 81       	ldd	r24, Y+1	; 0x01
    2b66:	6d 81       	ldd	r22, Y+5	; 0x05
    2b68:	41 e0       	ldi	r20, 0x01	; 1
    2b6a:	0e 94 f2 0f 	call	0x1fe4	; 0x1fe4 <MDIO_voidSetPinValue>
			MDIO_voidSetPinValue(A_u8PbPort, A_u8PbPin4, DIO_LOW);
    2b6e:	89 81       	ldd	r24, Y+1	; 0x01
    2b70:	6e 81       	ldd	r22, Y+6	; 0x06
    2b72:	40 e0       	ldi	r20, 0x00	; 0
    2b74:	0e 94 f2 0f 	call	0x1fe4	; 0x1fe4 <MDIO_voidSetPinValue>
    2b78:	53 c0       	rjmp	.+166    	; 0x2c20 <HState_voidStateCar+0x16a>
		break;

	    case Backward :
	    	MDIO_voidSetPinValue(A_u8PbPort, A_u8PbPin1, DIO_LOW);
    2b7a:	89 81       	ldd	r24, Y+1	; 0x01
    2b7c:	6b 81       	ldd	r22, Y+3	; 0x03
    2b7e:	40 e0       	ldi	r20, 0x00	; 0
    2b80:	0e 94 f2 0f 	call	0x1fe4	; 0x1fe4 <MDIO_voidSetPinValue>
	    	MDIO_voidSetPinValue(A_u8PbPort, A_u8PbPin2, DIO_HIGH);
    2b84:	89 81       	ldd	r24, Y+1	; 0x01
    2b86:	6c 81       	ldd	r22, Y+4	; 0x04
    2b88:	41 e0       	ldi	r20, 0x01	; 1
    2b8a:	0e 94 f2 0f 	call	0x1fe4	; 0x1fe4 <MDIO_voidSetPinValue>
	    	MDIO_voidSetPinValue(A_u8PbPort, A_u8PbPin3, DIO_LOW);
    2b8e:	89 81       	ldd	r24, Y+1	; 0x01
    2b90:	6d 81       	ldd	r22, Y+5	; 0x05
    2b92:	40 e0       	ldi	r20, 0x00	; 0
    2b94:	0e 94 f2 0f 	call	0x1fe4	; 0x1fe4 <MDIO_voidSetPinValue>
	    	MDIO_voidSetPinValue(A_u8PbPort, A_u8PbPin4, DIO_HIGH);
    2b98:	89 81       	ldd	r24, Y+1	; 0x01
    2b9a:	6e 81       	ldd	r22, Y+6	; 0x06
    2b9c:	41 e0       	ldi	r20, 0x01	; 1
    2b9e:	0e 94 f2 0f 	call	0x1fe4	; 0x1fe4 <MDIO_voidSetPinValue>
    2ba2:	3e c0       	rjmp	.+124    	; 0x2c20 <HState_voidStateCar+0x16a>
	    break;
	    case Left :
	    	 MDIO_voidSetPinValue(A_u8PbPort, A_u8PbPin1, DIO_HIGH);
    2ba4:	89 81       	ldd	r24, Y+1	; 0x01
    2ba6:	6b 81       	ldd	r22, Y+3	; 0x03
    2ba8:	41 e0       	ldi	r20, 0x01	; 1
    2baa:	0e 94 f2 0f 	call	0x1fe4	; 0x1fe4 <MDIO_voidSetPinValue>
	    	 MDIO_voidSetPinValue(A_u8PbPort, A_u8PbPin2, DIO_LOW);
    2bae:	89 81       	ldd	r24, Y+1	; 0x01
    2bb0:	6c 81       	ldd	r22, Y+4	; 0x04
    2bb2:	40 e0       	ldi	r20, 0x00	; 0
    2bb4:	0e 94 f2 0f 	call	0x1fe4	; 0x1fe4 <MDIO_voidSetPinValue>
	    	 MDIO_voidSetPinValue(A_u8PbPort, A_u8PbPin3, DIO_LOW);
    2bb8:	89 81       	ldd	r24, Y+1	; 0x01
    2bba:	6d 81       	ldd	r22, Y+5	; 0x05
    2bbc:	40 e0       	ldi	r20, 0x00	; 0
    2bbe:	0e 94 f2 0f 	call	0x1fe4	; 0x1fe4 <MDIO_voidSetPinValue>
	    	 MDIO_voidSetPinValue(A_u8PbPort, A_u8PbPin4, DIO_HIGH);
    2bc2:	89 81       	ldd	r24, Y+1	; 0x01
    2bc4:	6e 81       	ldd	r22, Y+6	; 0x06
    2bc6:	41 e0       	ldi	r20, 0x01	; 1
    2bc8:	0e 94 f2 0f 	call	0x1fe4	; 0x1fe4 <MDIO_voidSetPinValue>
    2bcc:	29 c0       	rjmp	.+82     	; 0x2c20 <HState_voidStateCar+0x16a>
	    break;

	    case Right :
	    	MDIO_voidSetPinValue(A_u8PbPort, A_u8PbPin1, DIO_LOW);
    2bce:	89 81       	ldd	r24, Y+1	; 0x01
    2bd0:	6b 81       	ldd	r22, Y+3	; 0x03
    2bd2:	40 e0       	ldi	r20, 0x00	; 0
    2bd4:	0e 94 f2 0f 	call	0x1fe4	; 0x1fe4 <MDIO_voidSetPinValue>
	    	MDIO_voidSetPinValue(A_u8PbPort, A_u8PbPin2, DIO_HIGH);
    2bd8:	89 81       	ldd	r24, Y+1	; 0x01
    2bda:	6c 81       	ldd	r22, Y+4	; 0x04
    2bdc:	41 e0       	ldi	r20, 0x01	; 1
    2bde:	0e 94 f2 0f 	call	0x1fe4	; 0x1fe4 <MDIO_voidSetPinValue>
	    	MDIO_voidSetPinValue(A_u8PbPort, A_u8PbPin3, DIO_HIGH);
    2be2:	89 81       	ldd	r24, Y+1	; 0x01
    2be4:	6d 81       	ldd	r22, Y+5	; 0x05
    2be6:	41 e0       	ldi	r20, 0x01	; 1
    2be8:	0e 94 f2 0f 	call	0x1fe4	; 0x1fe4 <MDIO_voidSetPinValue>
	    	MDIO_voidSetPinValue(A_u8PbPort, A_u8PbPin4, DIO_LOW);
    2bec:	89 81       	ldd	r24, Y+1	; 0x01
    2bee:	6e 81       	ldd	r22, Y+6	; 0x06
    2bf0:	40 e0       	ldi	r20, 0x00	; 0
    2bf2:	0e 94 f2 0f 	call	0x1fe4	; 0x1fe4 <MDIO_voidSetPinValue>
    2bf6:	14 c0       	rjmp	.+40     	; 0x2c20 <HState_voidStateCar+0x16a>
	    break;

	    case Stop :
	    	MDIO_voidSetPinValue(A_u8PbPort, A_u8PbPin1, DIO_LOW);
    2bf8:	89 81       	ldd	r24, Y+1	; 0x01
    2bfa:	6b 81       	ldd	r22, Y+3	; 0x03
    2bfc:	40 e0       	ldi	r20, 0x00	; 0
    2bfe:	0e 94 f2 0f 	call	0x1fe4	; 0x1fe4 <MDIO_voidSetPinValue>
	    	MDIO_voidSetPinValue(A_u8PbPort, A_u8PbPin2, DIO_LOW);
    2c02:	89 81       	ldd	r24, Y+1	; 0x01
    2c04:	6c 81       	ldd	r22, Y+4	; 0x04
    2c06:	40 e0       	ldi	r20, 0x00	; 0
    2c08:	0e 94 f2 0f 	call	0x1fe4	; 0x1fe4 <MDIO_voidSetPinValue>
	    	MDIO_voidSetPinValue(A_u8PbPort, A_u8PbPin3, DIO_LOW);
    2c0c:	89 81       	ldd	r24, Y+1	; 0x01
    2c0e:	6d 81       	ldd	r22, Y+5	; 0x05
    2c10:	40 e0       	ldi	r20, 0x00	; 0
    2c12:	0e 94 f2 0f 	call	0x1fe4	; 0x1fe4 <MDIO_voidSetPinValue>
	    	MDIO_voidSetPinValue(A_u8PbPort, A_u8PbPin4, DIO_LOW);
    2c16:	89 81       	ldd	r24, Y+1	; 0x01
    2c18:	6e 81       	ldd	r22, Y+6	; 0x06
    2c1a:	40 e0       	ldi	r20, 0x00	; 0
    2c1c:	0e 94 f2 0f 	call	0x1fe4	; 0x1fe4 <MDIO_voidSetPinValue>
	    break;

	}
}
    2c20:	28 96       	adiw	r28, 0x08	; 8
    2c22:	0f b6       	in	r0, 0x3f	; 63
    2c24:	f8 94       	cli
    2c26:	de bf       	out	0x3e, r29	; 62
    2c28:	0f be       	out	0x3f, r0	; 63
    2c2a:	cd bf       	out	0x3d, r28	; 61
    2c2c:	cf 91       	pop	r28
    2c2e:	df 91       	pop	r29
    2c30:	0f 91       	pop	r16
    2c32:	ef 90       	pop	r14
    2c34:	08 95       	ret

00002c36 <HLCD_voidInit>:

#include "LCD.h"
#include <util/delay.h>

void HLCD_voidInit     (void)
{
    2c36:	0f 93       	push	r16
    2c38:	1f 93       	push	r17
    2c3a:	df 93       	push	r29
    2c3c:	cf 93       	push	r28
    2c3e:	cd b7       	in	r28, 0x3d	; 61
    2c40:	de b7       	in	r29, 0x3e	; 62
    2c42:	c4 55       	subi	r28, 0x54	; 84
    2c44:	d0 40       	sbci	r29, 0x00	; 0
    2c46:	0f b6       	in	r0, 0x3f	; 63
    2c48:	f8 94       	cli
    2c4a:	de bf       	out	0x3e, r29	; 62
    2c4c:	0f be       	out	0x3f, r0	; 63
    2c4e:	cd bf       	out	0x3d, r28	; 61
    2c50:	fe 01       	movw	r30, r28
    2c52:	ef 5a       	subi	r30, 0xAF	; 175
    2c54:	ff 4f       	sbci	r31, 0xFF	; 255
    2c56:	80 e0       	ldi	r24, 0x00	; 0
    2c58:	90 e0       	ldi	r25, 0x00	; 0
    2c5a:	a8 e4       	ldi	r26, 0x48	; 72
    2c5c:	b2 e4       	ldi	r27, 0x42	; 66
    2c5e:	80 83       	st	Z, r24
    2c60:	91 83       	std	Z+1, r25	; 0x01
    2c62:	a2 83       	std	Z+2, r26	; 0x02
    2c64:	b3 83       	std	Z+3, r27	; 0x03
 */
void
_delay_ms(double __ms)
{
	uint16_t __ticks;
	double __tmp = ((F_CPU) / 4e3) * __ms;
    2c66:	8e 01       	movw	r16, r28
    2c68:	03 5b       	subi	r16, 0xB3	; 179
    2c6a:	1f 4f       	sbci	r17, 0xFF	; 255
    2c6c:	fe 01       	movw	r30, r28
    2c6e:	ef 5a       	subi	r30, 0xAF	; 175
    2c70:	ff 4f       	sbci	r31, 0xFF	; 255
    2c72:	60 81       	ld	r22, Z
    2c74:	71 81       	ldd	r23, Z+1	; 0x01
    2c76:	82 81       	ldd	r24, Z+2	; 0x02
    2c78:	93 81       	ldd	r25, Z+3	; 0x03
    2c7a:	20 e0       	ldi	r18, 0x00	; 0
    2c7c:	30 e0       	ldi	r19, 0x00	; 0
    2c7e:	4a ef       	ldi	r20, 0xFA	; 250
    2c80:	54 e4       	ldi	r21, 0x44	; 68
    2c82:	0e 94 1f 02 	call	0x43e	; 0x43e <__mulsf3>
    2c86:	dc 01       	movw	r26, r24
    2c88:	cb 01       	movw	r24, r22
    2c8a:	f8 01       	movw	r30, r16
    2c8c:	80 83       	st	Z, r24
    2c8e:	91 83       	std	Z+1, r25	; 0x01
    2c90:	a2 83       	std	Z+2, r26	; 0x02
    2c92:	b3 83       	std	Z+3, r27	; 0x03
	if (__tmp < 1.0)
    2c94:	fe 01       	movw	r30, r28
    2c96:	e3 5b       	subi	r30, 0xB3	; 179
    2c98:	ff 4f       	sbci	r31, 0xFF	; 255
    2c9a:	60 81       	ld	r22, Z
    2c9c:	71 81       	ldd	r23, Z+1	; 0x01
    2c9e:	82 81       	ldd	r24, Z+2	; 0x02
    2ca0:	93 81       	ldd	r25, Z+3	; 0x03
    2ca2:	20 e0       	ldi	r18, 0x00	; 0
    2ca4:	30 e0       	ldi	r19, 0x00	; 0
    2ca6:	40 e8       	ldi	r20, 0x80	; 128
    2ca8:	5f e3       	ldi	r21, 0x3F	; 63
    2caa:	0e 94 85 04 	call	0x90a	; 0x90a <__ltsf2>
    2cae:	88 23       	and	r24, r24
    2cb0:	44 f4       	brge	.+16     	; 0x2cc2 <HLCD_voidInit+0x8c>
		__ticks = 1;
    2cb2:	fe 01       	movw	r30, r28
    2cb4:	e5 5b       	subi	r30, 0xB5	; 181
    2cb6:	ff 4f       	sbci	r31, 0xFF	; 255
    2cb8:	81 e0       	ldi	r24, 0x01	; 1
    2cba:	90 e0       	ldi	r25, 0x00	; 0
    2cbc:	91 83       	std	Z+1, r25	; 0x01
    2cbe:	80 83       	st	Z, r24
    2cc0:	64 c0       	rjmp	.+200    	; 0x2d8a <HLCD_voidInit+0x154>
	else if (__tmp > 65535)
    2cc2:	fe 01       	movw	r30, r28
    2cc4:	e3 5b       	subi	r30, 0xB3	; 179
    2cc6:	ff 4f       	sbci	r31, 0xFF	; 255
    2cc8:	60 81       	ld	r22, Z
    2cca:	71 81       	ldd	r23, Z+1	; 0x01
    2ccc:	82 81       	ldd	r24, Z+2	; 0x02
    2cce:	93 81       	ldd	r25, Z+3	; 0x03
    2cd0:	20 e0       	ldi	r18, 0x00	; 0
    2cd2:	3f ef       	ldi	r19, 0xFF	; 255
    2cd4:	4f e7       	ldi	r20, 0x7F	; 127
    2cd6:	57 e4       	ldi	r21, 0x47	; 71
    2cd8:	0e 94 25 04 	call	0x84a	; 0x84a <__gtsf2>
    2cdc:	18 16       	cp	r1, r24
    2cde:	0c f0       	brlt	.+2      	; 0x2ce2 <HLCD_voidInit+0xac>
    2ce0:	43 c0       	rjmp	.+134    	; 0x2d68 <HLCD_voidInit+0x132>
	{
		//	__ticks = requested delay in 1/10 ms
		__ticks = (uint16_t) (__ms * 10.0);
    2ce2:	fe 01       	movw	r30, r28
    2ce4:	ef 5a       	subi	r30, 0xAF	; 175
    2ce6:	ff 4f       	sbci	r31, 0xFF	; 255
    2ce8:	60 81       	ld	r22, Z
    2cea:	71 81       	ldd	r23, Z+1	; 0x01
    2cec:	82 81       	ldd	r24, Z+2	; 0x02
    2cee:	93 81       	ldd	r25, Z+3	; 0x03
    2cf0:	20 e0       	ldi	r18, 0x00	; 0
    2cf2:	30 e0       	ldi	r19, 0x00	; 0
    2cf4:	40 e2       	ldi	r20, 0x20	; 32
    2cf6:	51 e4       	ldi	r21, 0x41	; 65
    2cf8:	0e 94 1f 02 	call	0x43e	; 0x43e <__mulsf3>
    2cfc:	dc 01       	movw	r26, r24
    2cfe:	cb 01       	movw	r24, r22
    2d00:	8e 01       	movw	r16, r28
    2d02:	05 5b       	subi	r16, 0xB5	; 181
    2d04:	1f 4f       	sbci	r17, 0xFF	; 255
    2d06:	bc 01       	movw	r22, r24
    2d08:	cd 01       	movw	r24, r26
    2d0a:	0e 94 49 00 	call	0x92	; 0x92 <__fixunssfsi>
    2d0e:	dc 01       	movw	r26, r24
    2d10:	cb 01       	movw	r24, r22
    2d12:	f8 01       	movw	r30, r16
    2d14:	91 83       	std	Z+1, r25	; 0x01
    2d16:	80 83       	st	Z, r24
    2d18:	1f c0       	rjmp	.+62     	; 0x2d58 <HLCD_voidInit+0x122>
    2d1a:	fe 01       	movw	r30, r28
    2d1c:	e7 5b       	subi	r30, 0xB7	; 183
    2d1e:	ff 4f       	sbci	r31, 0xFF	; 255
    2d20:	88 ec       	ldi	r24, 0xC8	; 200
    2d22:	90 e0       	ldi	r25, 0x00	; 0
    2d24:	91 83       	std	Z+1, r25	; 0x01
    2d26:	80 83       	st	Z, r24
    2d28:	fe 01       	movw	r30, r28
    2d2a:	e7 5b       	subi	r30, 0xB7	; 183
    2d2c:	ff 4f       	sbci	r31, 0xFF	; 255
    2d2e:	80 81       	ld	r24, Z
    2d30:	91 81       	ldd	r25, Z+1	; 0x01
    2d32:	01 97       	sbiw	r24, 0x01	; 1
    2d34:	f1 f7       	brne	.-4      	; 0x2d32 <HLCD_voidInit+0xfc>
    2d36:	fe 01       	movw	r30, r28
    2d38:	e7 5b       	subi	r30, 0xB7	; 183
    2d3a:	ff 4f       	sbci	r31, 0xFF	; 255
    2d3c:	91 83       	std	Z+1, r25	; 0x01
    2d3e:	80 83       	st	Z, r24
		while(__ticks)
		{
			// wait 1/10 ms
			_delay_loop_2(((F_CPU) / 4e3) / 10);
			__ticks --;
    2d40:	de 01       	movw	r26, r28
    2d42:	a5 5b       	subi	r26, 0xB5	; 181
    2d44:	bf 4f       	sbci	r27, 0xFF	; 255
    2d46:	fe 01       	movw	r30, r28
    2d48:	e5 5b       	subi	r30, 0xB5	; 181
    2d4a:	ff 4f       	sbci	r31, 0xFF	; 255
    2d4c:	80 81       	ld	r24, Z
    2d4e:	91 81       	ldd	r25, Z+1	; 0x01
    2d50:	01 97       	sbiw	r24, 0x01	; 1
    2d52:	11 96       	adiw	r26, 0x01	; 1
    2d54:	9c 93       	st	X, r25
    2d56:	8e 93       	st	-X, r24
		__ticks = 1;
	else if (__tmp > 65535)
	{
		//	__ticks = requested delay in 1/10 ms
		__ticks = (uint16_t) (__ms * 10.0);
		while(__ticks)
    2d58:	fe 01       	movw	r30, r28
    2d5a:	e5 5b       	subi	r30, 0xB5	; 181
    2d5c:	ff 4f       	sbci	r31, 0xFF	; 255
    2d5e:	80 81       	ld	r24, Z
    2d60:	91 81       	ldd	r25, Z+1	; 0x01
    2d62:	00 97       	sbiw	r24, 0x00	; 0
    2d64:	d1 f6       	brne	.-76     	; 0x2d1a <HLCD_voidInit+0xe4>
    2d66:	27 c0       	rjmp	.+78     	; 0x2db6 <HLCD_voidInit+0x180>
			__ticks --;
		}
		return;
	}
	else
		__ticks = (uint16_t)__tmp;
    2d68:	8e 01       	movw	r16, r28
    2d6a:	05 5b       	subi	r16, 0xB5	; 181
    2d6c:	1f 4f       	sbci	r17, 0xFF	; 255
    2d6e:	fe 01       	movw	r30, r28
    2d70:	e3 5b       	subi	r30, 0xB3	; 179
    2d72:	ff 4f       	sbci	r31, 0xFF	; 255
    2d74:	60 81       	ld	r22, Z
    2d76:	71 81       	ldd	r23, Z+1	; 0x01
    2d78:	82 81       	ldd	r24, Z+2	; 0x02
    2d7a:	93 81       	ldd	r25, Z+3	; 0x03
    2d7c:	0e 94 49 00 	call	0x92	; 0x92 <__fixunssfsi>
    2d80:	dc 01       	movw	r26, r24
    2d82:	cb 01       	movw	r24, r22
    2d84:	f8 01       	movw	r30, r16
    2d86:	91 83       	std	Z+1, r25	; 0x01
    2d88:	80 83       	st	Z, r24
    2d8a:	de 01       	movw	r26, r28
    2d8c:	a9 5b       	subi	r26, 0xB9	; 185
    2d8e:	bf 4f       	sbci	r27, 0xFF	; 255
    2d90:	fe 01       	movw	r30, r28
    2d92:	e5 5b       	subi	r30, 0xB5	; 181
    2d94:	ff 4f       	sbci	r31, 0xFF	; 255
    2d96:	80 81       	ld	r24, Z
    2d98:	91 81       	ldd	r25, Z+1	; 0x01
    2d9a:	8d 93       	st	X+, r24
    2d9c:	9c 93       	st	X, r25
    2d9e:	fe 01       	movw	r30, r28
    2da0:	e9 5b       	subi	r30, 0xB9	; 185
    2da2:	ff 4f       	sbci	r31, 0xFF	; 255
    2da4:	80 81       	ld	r24, Z
    2da6:	91 81       	ldd	r25, Z+1	; 0x01
    2da8:	01 97       	sbiw	r24, 0x01	; 1
    2daa:	f1 f7       	brne	.-4      	; 0x2da8 <HLCD_voidInit+0x172>
    2dac:	fe 01       	movw	r30, r28
    2dae:	e9 5b       	subi	r30, 0xB9	; 185
    2db0:	ff 4f       	sbci	r31, 0xFF	; 255
    2db2:	91 83       	std	Z+1, r25	; 0x01
    2db4:	80 83       	st	Z, r24
	_delay_ms(3) ;
	HLCD_voidSendCmd(0x06) ;
	_delay_ms(1) ;
#elif LCD_MODE == 4
	_delay_ms(50) ;
	MDIO_voidInitPin(LCD_PORT, DIO_PIN4, DIO_HIGH) ;
    2db6:	80 e0       	ldi	r24, 0x00	; 0
    2db8:	64 e0       	ldi	r22, 0x04	; 4
    2dba:	41 e0       	ldi	r20, 0x01	; 1
    2dbc:	0e 94 00 0f 	call	0x1e00	; 0x1e00 <MDIO_voidInitPin>
	MDIO_voidInitPin(LCD_PORT, DIO_PIN5, DIO_HIGH) ;
    2dc0:	80 e0       	ldi	r24, 0x00	; 0
    2dc2:	65 e0       	ldi	r22, 0x05	; 5
    2dc4:	41 e0       	ldi	r20, 0x01	; 1
    2dc6:	0e 94 00 0f 	call	0x1e00	; 0x1e00 <MDIO_voidInitPin>
	MDIO_voidInitPin(LCD_PORT, DIO_PIN6, DIO_HIGH) ;
    2dca:	80 e0       	ldi	r24, 0x00	; 0
    2dcc:	66 e0       	ldi	r22, 0x06	; 6
    2dce:	41 e0       	ldi	r20, 0x01	; 1
    2dd0:	0e 94 00 0f 	call	0x1e00	; 0x1e00 <MDIO_voidInitPin>
	MDIO_voidInitPin(LCD_PORT, DIO_PIN7, DIO_HIGH) ;
    2dd4:	80 e0       	ldi	r24, 0x00	; 0
    2dd6:	67 e0       	ldi	r22, 0x07	; 7
    2dd8:	41 e0       	ldi	r20, 0x01	; 1
    2dda:	0e 94 00 0f 	call	0x1e00	; 0x1e00 <MDIO_voidInitPin>
	MDIO_voidInitPin(LCD_RS_PORT, LCD_RS_PIN, DIO_OUTPUT) ;
    2dde:	81 e0       	ldi	r24, 0x01	; 1
    2de0:	60 e0       	ldi	r22, 0x00	; 0
    2de2:	41 e0       	ldi	r20, 0x01	; 1
    2de4:	0e 94 00 0f 	call	0x1e00	; 0x1e00 <MDIO_voidInitPin>
	MDIO_voidInitPin(LCD_RW_PORT, LCD_RW_PIN, DIO_OUTPUT) ;
    2de8:	81 e0       	ldi	r24, 0x01	; 1
    2dea:	61 e0       	ldi	r22, 0x01	; 1
    2dec:	41 e0       	ldi	r20, 0x01	; 1
    2dee:	0e 94 00 0f 	call	0x1e00	; 0x1e00 <MDIO_voidInitPin>
	MDIO_voidInitPin(LCD_E_PORT, LCD_E_PIN, DIO_OUTPUT) ;
    2df2:	81 e0       	ldi	r24, 0x01	; 1
    2df4:	62 e0       	ldi	r22, 0x02	; 2
    2df6:	41 e0       	ldi	r20, 0x01	; 1
    2df8:	0e 94 00 0f 	call	0x1e00	; 0x1e00 <MDIO_voidInitPin>

	HLCD_voidSendCmd(0x02) ;
    2dfc:	82 e0       	ldi	r24, 0x02	; 2
    2dfe:	0e 94 e4 1b 	call	0x37c8	; 0x37c8 <HLCD_voidSendCmd>
    2e02:	fe 01       	movw	r30, r28
    2e04:	ed 5b       	subi	r30, 0xBD	; 189
    2e06:	ff 4f       	sbci	r31, 0xFF	; 255
    2e08:	80 e0       	ldi	r24, 0x00	; 0
    2e0a:	90 e0       	ldi	r25, 0x00	; 0
    2e0c:	a0 e8       	ldi	r26, 0x80	; 128
    2e0e:	bf e3       	ldi	r27, 0x3F	; 63
    2e10:	80 83       	st	Z, r24
    2e12:	91 83       	std	Z+1, r25	; 0x01
    2e14:	a2 83       	std	Z+2, r26	; 0x02
    2e16:	b3 83       	std	Z+3, r27	; 0x03
 */
void
_delay_ms(double __ms)
{
	uint16_t __ticks;
	double __tmp = ((F_CPU) / 4e3) * __ms;
    2e18:	8e 01       	movw	r16, r28
    2e1a:	01 5c       	subi	r16, 0xC1	; 193
    2e1c:	1f 4f       	sbci	r17, 0xFF	; 255
    2e1e:	fe 01       	movw	r30, r28
    2e20:	ed 5b       	subi	r30, 0xBD	; 189
    2e22:	ff 4f       	sbci	r31, 0xFF	; 255
    2e24:	60 81       	ld	r22, Z
    2e26:	71 81       	ldd	r23, Z+1	; 0x01
    2e28:	82 81       	ldd	r24, Z+2	; 0x02
    2e2a:	93 81       	ldd	r25, Z+3	; 0x03
    2e2c:	20 e0       	ldi	r18, 0x00	; 0
    2e2e:	30 e0       	ldi	r19, 0x00	; 0
    2e30:	4a ef       	ldi	r20, 0xFA	; 250
    2e32:	54 e4       	ldi	r21, 0x44	; 68
    2e34:	0e 94 1f 02 	call	0x43e	; 0x43e <__mulsf3>
    2e38:	dc 01       	movw	r26, r24
    2e3a:	cb 01       	movw	r24, r22
    2e3c:	f8 01       	movw	r30, r16
    2e3e:	80 83       	st	Z, r24
    2e40:	91 83       	std	Z+1, r25	; 0x01
    2e42:	a2 83       	std	Z+2, r26	; 0x02
    2e44:	b3 83       	std	Z+3, r27	; 0x03
	if (__tmp < 1.0)
    2e46:	fe 01       	movw	r30, r28
    2e48:	ff 96       	adiw	r30, 0x3f	; 63
    2e4a:	60 81       	ld	r22, Z
    2e4c:	71 81       	ldd	r23, Z+1	; 0x01
    2e4e:	82 81       	ldd	r24, Z+2	; 0x02
    2e50:	93 81       	ldd	r25, Z+3	; 0x03
    2e52:	20 e0       	ldi	r18, 0x00	; 0
    2e54:	30 e0       	ldi	r19, 0x00	; 0
    2e56:	40 e8       	ldi	r20, 0x80	; 128
    2e58:	5f e3       	ldi	r21, 0x3F	; 63
    2e5a:	0e 94 85 04 	call	0x90a	; 0x90a <__ltsf2>
    2e5e:	88 23       	and	r24, r24
    2e60:	2c f4       	brge	.+10     	; 0x2e6c <HLCD_voidInit+0x236>
		__ticks = 1;
    2e62:	81 e0       	ldi	r24, 0x01	; 1
    2e64:	90 e0       	ldi	r25, 0x00	; 0
    2e66:	9e af       	std	Y+62, r25	; 0x3e
    2e68:	8d af       	std	Y+61, r24	; 0x3d
    2e6a:	46 c0       	rjmp	.+140    	; 0x2ef8 <HLCD_voidInit+0x2c2>
	else if (__tmp > 65535)
    2e6c:	fe 01       	movw	r30, r28
    2e6e:	ff 96       	adiw	r30, 0x3f	; 63
    2e70:	60 81       	ld	r22, Z
    2e72:	71 81       	ldd	r23, Z+1	; 0x01
    2e74:	82 81       	ldd	r24, Z+2	; 0x02
    2e76:	93 81       	ldd	r25, Z+3	; 0x03
    2e78:	20 e0       	ldi	r18, 0x00	; 0
    2e7a:	3f ef       	ldi	r19, 0xFF	; 255
    2e7c:	4f e7       	ldi	r20, 0x7F	; 127
    2e7e:	57 e4       	ldi	r21, 0x47	; 71
    2e80:	0e 94 25 04 	call	0x84a	; 0x84a <__gtsf2>
    2e84:	18 16       	cp	r1, r24
    2e86:	64 f5       	brge	.+88     	; 0x2ee0 <HLCD_voidInit+0x2aa>
	{
		//	__ticks = requested delay in 1/10 ms
		__ticks = (uint16_t) (__ms * 10.0);
    2e88:	fe 01       	movw	r30, r28
    2e8a:	ed 5b       	subi	r30, 0xBD	; 189
    2e8c:	ff 4f       	sbci	r31, 0xFF	; 255
    2e8e:	60 81       	ld	r22, Z
    2e90:	71 81       	ldd	r23, Z+1	; 0x01
    2e92:	82 81       	ldd	r24, Z+2	; 0x02
    2e94:	93 81       	ldd	r25, Z+3	; 0x03
    2e96:	20 e0       	ldi	r18, 0x00	; 0
    2e98:	30 e0       	ldi	r19, 0x00	; 0
    2e9a:	40 e2       	ldi	r20, 0x20	; 32
    2e9c:	51 e4       	ldi	r21, 0x41	; 65
    2e9e:	0e 94 1f 02 	call	0x43e	; 0x43e <__mulsf3>
    2ea2:	dc 01       	movw	r26, r24
    2ea4:	cb 01       	movw	r24, r22
    2ea6:	bc 01       	movw	r22, r24
    2ea8:	cd 01       	movw	r24, r26
    2eaa:	0e 94 49 00 	call	0x92	; 0x92 <__fixunssfsi>
    2eae:	dc 01       	movw	r26, r24
    2eb0:	cb 01       	movw	r24, r22
    2eb2:	9e af       	std	Y+62, r25	; 0x3e
    2eb4:	8d af       	std	Y+61, r24	; 0x3d
    2eb6:	0f c0       	rjmp	.+30     	; 0x2ed6 <HLCD_voidInit+0x2a0>
    2eb8:	88 ec       	ldi	r24, 0xC8	; 200
    2eba:	90 e0       	ldi	r25, 0x00	; 0
    2ebc:	9c af       	std	Y+60, r25	; 0x3c
    2ebe:	8b af       	std	Y+59, r24	; 0x3b
    2ec0:	8b ad       	ldd	r24, Y+59	; 0x3b
    2ec2:	9c ad       	ldd	r25, Y+60	; 0x3c
    2ec4:	01 97       	sbiw	r24, 0x01	; 1
    2ec6:	f1 f7       	brne	.-4      	; 0x2ec4 <HLCD_voidInit+0x28e>
    2ec8:	9c af       	std	Y+60, r25	; 0x3c
    2eca:	8b af       	std	Y+59, r24	; 0x3b
		while(__ticks)
		{
			// wait 1/10 ms
			_delay_loop_2(((F_CPU) / 4e3) / 10);
			__ticks --;
    2ecc:	8d ad       	ldd	r24, Y+61	; 0x3d
    2ece:	9e ad       	ldd	r25, Y+62	; 0x3e
    2ed0:	01 97       	sbiw	r24, 0x01	; 1
    2ed2:	9e af       	std	Y+62, r25	; 0x3e
    2ed4:	8d af       	std	Y+61, r24	; 0x3d
		__ticks = 1;
	else if (__tmp > 65535)
	{
		//	__ticks = requested delay in 1/10 ms
		__ticks = (uint16_t) (__ms * 10.0);
		while(__ticks)
    2ed6:	8d ad       	ldd	r24, Y+61	; 0x3d
    2ed8:	9e ad       	ldd	r25, Y+62	; 0x3e
    2eda:	00 97       	sbiw	r24, 0x00	; 0
    2edc:	69 f7       	brne	.-38     	; 0x2eb8 <HLCD_voidInit+0x282>
    2ede:	16 c0       	rjmp	.+44     	; 0x2f0c <HLCD_voidInit+0x2d6>
			__ticks --;
		}
		return;
	}
	else
		__ticks = (uint16_t)__tmp;
    2ee0:	fe 01       	movw	r30, r28
    2ee2:	ff 96       	adiw	r30, 0x3f	; 63
    2ee4:	60 81       	ld	r22, Z
    2ee6:	71 81       	ldd	r23, Z+1	; 0x01
    2ee8:	82 81       	ldd	r24, Z+2	; 0x02
    2eea:	93 81       	ldd	r25, Z+3	; 0x03
    2eec:	0e 94 49 00 	call	0x92	; 0x92 <__fixunssfsi>
    2ef0:	dc 01       	movw	r26, r24
    2ef2:	cb 01       	movw	r24, r22
    2ef4:	9e af       	std	Y+62, r25	; 0x3e
    2ef6:	8d af       	std	Y+61, r24	; 0x3d
    2ef8:	8d ad       	ldd	r24, Y+61	; 0x3d
    2efa:	9e ad       	ldd	r25, Y+62	; 0x3e
    2efc:	9a af       	std	Y+58, r25	; 0x3a
    2efe:	89 af       	std	Y+57, r24	; 0x39
    2f00:	89 ad       	ldd	r24, Y+57	; 0x39
    2f02:	9a ad       	ldd	r25, Y+58	; 0x3a
    2f04:	01 97       	sbiw	r24, 0x01	; 1
    2f06:	f1 f7       	brne	.-4      	; 0x2f04 <HLCD_voidInit+0x2ce>
    2f08:	9a af       	std	Y+58, r25	; 0x3a
    2f0a:	89 af       	std	Y+57, r24	; 0x39
	_delay_ms(1) ;
	HLCD_voidSendCmd(0x28) ;
    2f0c:	88 e2       	ldi	r24, 0x28	; 40
    2f0e:	0e 94 e4 1b 	call	0x37c8	; 0x37c8 <HLCD_voidSendCmd>
    2f12:	80 e0       	ldi	r24, 0x00	; 0
    2f14:	90 e0       	ldi	r25, 0x00	; 0
    2f16:	a0 e8       	ldi	r26, 0x80	; 128
    2f18:	bf e3       	ldi	r27, 0x3F	; 63
    2f1a:	8d ab       	std	Y+53, r24	; 0x35
    2f1c:	9e ab       	std	Y+54, r25	; 0x36
    2f1e:	af ab       	std	Y+55, r26	; 0x37
    2f20:	b8 af       	std	Y+56, r27	; 0x38
 */
void
_delay_ms(double __ms)
{
	uint16_t __ticks;
	double __tmp = ((F_CPU) / 4e3) * __ms;
    2f22:	6d a9       	ldd	r22, Y+53	; 0x35
    2f24:	7e a9       	ldd	r23, Y+54	; 0x36
    2f26:	8f a9       	ldd	r24, Y+55	; 0x37
    2f28:	98 ad       	ldd	r25, Y+56	; 0x38
    2f2a:	20 e0       	ldi	r18, 0x00	; 0
    2f2c:	30 e0       	ldi	r19, 0x00	; 0
    2f2e:	4a ef       	ldi	r20, 0xFA	; 250
    2f30:	54 e4       	ldi	r21, 0x44	; 68
    2f32:	0e 94 1f 02 	call	0x43e	; 0x43e <__mulsf3>
    2f36:	dc 01       	movw	r26, r24
    2f38:	cb 01       	movw	r24, r22
    2f3a:	89 ab       	std	Y+49, r24	; 0x31
    2f3c:	9a ab       	std	Y+50, r25	; 0x32
    2f3e:	ab ab       	std	Y+51, r26	; 0x33
    2f40:	bc ab       	std	Y+52, r27	; 0x34
	if (__tmp < 1.0)
    2f42:	69 a9       	ldd	r22, Y+49	; 0x31
    2f44:	7a a9       	ldd	r23, Y+50	; 0x32
    2f46:	8b a9       	ldd	r24, Y+51	; 0x33
    2f48:	9c a9       	ldd	r25, Y+52	; 0x34
    2f4a:	20 e0       	ldi	r18, 0x00	; 0
    2f4c:	30 e0       	ldi	r19, 0x00	; 0
    2f4e:	40 e8       	ldi	r20, 0x80	; 128
    2f50:	5f e3       	ldi	r21, 0x3F	; 63
    2f52:	0e 94 85 04 	call	0x90a	; 0x90a <__ltsf2>
    2f56:	88 23       	and	r24, r24
    2f58:	2c f4       	brge	.+10     	; 0x2f64 <HLCD_voidInit+0x32e>
		__ticks = 1;
    2f5a:	81 e0       	ldi	r24, 0x01	; 1
    2f5c:	90 e0       	ldi	r25, 0x00	; 0
    2f5e:	98 ab       	std	Y+48, r25	; 0x30
    2f60:	8f a7       	std	Y+47, r24	; 0x2f
    2f62:	3f c0       	rjmp	.+126    	; 0x2fe2 <HLCD_voidInit+0x3ac>
	else if (__tmp > 65535)
    2f64:	69 a9       	ldd	r22, Y+49	; 0x31
    2f66:	7a a9       	ldd	r23, Y+50	; 0x32
    2f68:	8b a9       	ldd	r24, Y+51	; 0x33
    2f6a:	9c a9       	ldd	r25, Y+52	; 0x34
    2f6c:	20 e0       	ldi	r18, 0x00	; 0
    2f6e:	3f ef       	ldi	r19, 0xFF	; 255
    2f70:	4f e7       	ldi	r20, 0x7F	; 127
    2f72:	57 e4       	ldi	r21, 0x47	; 71
    2f74:	0e 94 25 04 	call	0x84a	; 0x84a <__gtsf2>
    2f78:	18 16       	cp	r1, r24
    2f7a:	4c f5       	brge	.+82     	; 0x2fce <HLCD_voidInit+0x398>
	{
		//	__ticks = requested delay in 1/10 ms
		__ticks = (uint16_t) (__ms * 10.0);
    2f7c:	6d a9       	ldd	r22, Y+53	; 0x35
    2f7e:	7e a9       	ldd	r23, Y+54	; 0x36
    2f80:	8f a9       	ldd	r24, Y+55	; 0x37
    2f82:	98 ad       	ldd	r25, Y+56	; 0x38
    2f84:	20 e0       	ldi	r18, 0x00	; 0
    2f86:	30 e0       	ldi	r19, 0x00	; 0
    2f88:	40 e2       	ldi	r20, 0x20	; 32
    2f8a:	51 e4       	ldi	r21, 0x41	; 65
    2f8c:	0e 94 1f 02 	call	0x43e	; 0x43e <__mulsf3>
    2f90:	dc 01       	movw	r26, r24
    2f92:	cb 01       	movw	r24, r22
    2f94:	bc 01       	movw	r22, r24
    2f96:	cd 01       	movw	r24, r26
    2f98:	0e 94 49 00 	call	0x92	; 0x92 <__fixunssfsi>
    2f9c:	dc 01       	movw	r26, r24
    2f9e:	cb 01       	movw	r24, r22
    2fa0:	98 ab       	std	Y+48, r25	; 0x30
    2fa2:	8f a7       	std	Y+47, r24	; 0x2f
    2fa4:	0f c0       	rjmp	.+30     	; 0x2fc4 <HLCD_voidInit+0x38e>
    2fa6:	88 ec       	ldi	r24, 0xC8	; 200
    2fa8:	90 e0       	ldi	r25, 0x00	; 0
    2faa:	9e a7       	std	Y+46, r25	; 0x2e
    2fac:	8d a7       	std	Y+45, r24	; 0x2d
    2fae:	8d a5       	ldd	r24, Y+45	; 0x2d
    2fb0:	9e a5       	ldd	r25, Y+46	; 0x2e
    2fb2:	01 97       	sbiw	r24, 0x01	; 1
    2fb4:	f1 f7       	brne	.-4      	; 0x2fb2 <HLCD_voidInit+0x37c>
    2fb6:	9e a7       	std	Y+46, r25	; 0x2e
    2fb8:	8d a7       	std	Y+45, r24	; 0x2d
		while(__ticks)
		{
			// wait 1/10 ms
			_delay_loop_2(((F_CPU) / 4e3) / 10);
			__ticks --;
    2fba:	8f a5       	ldd	r24, Y+47	; 0x2f
    2fbc:	98 a9       	ldd	r25, Y+48	; 0x30
    2fbe:	01 97       	sbiw	r24, 0x01	; 1
    2fc0:	98 ab       	std	Y+48, r25	; 0x30
    2fc2:	8f a7       	std	Y+47, r24	; 0x2f
		__ticks = 1;
	else if (__tmp > 65535)
	{
		//	__ticks = requested delay in 1/10 ms
		__ticks = (uint16_t) (__ms * 10.0);
		while(__ticks)
    2fc4:	8f a5       	ldd	r24, Y+47	; 0x2f
    2fc6:	98 a9       	ldd	r25, Y+48	; 0x30
    2fc8:	00 97       	sbiw	r24, 0x00	; 0
    2fca:	69 f7       	brne	.-38     	; 0x2fa6 <HLCD_voidInit+0x370>
    2fcc:	14 c0       	rjmp	.+40     	; 0x2ff6 <HLCD_voidInit+0x3c0>
			__ticks --;
		}
		return;
	}
	else
		__ticks = (uint16_t)__tmp;
    2fce:	69 a9       	ldd	r22, Y+49	; 0x31
    2fd0:	7a a9       	ldd	r23, Y+50	; 0x32
    2fd2:	8b a9       	ldd	r24, Y+51	; 0x33
    2fd4:	9c a9       	ldd	r25, Y+52	; 0x34
    2fd6:	0e 94 49 00 	call	0x92	; 0x92 <__fixunssfsi>
    2fda:	dc 01       	movw	r26, r24
    2fdc:	cb 01       	movw	r24, r22
    2fde:	98 ab       	std	Y+48, r25	; 0x30
    2fe0:	8f a7       	std	Y+47, r24	; 0x2f
    2fe2:	8f a5       	ldd	r24, Y+47	; 0x2f
    2fe4:	98 a9       	ldd	r25, Y+48	; 0x30
    2fe6:	9c a7       	std	Y+44, r25	; 0x2c
    2fe8:	8b a7       	std	Y+43, r24	; 0x2b
    2fea:	8b a5       	ldd	r24, Y+43	; 0x2b
    2fec:	9c a5       	ldd	r25, Y+44	; 0x2c
    2fee:	01 97       	sbiw	r24, 0x01	; 1
    2ff0:	f1 f7       	brne	.-4      	; 0x2fee <HLCD_voidInit+0x3b8>
    2ff2:	9c a7       	std	Y+44, r25	; 0x2c
    2ff4:	8b a7       	std	Y+43, r24	; 0x2b
	_delay_ms(1) ;
	HLCD_voidSendCmd(0x0E) ;
    2ff6:	8e e0       	ldi	r24, 0x0E	; 14
    2ff8:	0e 94 e4 1b 	call	0x37c8	; 0x37c8 <HLCD_voidSendCmd>
    2ffc:	80 e0       	ldi	r24, 0x00	; 0
    2ffe:	90 e0       	ldi	r25, 0x00	; 0
    3000:	a0 e8       	ldi	r26, 0x80	; 128
    3002:	bf e3       	ldi	r27, 0x3F	; 63
    3004:	8f a3       	std	Y+39, r24	; 0x27
    3006:	98 a7       	std	Y+40, r25	; 0x28
    3008:	a9 a7       	std	Y+41, r26	; 0x29
    300a:	ba a7       	std	Y+42, r27	; 0x2a
 */
void
_delay_ms(double __ms)
{
	uint16_t __ticks;
	double __tmp = ((F_CPU) / 4e3) * __ms;
    300c:	6f a1       	ldd	r22, Y+39	; 0x27
    300e:	78 a5       	ldd	r23, Y+40	; 0x28
    3010:	89 a5       	ldd	r24, Y+41	; 0x29
    3012:	9a a5       	ldd	r25, Y+42	; 0x2a
    3014:	20 e0       	ldi	r18, 0x00	; 0
    3016:	30 e0       	ldi	r19, 0x00	; 0
    3018:	4a ef       	ldi	r20, 0xFA	; 250
    301a:	54 e4       	ldi	r21, 0x44	; 68
    301c:	0e 94 1f 02 	call	0x43e	; 0x43e <__mulsf3>
    3020:	dc 01       	movw	r26, r24
    3022:	cb 01       	movw	r24, r22
    3024:	8b a3       	std	Y+35, r24	; 0x23
    3026:	9c a3       	std	Y+36, r25	; 0x24
    3028:	ad a3       	std	Y+37, r26	; 0x25
    302a:	be a3       	std	Y+38, r27	; 0x26
	if (__tmp < 1.0)
    302c:	6b a1       	ldd	r22, Y+35	; 0x23
    302e:	7c a1       	ldd	r23, Y+36	; 0x24
    3030:	8d a1       	ldd	r24, Y+37	; 0x25
    3032:	9e a1       	ldd	r25, Y+38	; 0x26
    3034:	20 e0       	ldi	r18, 0x00	; 0
    3036:	30 e0       	ldi	r19, 0x00	; 0
    3038:	40 e8       	ldi	r20, 0x80	; 128
    303a:	5f e3       	ldi	r21, 0x3F	; 63
    303c:	0e 94 85 04 	call	0x90a	; 0x90a <__ltsf2>
    3040:	88 23       	and	r24, r24
    3042:	2c f4       	brge	.+10     	; 0x304e <HLCD_voidInit+0x418>
		__ticks = 1;
    3044:	81 e0       	ldi	r24, 0x01	; 1
    3046:	90 e0       	ldi	r25, 0x00	; 0
    3048:	9a a3       	std	Y+34, r25	; 0x22
    304a:	89 a3       	std	Y+33, r24	; 0x21
    304c:	3f c0       	rjmp	.+126    	; 0x30cc <HLCD_voidInit+0x496>
	else if (__tmp > 65535)
    304e:	6b a1       	ldd	r22, Y+35	; 0x23
    3050:	7c a1       	ldd	r23, Y+36	; 0x24
    3052:	8d a1       	ldd	r24, Y+37	; 0x25
    3054:	9e a1       	ldd	r25, Y+38	; 0x26
    3056:	20 e0       	ldi	r18, 0x00	; 0
    3058:	3f ef       	ldi	r19, 0xFF	; 255
    305a:	4f e7       	ldi	r20, 0x7F	; 127
    305c:	57 e4       	ldi	r21, 0x47	; 71
    305e:	0e 94 25 04 	call	0x84a	; 0x84a <__gtsf2>
    3062:	18 16       	cp	r1, r24
    3064:	4c f5       	brge	.+82     	; 0x30b8 <HLCD_voidInit+0x482>
	{
		//	__ticks = requested delay in 1/10 ms
		__ticks = (uint16_t) (__ms * 10.0);
    3066:	6f a1       	ldd	r22, Y+39	; 0x27
    3068:	78 a5       	ldd	r23, Y+40	; 0x28
    306a:	89 a5       	ldd	r24, Y+41	; 0x29
    306c:	9a a5       	ldd	r25, Y+42	; 0x2a
    306e:	20 e0       	ldi	r18, 0x00	; 0
    3070:	30 e0       	ldi	r19, 0x00	; 0
    3072:	40 e2       	ldi	r20, 0x20	; 32
    3074:	51 e4       	ldi	r21, 0x41	; 65
    3076:	0e 94 1f 02 	call	0x43e	; 0x43e <__mulsf3>
    307a:	dc 01       	movw	r26, r24
    307c:	cb 01       	movw	r24, r22
    307e:	bc 01       	movw	r22, r24
    3080:	cd 01       	movw	r24, r26
    3082:	0e 94 49 00 	call	0x92	; 0x92 <__fixunssfsi>
    3086:	dc 01       	movw	r26, r24
    3088:	cb 01       	movw	r24, r22
    308a:	9a a3       	std	Y+34, r25	; 0x22
    308c:	89 a3       	std	Y+33, r24	; 0x21
    308e:	0f c0       	rjmp	.+30     	; 0x30ae <HLCD_voidInit+0x478>
    3090:	88 ec       	ldi	r24, 0xC8	; 200
    3092:	90 e0       	ldi	r25, 0x00	; 0
    3094:	98 a3       	std	Y+32, r25	; 0x20
    3096:	8f 8f       	std	Y+31, r24	; 0x1f
    3098:	8f 8d       	ldd	r24, Y+31	; 0x1f
    309a:	98 a1       	ldd	r25, Y+32	; 0x20
    309c:	01 97       	sbiw	r24, 0x01	; 1
    309e:	f1 f7       	brne	.-4      	; 0x309c <HLCD_voidInit+0x466>
    30a0:	98 a3       	std	Y+32, r25	; 0x20
    30a2:	8f 8f       	std	Y+31, r24	; 0x1f
		while(__ticks)
		{
			// wait 1/10 ms
			_delay_loop_2(((F_CPU) / 4e3) / 10);
			__ticks --;
    30a4:	89 a1       	ldd	r24, Y+33	; 0x21
    30a6:	9a a1       	ldd	r25, Y+34	; 0x22
    30a8:	01 97       	sbiw	r24, 0x01	; 1
    30aa:	9a a3       	std	Y+34, r25	; 0x22
    30ac:	89 a3       	std	Y+33, r24	; 0x21
		__ticks = 1;
	else if (__tmp > 65535)
	{
		//	__ticks = requested delay in 1/10 ms
		__ticks = (uint16_t) (__ms * 10.0);
		while(__ticks)
    30ae:	89 a1       	ldd	r24, Y+33	; 0x21
    30b0:	9a a1       	ldd	r25, Y+34	; 0x22
    30b2:	00 97       	sbiw	r24, 0x00	; 0
    30b4:	69 f7       	brne	.-38     	; 0x3090 <HLCD_voidInit+0x45a>
    30b6:	14 c0       	rjmp	.+40     	; 0x30e0 <HLCD_voidInit+0x4aa>
			__ticks --;
		}
		return;
	}
	else
		__ticks = (uint16_t)__tmp;
    30b8:	6b a1       	ldd	r22, Y+35	; 0x23
    30ba:	7c a1       	ldd	r23, Y+36	; 0x24
    30bc:	8d a1       	ldd	r24, Y+37	; 0x25
    30be:	9e a1       	ldd	r25, Y+38	; 0x26
    30c0:	0e 94 49 00 	call	0x92	; 0x92 <__fixunssfsi>
    30c4:	dc 01       	movw	r26, r24
    30c6:	cb 01       	movw	r24, r22
    30c8:	9a a3       	std	Y+34, r25	; 0x22
    30ca:	89 a3       	std	Y+33, r24	; 0x21
    30cc:	89 a1       	ldd	r24, Y+33	; 0x21
    30ce:	9a a1       	ldd	r25, Y+34	; 0x22
    30d0:	9e 8f       	std	Y+30, r25	; 0x1e
    30d2:	8d 8f       	std	Y+29, r24	; 0x1d
    30d4:	8d 8d       	ldd	r24, Y+29	; 0x1d
    30d6:	9e 8d       	ldd	r25, Y+30	; 0x1e
    30d8:	01 97       	sbiw	r24, 0x01	; 1
    30da:	f1 f7       	brne	.-4      	; 0x30d8 <HLCD_voidInit+0x4a2>
    30dc:	9e 8f       	std	Y+30, r25	; 0x1e
    30de:	8d 8f       	std	Y+29, r24	; 0x1d
	_delay_ms(1) ;
	HLCD_voidSendCmd(0x01) ;
    30e0:	81 e0       	ldi	r24, 0x01	; 1
    30e2:	0e 94 e4 1b 	call	0x37c8	; 0x37c8 <HLCD_voidSendCmd>
    30e6:	80 e0       	ldi	r24, 0x00	; 0
    30e8:	90 e0       	ldi	r25, 0x00	; 0
    30ea:	a0 e8       	ldi	r26, 0x80	; 128
    30ec:	b0 e4       	ldi	r27, 0x40	; 64
    30ee:	89 8f       	std	Y+25, r24	; 0x19
    30f0:	9a 8f       	std	Y+26, r25	; 0x1a
    30f2:	ab 8f       	std	Y+27, r26	; 0x1b
    30f4:	bc 8f       	std	Y+28, r27	; 0x1c
 */
void
_delay_ms(double __ms)
{
	uint16_t __ticks;
	double __tmp = ((F_CPU) / 4e3) * __ms;
    30f6:	69 8d       	ldd	r22, Y+25	; 0x19
    30f8:	7a 8d       	ldd	r23, Y+26	; 0x1a
    30fa:	8b 8d       	ldd	r24, Y+27	; 0x1b
    30fc:	9c 8d       	ldd	r25, Y+28	; 0x1c
    30fe:	20 e0       	ldi	r18, 0x00	; 0
    3100:	30 e0       	ldi	r19, 0x00	; 0
    3102:	4a ef       	ldi	r20, 0xFA	; 250
    3104:	54 e4       	ldi	r21, 0x44	; 68
    3106:	0e 94 1f 02 	call	0x43e	; 0x43e <__mulsf3>
    310a:	dc 01       	movw	r26, r24
    310c:	cb 01       	movw	r24, r22
    310e:	8d 8b       	std	Y+21, r24	; 0x15
    3110:	9e 8b       	std	Y+22, r25	; 0x16
    3112:	af 8b       	std	Y+23, r26	; 0x17
    3114:	b8 8f       	std	Y+24, r27	; 0x18
	if (__tmp < 1.0)
    3116:	6d 89       	ldd	r22, Y+21	; 0x15
    3118:	7e 89       	ldd	r23, Y+22	; 0x16
    311a:	8f 89       	ldd	r24, Y+23	; 0x17
    311c:	98 8d       	ldd	r25, Y+24	; 0x18
    311e:	20 e0       	ldi	r18, 0x00	; 0
    3120:	30 e0       	ldi	r19, 0x00	; 0
    3122:	40 e8       	ldi	r20, 0x80	; 128
    3124:	5f e3       	ldi	r21, 0x3F	; 63
    3126:	0e 94 85 04 	call	0x90a	; 0x90a <__ltsf2>
    312a:	88 23       	and	r24, r24
    312c:	2c f4       	brge	.+10     	; 0x3138 <HLCD_voidInit+0x502>
		__ticks = 1;
    312e:	81 e0       	ldi	r24, 0x01	; 1
    3130:	90 e0       	ldi	r25, 0x00	; 0
    3132:	9c 8b       	std	Y+20, r25	; 0x14
    3134:	8b 8b       	std	Y+19, r24	; 0x13
    3136:	3f c0       	rjmp	.+126    	; 0x31b6 <HLCD_voidInit+0x580>
	else if (__tmp > 65535)
    3138:	6d 89       	ldd	r22, Y+21	; 0x15
    313a:	7e 89       	ldd	r23, Y+22	; 0x16
    313c:	8f 89       	ldd	r24, Y+23	; 0x17
    313e:	98 8d       	ldd	r25, Y+24	; 0x18
    3140:	20 e0       	ldi	r18, 0x00	; 0
    3142:	3f ef       	ldi	r19, 0xFF	; 255
    3144:	4f e7       	ldi	r20, 0x7F	; 127
    3146:	57 e4       	ldi	r21, 0x47	; 71
    3148:	0e 94 25 04 	call	0x84a	; 0x84a <__gtsf2>
    314c:	18 16       	cp	r1, r24
    314e:	4c f5       	brge	.+82     	; 0x31a2 <HLCD_voidInit+0x56c>
	{
		//	__ticks = requested delay in 1/10 ms
		__ticks = (uint16_t) (__ms * 10.0);
    3150:	69 8d       	ldd	r22, Y+25	; 0x19
    3152:	7a 8d       	ldd	r23, Y+26	; 0x1a
    3154:	8b 8d       	ldd	r24, Y+27	; 0x1b
    3156:	9c 8d       	ldd	r25, Y+28	; 0x1c
    3158:	20 e0       	ldi	r18, 0x00	; 0
    315a:	30 e0       	ldi	r19, 0x00	; 0
    315c:	40 e2       	ldi	r20, 0x20	; 32
    315e:	51 e4       	ldi	r21, 0x41	; 65
    3160:	0e 94 1f 02 	call	0x43e	; 0x43e <__mulsf3>
    3164:	dc 01       	movw	r26, r24
    3166:	cb 01       	movw	r24, r22
    3168:	bc 01       	movw	r22, r24
    316a:	cd 01       	movw	r24, r26
    316c:	0e 94 49 00 	call	0x92	; 0x92 <__fixunssfsi>
    3170:	dc 01       	movw	r26, r24
    3172:	cb 01       	movw	r24, r22
    3174:	9c 8b       	std	Y+20, r25	; 0x14
    3176:	8b 8b       	std	Y+19, r24	; 0x13
    3178:	0f c0       	rjmp	.+30     	; 0x3198 <HLCD_voidInit+0x562>
    317a:	88 ec       	ldi	r24, 0xC8	; 200
    317c:	90 e0       	ldi	r25, 0x00	; 0
    317e:	9a 8b       	std	Y+18, r25	; 0x12
    3180:	89 8b       	std	Y+17, r24	; 0x11
    3182:	89 89       	ldd	r24, Y+17	; 0x11
    3184:	9a 89       	ldd	r25, Y+18	; 0x12
    3186:	01 97       	sbiw	r24, 0x01	; 1
    3188:	f1 f7       	brne	.-4      	; 0x3186 <HLCD_voidInit+0x550>
    318a:	9a 8b       	std	Y+18, r25	; 0x12
    318c:	89 8b       	std	Y+17, r24	; 0x11
		while(__ticks)
		{
			// wait 1/10 ms
			_delay_loop_2(((F_CPU) / 4e3) / 10);
			__ticks --;
    318e:	8b 89       	ldd	r24, Y+19	; 0x13
    3190:	9c 89       	ldd	r25, Y+20	; 0x14
    3192:	01 97       	sbiw	r24, 0x01	; 1
    3194:	9c 8b       	std	Y+20, r25	; 0x14
    3196:	8b 8b       	std	Y+19, r24	; 0x13
		__ticks = 1;
	else if (__tmp > 65535)
	{
		//	__ticks = requested delay in 1/10 ms
		__ticks = (uint16_t) (__ms * 10.0);
		while(__ticks)
    3198:	8b 89       	ldd	r24, Y+19	; 0x13
    319a:	9c 89       	ldd	r25, Y+20	; 0x14
    319c:	00 97       	sbiw	r24, 0x00	; 0
    319e:	69 f7       	brne	.-38     	; 0x317a <HLCD_voidInit+0x544>
    31a0:	14 c0       	rjmp	.+40     	; 0x31ca <HLCD_voidInit+0x594>
			__ticks --;
		}
		return;
	}
	else
		__ticks = (uint16_t)__tmp;
    31a2:	6d 89       	ldd	r22, Y+21	; 0x15
    31a4:	7e 89       	ldd	r23, Y+22	; 0x16
    31a6:	8f 89       	ldd	r24, Y+23	; 0x17
    31a8:	98 8d       	ldd	r25, Y+24	; 0x18
    31aa:	0e 94 49 00 	call	0x92	; 0x92 <__fixunssfsi>
    31ae:	dc 01       	movw	r26, r24
    31b0:	cb 01       	movw	r24, r22
    31b2:	9c 8b       	std	Y+20, r25	; 0x14
    31b4:	8b 8b       	std	Y+19, r24	; 0x13
    31b6:	8b 89       	ldd	r24, Y+19	; 0x13
    31b8:	9c 89       	ldd	r25, Y+20	; 0x14
    31ba:	98 8b       	std	Y+16, r25	; 0x10
    31bc:	8f 87       	std	Y+15, r24	; 0x0f
    31be:	8f 85       	ldd	r24, Y+15	; 0x0f
    31c0:	98 89       	ldd	r25, Y+16	; 0x10
    31c2:	01 97       	sbiw	r24, 0x01	; 1
    31c4:	f1 f7       	brne	.-4      	; 0x31c2 <HLCD_voidInit+0x58c>
    31c6:	98 8b       	std	Y+16, r25	; 0x10
    31c8:	8f 87       	std	Y+15, r24	; 0x0f
	_delay_ms(4) ;
	HLCD_voidSendCmd(0x06) ;
    31ca:	86 e0       	ldi	r24, 0x06	; 6
    31cc:	0e 94 e4 1b 	call	0x37c8	; 0x37c8 <HLCD_voidSendCmd>
    31d0:	80 e0       	ldi	r24, 0x00	; 0
    31d2:	90 e0       	ldi	r25, 0x00	; 0
    31d4:	a0 e8       	ldi	r26, 0x80	; 128
    31d6:	bf e3       	ldi	r27, 0x3F	; 63
    31d8:	8b 87       	std	Y+11, r24	; 0x0b
    31da:	9c 87       	std	Y+12, r25	; 0x0c
    31dc:	ad 87       	std	Y+13, r26	; 0x0d
    31de:	be 87       	std	Y+14, r27	; 0x0e
 */
void
_delay_ms(double __ms)
{
	uint16_t __ticks;
	double __tmp = ((F_CPU) / 4e3) * __ms;
    31e0:	6b 85       	ldd	r22, Y+11	; 0x0b
    31e2:	7c 85       	ldd	r23, Y+12	; 0x0c
    31e4:	8d 85       	ldd	r24, Y+13	; 0x0d
    31e6:	9e 85       	ldd	r25, Y+14	; 0x0e
    31e8:	20 e0       	ldi	r18, 0x00	; 0
    31ea:	30 e0       	ldi	r19, 0x00	; 0
    31ec:	4a ef       	ldi	r20, 0xFA	; 250
    31ee:	54 e4       	ldi	r21, 0x44	; 68
    31f0:	0e 94 1f 02 	call	0x43e	; 0x43e <__mulsf3>
    31f4:	dc 01       	movw	r26, r24
    31f6:	cb 01       	movw	r24, r22
    31f8:	8f 83       	std	Y+7, r24	; 0x07
    31fa:	98 87       	std	Y+8, r25	; 0x08
    31fc:	a9 87       	std	Y+9, r26	; 0x09
    31fe:	ba 87       	std	Y+10, r27	; 0x0a
	if (__tmp < 1.0)
    3200:	6f 81       	ldd	r22, Y+7	; 0x07
    3202:	78 85       	ldd	r23, Y+8	; 0x08
    3204:	89 85       	ldd	r24, Y+9	; 0x09
    3206:	9a 85       	ldd	r25, Y+10	; 0x0a
    3208:	20 e0       	ldi	r18, 0x00	; 0
    320a:	30 e0       	ldi	r19, 0x00	; 0
    320c:	40 e8       	ldi	r20, 0x80	; 128
    320e:	5f e3       	ldi	r21, 0x3F	; 63
    3210:	0e 94 85 04 	call	0x90a	; 0x90a <__ltsf2>
    3214:	88 23       	and	r24, r24
    3216:	2c f4       	brge	.+10     	; 0x3222 <HLCD_voidInit+0x5ec>
		__ticks = 1;
    3218:	81 e0       	ldi	r24, 0x01	; 1
    321a:	90 e0       	ldi	r25, 0x00	; 0
    321c:	9e 83       	std	Y+6, r25	; 0x06
    321e:	8d 83       	std	Y+5, r24	; 0x05
    3220:	3f c0       	rjmp	.+126    	; 0x32a0 <HLCD_voidInit+0x66a>
	else if (__tmp > 65535)
    3222:	6f 81       	ldd	r22, Y+7	; 0x07
    3224:	78 85       	ldd	r23, Y+8	; 0x08
    3226:	89 85       	ldd	r24, Y+9	; 0x09
    3228:	9a 85       	ldd	r25, Y+10	; 0x0a
    322a:	20 e0       	ldi	r18, 0x00	; 0
    322c:	3f ef       	ldi	r19, 0xFF	; 255
    322e:	4f e7       	ldi	r20, 0x7F	; 127
    3230:	57 e4       	ldi	r21, 0x47	; 71
    3232:	0e 94 25 04 	call	0x84a	; 0x84a <__gtsf2>
    3236:	18 16       	cp	r1, r24
    3238:	4c f5       	brge	.+82     	; 0x328c <HLCD_voidInit+0x656>
	{
		//	__ticks = requested delay in 1/10 ms
		__ticks = (uint16_t) (__ms * 10.0);
    323a:	6b 85       	ldd	r22, Y+11	; 0x0b
    323c:	7c 85       	ldd	r23, Y+12	; 0x0c
    323e:	8d 85       	ldd	r24, Y+13	; 0x0d
    3240:	9e 85       	ldd	r25, Y+14	; 0x0e
    3242:	20 e0       	ldi	r18, 0x00	; 0
    3244:	30 e0       	ldi	r19, 0x00	; 0
    3246:	40 e2       	ldi	r20, 0x20	; 32
    3248:	51 e4       	ldi	r21, 0x41	; 65
    324a:	0e 94 1f 02 	call	0x43e	; 0x43e <__mulsf3>
    324e:	dc 01       	movw	r26, r24
    3250:	cb 01       	movw	r24, r22
    3252:	bc 01       	movw	r22, r24
    3254:	cd 01       	movw	r24, r26
    3256:	0e 94 49 00 	call	0x92	; 0x92 <__fixunssfsi>
    325a:	dc 01       	movw	r26, r24
    325c:	cb 01       	movw	r24, r22
    325e:	9e 83       	std	Y+6, r25	; 0x06
    3260:	8d 83       	std	Y+5, r24	; 0x05
    3262:	0f c0       	rjmp	.+30     	; 0x3282 <HLCD_voidInit+0x64c>
    3264:	88 ec       	ldi	r24, 0xC8	; 200
    3266:	90 e0       	ldi	r25, 0x00	; 0
    3268:	9c 83       	std	Y+4, r25	; 0x04
    326a:	8b 83       	std	Y+3, r24	; 0x03
    326c:	8b 81       	ldd	r24, Y+3	; 0x03
    326e:	9c 81       	ldd	r25, Y+4	; 0x04
    3270:	01 97       	sbiw	r24, 0x01	; 1
    3272:	f1 f7       	brne	.-4      	; 0x3270 <HLCD_voidInit+0x63a>
    3274:	9c 83       	std	Y+4, r25	; 0x04
    3276:	8b 83       	std	Y+3, r24	; 0x03
		while(__ticks)
		{
			// wait 1/10 ms
			_delay_loop_2(((F_CPU) / 4e3) / 10);
			__ticks --;
    3278:	8d 81       	ldd	r24, Y+5	; 0x05
    327a:	9e 81       	ldd	r25, Y+6	; 0x06
    327c:	01 97       	sbiw	r24, 0x01	; 1
    327e:	9e 83       	std	Y+6, r25	; 0x06
    3280:	8d 83       	std	Y+5, r24	; 0x05
		__ticks = 1;
	else if (__tmp > 65535)
	{
		//	__ticks = requested delay in 1/10 ms
		__ticks = (uint16_t) (__ms * 10.0);
		while(__ticks)
    3282:	8d 81       	ldd	r24, Y+5	; 0x05
    3284:	9e 81       	ldd	r25, Y+6	; 0x06
    3286:	00 97       	sbiw	r24, 0x00	; 0
    3288:	69 f7       	brne	.-38     	; 0x3264 <HLCD_voidInit+0x62e>
    328a:	14 c0       	rjmp	.+40     	; 0x32b4 <HLCD_voidInit+0x67e>
			__ticks --;
		}
		return;
	}
	else
		__ticks = (uint16_t)__tmp;
    328c:	6f 81       	ldd	r22, Y+7	; 0x07
    328e:	78 85       	ldd	r23, Y+8	; 0x08
    3290:	89 85       	ldd	r24, Y+9	; 0x09
    3292:	9a 85       	ldd	r25, Y+10	; 0x0a
    3294:	0e 94 49 00 	call	0x92	; 0x92 <__fixunssfsi>
    3298:	dc 01       	movw	r26, r24
    329a:	cb 01       	movw	r24, r22
    329c:	9e 83       	std	Y+6, r25	; 0x06
    329e:	8d 83       	std	Y+5, r24	; 0x05
    32a0:	8d 81       	ldd	r24, Y+5	; 0x05
    32a2:	9e 81       	ldd	r25, Y+6	; 0x06
    32a4:	9a 83       	std	Y+2, r25	; 0x02
    32a6:	89 83       	std	Y+1, r24	; 0x01
    32a8:	89 81       	ldd	r24, Y+1	; 0x01
    32aa:	9a 81       	ldd	r25, Y+2	; 0x02
    32ac:	01 97       	sbiw	r24, 0x01	; 1
    32ae:	f1 f7       	brne	.-4      	; 0x32ac <HLCD_voidInit+0x676>
    32b0:	9a 83       	std	Y+2, r25	; 0x02
    32b2:	89 83       	std	Y+1, r24	; 0x01
	_delay_ms(1) ;

#else
#error "invalid LCD Mode"
#endif
}
    32b4:	cc 5a       	subi	r28, 0xAC	; 172
    32b6:	df 4f       	sbci	r29, 0xFF	; 255
    32b8:	0f b6       	in	r0, 0x3f	; 63
    32ba:	f8 94       	cli
    32bc:	de bf       	out	0x3e, r29	; 62
    32be:	0f be       	out	0x3f, r0	; 63
    32c0:	cd bf       	out	0x3d, r28	; 61
    32c2:	cf 91       	pop	r28
    32c4:	df 91       	pop	r29
    32c6:	1f 91       	pop	r17
    32c8:	0f 91       	pop	r16
    32ca:	08 95       	ret

000032cc <HLCd_voidSendData>:
void HLCd_voidSendData (u8 A_u8Data)
{
    32cc:	df 93       	push	r29
    32ce:	cf 93       	push	r28
    32d0:	cd b7       	in	r28, 0x3d	; 61
    32d2:	de b7       	in	r29, 0x3e	; 62
    32d4:	e9 97       	sbiw	r28, 0x39	; 57
    32d6:	0f b6       	in	r0, 0x3f	; 63
    32d8:	f8 94       	cli
    32da:	de bf       	out	0x3e, r29	; 62
    32dc:	0f be       	out	0x3f, r0	; 63
    32de:	cd bf       	out	0x3d, r28	; 61
    32e0:	89 af       	std	Y+57, r24	; 0x39
	MDIO_voidSetPinValue(LCD_E_PORT, LCD_E_PIN, DIO_HIGH) ;
	_delay_ms(1) ;
	MDIO_voidSetPinValue(LCD_E_PORT, LCD_E_PIN, DIO_LOW) ;
	_delay_ms(1) ;
#elif LCD_MODE == 4
	MDIO_voidSetPinValue(LCD_RS_PORT, LCD_RS_PIN, DIO_HIGH) ;
    32e2:	81 e0       	ldi	r24, 0x01	; 1
    32e4:	60 e0       	ldi	r22, 0x00	; 0
    32e6:	41 e0       	ldi	r20, 0x01	; 1
    32e8:	0e 94 f2 0f 	call	0x1fe4	; 0x1fe4 <MDIO_voidSetPinValue>
	MDIO_voidSetPinValue(LCD_RW_PORT, LCD_RW_PIN, DIO_LOW) ;
    32ec:	81 e0       	ldi	r24, 0x01	; 1
    32ee:	61 e0       	ldi	r22, 0x01	; 1
    32f0:	40 e0       	ldi	r20, 0x00	; 0
    32f2:	0e 94 f2 0f 	call	0x1fe4	; 0x1fe4 <MDIO_voidSetPinValue>

	MDIO_voidSetPinValue(LCD_PORT, DIO_PIN4, READ_BIT(A_u8Data , 4 )) ;
    32f6:	89 ad       	ldd	r24, Y+57	; 0x39
    32f8:	88 2f       	mov	r24, r24
    32fa:	90 e0       	ldi	r25, 0x00	; 0
    32fc:	80 71       	andi	r24, 0x10	; 16
    32fe:	90 70       	andi	r25, 0x00	; 0
    3300:	95 95       	asr	r25
    3302:	87 95       	ror	r24
    3304:	95 95       	asr	r25
    3306:	87 95       	ror	r24
    3308:	95 95       	asr	r25
    330a:	87 95       	ror	r24
    330c:	95 95       	asr	r25
    330e:	87 95       	ror	r24
    3310:	98 2f       	mov	r25, r24
    3312:	80 e0       	ldi	r24, 0x00	; 0
    3314:	64 e0       	ldi	r22, 0x04	; 4
    3316:	49 2f       	mov	r20, r25
    3318:	0e 94 f2 0f 	call	0x1fe4	; 0x1fe4 <MDIO_voidSetPinValue>
	MDIO_voidSetPinValue(LCD_PORT, DIO_PIN5, READ_BIT(A_u8Data , 5 )) ;
    331c:	89 ad       	ldd	r24, Y+57	; 0x39
    331e:	88 2f       	mov	r24, r24
    3320:	90 e0       	ldi	r25, 0x00	; 0
    3322:	80 72       	andi	r24, 0x20	; 32
    3324:	90 70       	andi	r25, 0x00	; 0
    3326:	95 95       	asr	r25
    3328:	87 95       	ror	r24
    332a:	95 95       	asr	r25
    332c:	87 95       	ror	r24
    332e:	95 95       	asr	r25
    3330:	87 95       	ror	r24
    3332:	95 95       	asr	r25
    3334:	87 95       	ror	r24
    3336:	95 95       	asr	r25
    3338:	87 95       	ror	r24
    333a:	98 2f       	mov	r25, r24
    333c:	80 e0       	ldi	r24, 0x00	; 0
    333e:	65 e0       	ldi	r22, 0x05	; 5
    3340:	49 2f       	mov	r20, r25
    3342:	0e 94 f2 0f 	call	0x1fe4	; 0x1fe4 <MDIO_voidSetPinValue>
	MDIO_voidSetPinValue(LCD_PORT, DIO_PIN6, READ_BIT(A_u8Data , 6 )) ;
    3346:	89 ad       	ldd	r24, Y+57	; 0x39
    3348:	88 2f       	mov	r24, r24
    334a:	90 e0       	ldi	r25, 0x00	; 0
    334c:	80 74       	andi	r24, 0x40	; 64
    334e:	90 70       	andi	r25, 0x00	; 0
    3350:	08 2e       	mov	r0, r24
    3352:	89 2f       	mov	r24, r25
    3354:	00 0c       	add	r0, r0
    3356:	88 1f       	adc	r24, r24
    3358:	99 0b       	sbc	r25, r25
    335a:	00 0c       	add	r0, r0
    335c:	88 1f       	adc	r24, r24
    335e:	99 1f       	adc	r25, r25
    3360:	98 2f       	mov	r25, r24
    3362:	80 e0       	ldi	r24, 0x00	; 0
    3364:	66 e0       	ldi	r22, 0x06	; 6
    3366:	49 2f       	mov	r20, r25
    3368:	0e 94 f2 0f 	call	0x1fe4	; 0x1fe4 <MDIO_voidSetPinValue>
	MDIO_voidSetPinValue(LCD_PORT, DIO_PIN7, READ_BIT(A_u8Data , 7 )) ;
    336c:	89 ad       	ldd	r24, Y+57	; 0x39
    336e:	98 2f       	mov	r25, r24
    3370:	99 1f       	adc	r25, r25
    3372:	99 27       	eor	r25, r25
    3374:	99 1f       	adc	r25, r25
    3376:	80 e0       	ldi	r24, 0x00	; 0
    3378:	67 e0       	ldi	r22, 0x07	; 7
    337a:	49 2f       	mov	r20, r25
    337c:	0e 94 f2 0f 	call	0x1fe4	; 0x1fe4 <MDIO_voidSetPinValue>

	MDIO_voidSetPinValue(LCD_E_PORT, LCD_E_PIN, DIO_HIGH) ;
    3380:	81 e0       	ldi	r24, 0x01	; 1
    3382:	62 e0       	ldi	r22, 0x02	; 2
    3384:	41 e0       	ldi	r20, 0x01	; 1
    3386:	0e 94 f2 0f 	call	0x1fe4	; 0x1fe4 <MDIO_voidSetPinValue>
    338a:	80 e0       	ldi	r24, 0x00	; 0
    338c:	90 e0       	ldi	r25, 0x00	; 0
    338e:	a0 e8       	ldi	r26, 0x80	; 128
    3390:	bf e3       	ldi	r27, 0x3F	; 63
    3392:	8d ab       	std	Y+53, r24	; 0x35
    3394:	9e ab       	std	Y+54, r25	; 0x36
    3396:	af ab       	std	Y+55, r26	; 0x37
    3398:	b8 af       	std	Y+56, r27	; 0x38
 */
void
_delay_ms(double __ms)
{
	uint16_t __ticks;
	double __tmp = ((F_CPU) / 4e3) * __ms;
    339a:	6d a9       	ldd	r22, Y+53	; 0x35
    339c:	7e a9       	ldd	r23, Y+54	; 0x36
    339e:	8f a9       	ldd	r24, Y+55	; 0x37
    33a0:	98 ad       	ldd	r25, Y+56	; 0x38
    33a2:	20 e0       	ldi	r18, 0x00	; 0
    33a4:	30 e0       	ldi	r19, 0x00	; 0
    33a6:	4a ef       	ldi	r20, 0xFA	; 250
    33a8:	54 e4       	ldi	r21, 0x44	; 68
    33aa:	0e 94 1f 02 	call	0x43e	; 0x43e <__mulsf3>
    33ae:	dc 01       	movw	r26, r24
    33b0:	cb 01       	movw	r24, r22
    33b2:	89 ab       	std	Y+49, r24	; 0x31
    33b4:	9a ab       	std	Y+50, r25	; 0x32
    33b6:	ab ab       	std	Y+51, r26	; 0x33
    33b8:	bc ab       	std	Y+52, r27	; 0x34
	if (__tmp < 1.0)
    33ba:	69 a9       	ldd	r22, Y+49	; 0x31
    33bc:	7a a9       	ldd	r23, Y+50	; 0x32
    33be:	8b a9       	ldd	r24, Y+51	; 0x33
    33c0:	9c a9       	ldd	r25, Y+52	; 0x34
    33c2:	20 e0       	ldi	r18, 0x00	; 0
    33c4:	30 e0       	ldi	r19, 0x00	; 0
    33c6:	40 e8       	ldi	r20, 0x80	; 128
    33c8:	5f e3       	ldi	r21, 0x3F	; 63
    33ca:	0e 94 85 04 	call	0x90a	; 0x90a <__ltsf2>
    33ce:	88 23       	and	r24, r24
    33d0:	2c f4       	brge	.+10     	; 0x33dc <HLCd_voidSendData+0x110>
		__ticks = 1;
    33d2:	81 e0       	ldi	r24, 0x01	; 1
    33d4:	90 e0       	ldi	r25, 0x00	; 0
    33d6:	98 ab       	std	Y+48, r25	; 0x30
    33d8:	8f a7       	std	Y+47, r24	; 0x2f
    33da:	3f c0       	rjmp	.+126    	; 0x345a <HLCd_voidSendData+0x18e>
	else if (__tmp > 65535)
    33dc:	69 a9       	ldd	r22, Y+49	; 0x31
    33de:	7a a9       	ldd	r23, Y+50	; 0x32
    33e0:	8b a9       	ldd	r24, Y+51	; 0x33
    33e2:	9c a9       	ldd	r25, Y+52	; 0x34
    33e4:	20 e0       	ldi	r18, 0x00	; 0
    33e6:	3f ef       	ldi	r19, 0xFF	; 255
    33e8:	4f e7       	ldi	r20, 0x7F	; 127
    33ea:	57 e4       	ldi	r21, 0x47	; 71
    33ec:	0e 94 25 04 	call	0x84a	; 0x84a <__gtsf2>
    33f0:	18 16       	cp	r1, r24
    33f2:	4c f5       	brge	.+82     	; 0x3446 <HLCd_voidSendData+0x17a>
	{
		//	__ticks = requested delay in 1/10 ms
		__ticks = (uint16_t) (__ms * 10.0);
    33f4:	6d a9       	ldd	r22, Y+53	; 0x35
    33f6:	7e a9       	ldd	r23, Y+54	; 0x36
    33f8:	8f a9       	ldd	r24, Y+55	; 0x37
    33fa:	98 ad       	ldd	r25, Y+56	; 0x38
    33fc:	20 e0       	ldi	r18, 0x00	; 0
    33fe:	30 e0       	ldi	r19, 0x00	; 0
    3400:	40 e2       	ldi	r20, 0x20	; 32
    3402:	51 e4       	ldi	r21, 0x41	; 65
    3404:	0e 94 1f 02 	call	0x43e	; 0x43e <__mulsf3>
    3408:	dc 01       	movw	r26, r24
    340a:	cb 01       	movw	r24, r22
    340c:	bc 01       	movw	r22, r24
    340e:	cd 01       	movw	r24, r26
    3410:	0e 94 49 00 	call	0x92	; 0x92 <__fixunssfsi>
    3414:	dc 01       	movw	r26, r24
    3416:	cb 01       	movw	r24, r22
    3418:	98 ab       	std	Y+48, r25	; 0x30
    341a:	8f a7       	std	Y+47, r24	; 0x2f
    341c:	0f c0       	rjmp	.+30     	; 0x343c <HLCd_voidSendData+0x170>
    341e:	88 ec       	ldi	r24, 0xC8	; 200
    3420:	90 e0       	ldi	r25, 0x00	; 0
    3422:	9e a7       	std	Y+46, r25	; 0x2e
    3424:	8d a7       	std	Y+45, r24	; 0x2d
    3426:	8d a5       	ldd	r24, Y+45	; 0x2d
    3428:	9e a5       	ldd	r25, Y+46	; 0x2e
    342a:	01 97       	sbiw	r24, 0x01	; 1
    342c:	f1 f7       	brne	.-4      	; 0x342a <HLCd_voidSendData+0x15e>
    342e:	9e a7       	std	Y+46, r25	; 0x2e
    3430:	8d a7       	std	Y+45, r24	; 0x2d
		while(__ticks)
		{
			// wait 1/10 ms
			_delay_loop_2(((F_CPU) / 4e3) / 10);
			__ticks --;
    3432:	8f a5       	ldd	r24, Y+47	; 0x2f
    3434:	98 a9       	ldd	r25, Y+48	; 0x30
    3436:	01 97       	sbiw	r24, 0x01	; 1
    3438:	98 ab       	std	Y+48, r25	; 0x30
    343a:	8f a7       	std	Y+47, r24	; 0x2f
		__ticks = 1;
	else if (__tmp > 65535)
	{
		//	__ticks = requested delay in 1/10 ms
		__ticks = (uint16_t) (__ms * 10.0);
		while(__ticks)
    343c:	8f a5       	ldd	r24, Y+47	; 0x2f
    343e:	98 a9       	ldd	r25, Y+48	; 0x30
    3440:	00 97       	sbiw	r24, 0x00	; 0
    3442:	69 f7       	brne	.-38     	; 0x341e <HLCd_voidSendData+0x152>
    3444:	14 c0       	rjmp	.+40     	; 0x346e <HLCd_voidSendData+0x1a2>
			__ticks --;
		}
		return;
	}
	else
		__ticks = (uint16_t)__tmp;
    3446:	69 a9       	ldd	r22, Y+49	; 0x31
    3448:	7a a9       	ldd	r23, Y+50	; 0x32
    344a:	8b a9       	ldd	r24, Y+51	; 0x33
    344c:	9c a9       	ldd	r25, Y+52	; 0x34
    344e:	0e 94 49 00 	call	0x92	; 0x92 <__fixunssfsi>
    3452:	dc 01       	movw	r26, r24
    3454:	cb 01       	movw	r24, r22
    3456:	98 ab       	std	Y+48, r25	; 0x30
    3458:	8f a7       	std	Y+47, r24	; 0x2f
    345a:	8f a5       	ldd	r24, Y+47	; 0x2f
    345c:	98 a9       	ldd	r25, Y+48	; 0x30
    345e:	9c a7       	std	Y+44, r25	; 0x2c
    3460:	8b a7       	std	Y+43, r24	; 0x2b
    3462:	8b a5       	ldd	r24, Y+43	; 0x2b
    3464:	9c a5       	ldd	r25, Y+44	; 0x2c
    3466:	01 97       	sbiw	r24, 0x01	; 1
    3468:	f1 f7       	brne	.-4      	; 0x3466 <HLCd_voidSendData+0x19a>
    346a:	9c a7       	std	Y+44, r25	; 0x2c
    346c:	8b a7       	std	Y+43, r24	; 0x2b
	_delay_ms(1) ;
	MDIO_voidSetPinValue(LCD_E_PORT, LCD_E_PIN, DIO_LOW) ;
    346e:	81 e0       	ldi	r24, 0x01	; 1
    3470:	62 e0       	ldi	r22, 0x02	; 2
    3472:	40 e0       	ldi	r20, 0x00	; 0
    3474:	0e 94 f2 0f 	call	0x1fe4	; 0x1fe4 <MDIO_voidSetPinValue>
    3478:	80 e0       	ldi	r24, 0x00	; 0
    347a:	90 e0       	ldi	r25, 0x00	; 0
    347c:	a0 e8       	ldi	r26, 0x80	; 128
    347e:	bf e3       	ldi	r27, 0x3F	; 63
    3480:	8f a3       	std	Y+39, r24	; 0x27
    3482:	98 a7       	std	Y+40, r25	; 0x28
    3484:	a9 a7       	std	Y+41, r26	; 0x29
    3486:	ba a7       	std	Y+42, r27	; 0x2a
 */
void
_delay_ms(double __ms)
{
	uint16_t __ticks;
	double __tmp = ((F_CPU) / 4e3) * __ms;
    3488:	6f a1       	ldd	r22, Y+39	; 0x27
    348a:	78 a5       	ldd	r23, Y+40	; 0x28
    348c:	89 a5       	ldd	r24, Y+41	; 0x29
    348e:	9a a5       	ldd	r25, Y+42	; 0x2a
    3490:	20 e0       	ldi	r18, 0x00	; 0
    3492:	30 e0       	ldi	r19, 0x00	; 0
    3494:	4a ef       	ldi	r20, 0xFA	; 250
    3496:	54 e4       	ldi	r21, 0x44	; 68
    3498:	0e 94 1f 02 	call	0x43e	; 0x43e <__mulsf3>
    349c:	dc 01       	movw	r26, r24
    349e:	cb 01       	movw	r24, r22
    34a0:	8b a3       	std	Y+35, r24	; 0x23
    34a2:	9c a3       	std	Y+36, r25	; 0x24
    34a4:	ad a3       	std	Y+37, r26	; 0x25
    34a6:	be a3       	std	Y+38, r27	; 0x26
	if (__tmp < 1.0)
    34a8:	6b a1       	ldd	r22, Y+35	; 0x23
    34aa:	7c a1       	ldd	r23, Y+36	; 0x24
    34ac:	8d a1       	ldd	r24, Y+37	; 0x25
    34ae:	9e a1       	ldd	r25, Y+38	; 0x26
    34b0:	20 e0       	ldi	r18, 0x00	; 0
    34b2:	30 e0       	ldi	r19, 0x00	; 0
    34b4:	40 e8       	ldi	r20, 0x80	; 128
    34b6:	5f e3       	ldi	r21, 0x3F	; 63
    34b8:	0e 94 85 04 	call	0x90a	; 0x90a <__ltsf2>
    34bc:	88 23       	and	r24, r24
    34be:	2c f4       	brge	.+10     	; 0x34ca <HLCd_voidSendData+0x1fe>
		__ticks = 1;
    34c0:	81 e0       	ldi	r24, 0x01	; 1
    34c2:	90 e0       	ldi	r25, 0x00	; 0
    34c4:	9a a3       	std	Y+34, r25	; 0x22
    34c6:	89 a3       	std	Y+33, r24	; 0x21
    34c8:	3f c0       	rjmp	.+126    	; 0x3548 <HLCd_voidSendData+0x27c>
	else if (__tmp > 65535)
    34ca:	6b a1       	ldd	r22, Y+35	; 0x23
    34cc:	7c a1       	ldd	r23, Y+36	; 0x24
    34ce:	8d a1       	ldd	r24, Y+37	; 0x25
    34d0:	9e a1       	ldd	r25, Y+38	; 0x26
    34d2:	20 e0       	ldi	r18, 0x00	; 0
    34d4:	3f ef       	ldi	r19, 0xFF	; 255
    34d6:	4f e7       	ldi	r20, 0x7F	; 127
    34d8:	57 e4       	ldi	r21, 0x47	; 71
    34da:	0e 94 25 04 	call	0x84a	; 0x84a <__gtsf2>
    34de:	18 16       	cp	r1, r24
    34e0:	4c f5       	brge	.+82     	; 0x3534 <HLCd_voidSendData+0x268>
	{
		//	__ticks = requested delay in 1/10 ms
		__ticks = (uint16_t) (__ms * 10.0);
    34e2:	6f a1       	ldd	r22, Y+39	; 0x27
    34e4:	78 a5       	ldd	r23, Y+40	; 0x28
    34e6:	89 a5       	ldd	r24, Y+41	; 0x29
    34e8:	9a a5       	ldd	r25, Y+42	; 0x2a
    34ea:	20 e0       	ldi	r18, 0x00	; 0
    34ec:	30 e0       	ldi	r19, 0x00	; 0
    34ee:	40 e2       	ldi	r20, 0x20	; 32
    34f0:	51 e4       	ldi	r21, 0x41	; 65
    34f2:	0e 94 1f 02 	call	0x43e	; 0x43e <__mulsf3>
    34f6:	dc 01       	movw	r26, r24
    34f8:	cb 01       	movw	r24, r22
    34fa:	bc 01       	movw	r22, r24
    34fc:	cd 01       	movw	r24, r26
    34fe:	0e 94 49 00 	call	0x92	; 0x92 <__fixunssfsi>
    3502:	dc 01       	movw	r26, r24
    3504:	cb 01       	movw	r24, r22
    3506:	9a a3       	std	Y+34, r25	; 0x22
    3508:	89 a3       	std	Y+33, r24	; 0x21
    350a:	0f c0       	rjmp	.+30     	; 0x352a <HLCd_voidSendData+0x25e>
    350c:	88 ec       	ldi	r24, 0xC8	; 200
    350e:	90 e0       	ldi	r25, 0x00	; 0
    3510:	98 a3       	std	Y+32, r25	; 0x20
    3512:	8f 8f       	std	Y+31, r24	; 0x1f
    3514:	8f 8d       	ldd	r24, Y+31	; 0x1f
    3516:	98 a1       	ldd	r25, Y+32	; 0x20
    3518:	01 97       	sbiw	r24, 0x01	; 1
    351a:	f1 f7       	brne	.-4      	; 0x3518 <HLCd_voidSendData+0x24c>
    351c:	98 a3       	std	Y+32, r25	; 0x20
    351e:	8f 8f       	std	Y+31, r24	; 0x1f
		while(__ticks)
		{
			// wait 1/10 ms
			_delay_loop_2(((F_CPU) / 4e3) / 10);
			__ticks --;
    3520:	89 a1       	ldd	r24, Y+33	; 0x21
    3522:	9a a1       	ldd	r25, Y+34	; 0x22
    3524:	01 97       	sbiw	r24, 0x01	; 1
    3526:	9a a3       	std	Y+34, r25	; 0x22
    3528:	89 a3       	std	Y+33, r24	; 0x21
		__ticks = 1;
	else if (__tmp > 65535)
	{
		//	__ticks = requested delay in 1/10 ms
		__ticks = (uint16_t) (__ms * 10.0);
		while(__ticks)
    352a:	89 a1       	ldd	r24, Y+33	; 0x21
    352c:	9a a1       	ldd	r25, Y+34	; 0x22
    352e:	00 97       	sbiw	r24, 0x00	; 0
    3530:	69 f7       	brne	.-38     	; 0x350c <HLCd_voidSendData+0x240>
    3532:	14 c0       	rjmp	.+40     	; 0x355c <HLCd_voidSendData+0x290>
			__ticks --;
		}
		return;
	}
	else
		__ticks = (uint16_t)__tmp;
    3534:	6b a1       	ldd	r22, Y+35	; 0x23
    3536:	7c a1       	ldd	r23, Y+36	; 0x24
    3538:	8d a1       	ldd	r24, Y+37	; 0x25
    353a:	9e a1       	ldd	r25, Y+38	; 0x26
    353c:	0e 94 49 00 	call	0x92	; 0x92 <__fixunssfsi>
    3540:	dc 01       	movw	r26, r24
    3542:	cb 01       	movw	r24, r22
    3544:	9a a3       	std	Y+34, r25	; 0x22
    3546:	89 a3       	std	Y+33, r24	; 0x21
    3548:	89 a1       	ldd	r24, Y+33	; 0x21
    354a:	9a a1       	ldd	r25, Y+34	; 0x22
    354c:	9e 8f       	std	Y+30, r25	; 0x1e
    354e:	8d 8f       	std	Y+29, r24	; 0x1d
    3550:	8d 8d       	ldd	r24, Y+29	; 0x1d
    3552:	9e 8d       	ldd	r25, Y+30	; 0x1e
    3554:	01 97       	sbiw	r24, 0x01	; 1
    3556:	f1 f7       	brne	.-4      	; 0x3554 <HLCd_voidSendData+0x288>
    3558:	9e 8f       	std	Y+30, r25	; 0x1e
    355a:	8d 8f       	std	Y+29, r24	; 0x1d
	_delay_ms(1) ;

	MDIO_voidSetPinValue(LCD_RS_PORT, LCD_RS_PIN, DIO_HIGH) ;
    355c:	81 e0       	ldi	r24, 0x01	; 1
    355e:	60 e0       	ldi	r22, 0x00	; 0
    3560:	41 e0       	ldi	r20, 0x01	; 1
    3562:	0e 94 f2 0f 	call	0x1fe4	; 0x1fe4 <MDIO_voidSetPinValue>
	MDIO_voidSetPinValue(LCD_RW_PORT, LCD_RW_PIN, DIO_LOW) ;
    3566:	81 e0       	ldi	r24, 0x01	; 1
    3568:	61 e0       	ldi	r22, 0x01	; 1
    356a:	40 e0       	ldi	r20, 0x00	; 0
    356c:	0e 94 f2 0f 	call	0x1fe4	; 0x1fe4 <MDIO_voidSetPinValue>

	MDIO_voidSetPinValue(LCD_PORT, DIO_PIN4, READ_BIT(A_u8Data , 0 )) ;
    3570:	89 ad       	ldd	r24, Y+57	; 0x39
    3572:	98 2f       	mov	r25, r24
    3574:	91 70       	andi	r25, 0x01	; 1
    3576:	80 e0       	ldi	r24, 0x00	; 0
    3578:	64 e0       	ldi	r22, 0x04	; 4
    357a:	49 2f       	mov	r20, r25
    357c:	0e 94 f2 0f 	call	0x1fe4	; 0x1fe4 <MDIO_voidSetPinValue>
	MDIO_voidSetPinValue(LCD_PORT, DIO_PIN5, READ_BIT(A_u8Data , 1 )) ;
    3580:	89 ad       	ldd	r24, Y+57	; 0x39
    3582:	88 2f       	mov	r24, r24
    3584:	90 e0       	ldi	r25, 0x00	; 0
    3586:	82 70       	andi	r24, 0x02	; 2
    3588:	90 70       	andi	r25, 0x00	; 0
    358a:	95 95       	asr	r25
    358c:	87 95       	ror	r24
    358e:	98 2f       	mov	r25, r24
    3590:	80 e0       	ldi	r24, 0x00	; 0
    3592:	65 e0       	ldi	r22, 0x05	; 5
    3594:	49 2f       	mov	r20, r25
    3596:	0e 94 f2 0f 	call	0x1fe4	; 0x1fe4 <MDIO_voidSetPinValue>
	MDIO_voidSetPinValue(LCD_PORT, DIO_PIN6, READ_BIT(A_u8Data , 2 )) ;
    359a:	89 ad       	ldd	r24, Y+57	; 0x39
    359c:	88 2f       	mov	r24, r24
    359e:	90 e0       	ldi	r25, 0x00	; 0
    35a0:	84 70       	andi	r24, 0x04	; 4
    35a2:	90 70       	andi	r25, 0x00	; 0
    35a4:	95 95       	asr	r25
    35a6:	87 95       	ror	r24
    35a8:	95 95       	asr	r25
    35aa:	87 95       	ror	r24
    35ac:	98 2f       	mov	r25, r24
    35ae:	80 e0       	ldi	r24, 0x00	; 0
    35b0:	66 e0       	ldi	r22, 0x06	; 6
    35b2:	49 2f       	mov	r20, r25
    35b4:	0e 94 f2 0f 	call	0x1fe4	; 0x1fe4 <MDIO_voidSetPinValue>
	MDIO_voidSetPinValue(LCD_PORT, DIO_PIN7, READ_BIT(A_u8Data , 3 )) ;
    35b8:	89 ad       	ldd	r24, Y+57	; 0x39
    35ba:	88 2f       	mov	r24, r24
    35bc:	90 e0       	ldi	r25, 0x00	; 0
    35be:	88 70       	andi	r24, 0x08	; 8
    35c0:	90 70       	andi	r25, 0x00	; 0
    35c2:	95 95       	asr	r25
    35c4:	87 95       	ror	r24
    35c6:	95 95       	asr	r25
    35c8:	87 95       	ror	r24
    35ca:	95 95       	asr	r25
    35cc:	87 95       	ror	r24
    35ce:	98 2f       	mov	r25, r24
    35d0:	80 e0       	ldi	r24, 0x00	; 0
    35d2:	67 e0       	ldi	r22, 0x07	; 7
    35d4:	49 2f       	mov	r20, r25
    35d6:	0e 94 f2 0f 	call	0x1fe4	; 0x1fe4 <MDIO_voidSetPinValue>

	MDIO_voidSetPinValue(LCD_E_PORT, LCD_E_PIN, DIO_HIGH) ;
    35da:	81 e0       	ldi	r24, 0x01	; 1
    35dc:	62 e0       	ldi	r22, 0x02	; 2
    35de:	41 e0       	ldi	r20, 0x01	; 1
    35e0:	0e 94 f2 0f 	call	0x1fe4	; 0x1fe4 <MDIO_voidSetPinValue>
    35e4:	80 e0       	ldi	r24, 0x00	; 0
    35e6:	90 e0       	ldi	r25, 0x00	; 0
    35e8:	a0 e8       	ldi	r26, 0x80	; 128
    35ea:	bf e3       	ldi	r27, 0x3F	; 63
    35ec:	89 8f       	std	Y+25, r24	; 0x19
    35ee:	9a 8f       	std	Y+26, r25	; 0x1a
    35f0:	ab 8f       	std	Y+27, r26	; 0x1b
    35f2:	bc 8f       	std	Y+28, r27	; 0x1c
 */
void
_delay_ms(double __ms)
{
	uint16_t __ticks;
	double __tmp = ((F_CPU) / 4e3) * __ms;
    35f4:	69 8d       	ldd	r22, Y+25	; 0x19
    35f6:	7a 8d       	ldd	r23, Y+26	; 0x1a
    35f8:	8b 8d       	ldd	r24, Y+27	; 0x1b
    35fa:	9c 8d       	ldd	r25, Y+28	; 0x1c
    35fc:	20 e0       	ldi	r18, 0x00	; 0
    35fe:	30 e0       	ldi	r19, 0x00	; 0
    3600:	4a ef       	ldi	r20, 0xFA	; 250
    3602:	54 e4       	ldi	r21, 0x44	; 68
    3604:	0e 94 1f 02 	call	0x43e	; 0x43e <__mulsf3>
    3608:	dc 01       	movw	r26, r24
    360a:	cb 01       	movw	r24, r22
    360c:	8d 8b       	std	Y+21, r24	; 0x15
    360e:	9e 8b       	std	Y+22, r25	; 0x16
    3610:	af 8b       	std	Y+23, r26	; 0x17
    3612:	b8 8f       	std	Y+24, r27	; 0x18
	if (__tmp < 1.0)
    3614:	6d 89       	ldd	r22, Y+21	; 0x15
    3616:	7e 89       	ldd	r23, Y+22	; 0x16
    3618:	8f 89       	ldd	r24, Y+23	; 0x17
    361a:	98 8d       	ldd	r25, Y+24	; 0x18
    361c:	20 e0       	ldi	r18, 0x00	; 0
    361e:	30 e0       	ldi	r19, 0x00	; 0
    3620:	40 e8       	ldi	r20, 0x80	; 128
    3622:	5f e3       	ldi	r21, 0x3F	; 63
    3624:	0e 94 85 04 	call	0x90a	; 0x90a <__ltsf2>
    3628:	88 23       	and	r24, r24
    362a:	2c f4       	brge	.+10     	; 0x3636 <HLCd_voidSendData+0x36a>
		__ticks = 1;
    362c:	81 e0       	ldi	r24, 0x01	; 1
    362e:	90 e0       	ldi	r25, 0x00	; 0
    3630:	9c 8b       	std	Y+20, r25	; 0x14
    3632:	8b 8b       	std	Y+19, r24	; 0x13
    3634:	3f c0       	rjmp	.+126    	; 0x36b4 <HLCd_voidSendData+0x3e8>
	else if (__tmp > 65535)
    3636:	6d 89       	ldd	r22, Y+21	; 0x15
    3638:	7e 89       	ldd	r23, Y+22	; 0x16
    363a:	8f 89       	ldd	r24, Y+23	; 0x17
    363c:	98 8d       	ldd	r25, Y+24	; 0x18
    363e:	20 e0       	ldi	r18, 0x00	; 0
    3640:	3f ef       	ldi	r19, 0xFF	; 255
    3642:	4f e7       	ldi	r20, 0x7F	; 127
    3644:	57 e4       	ldi	r21, 0x47	; 71
    3646:	0e 94 25 04 	call	0x84a	; 0x84a <__gtsf2>
    364a:	18 16       	cp	r1, r24
    364c:	4c f5       	brge	.+82     	; 0x36a0 <HLCd_voidSendData+0x3d4>
	{
		//	__ticks = requested delay in 1/10 ms
		__ticks = (uint16_t) (__ms * 10.0);
    364e:	69 8d       	ldd	r22, Y+25	; 0x19
    3650:	7a 8d       	ldd	r23, Y+26	; 0x1a
    3652:	8b 8d       	ldd	r24, Y+27	; 0x1b
    3654:	9c 8d       	ldd	r25, Y+28	; 0x1c
    3656:	20 e0       	ldi	r18, 0x00	; 0
    3658:	30 e0       	ldi	r19, 0x00	; 0
    365a:	40 e2       	ldi	r20, 0x20	; 32
    365c:	51 e4       	ldi	r21, 0x41	; 65
    365e:	0e 94 1f 02 	call	0x43e	; 0x43e <__mulsf3>
    3662:	dc 01       	movw	r26, r24
    3664:	cb 01       	movw	r24, r22
    3666:	bc 01       	movw	r22, r24
    3668:	cd 01       	movw	r24, r26
    366a:	0e 94 49 00 	call	0x92	; 0x92 <__fixunssfsi>
    366e:	dc 01       	movw	r26, r24
    3670:	cb 01       	movw	r24, r22
    3672:	9c 8b       	std	Y+20, r25	; 0x14
    3674:	8b 8b       	std	Y+19, r24	; 0x13
    3676:	0f c0       	rjmp	.+30     	; 0x3696 <HLCd_voidSendData+0x3ca>
    3678:	88 ec       	ldi	r24, 0xC8	; 200
    367a:	90 e0       	ldi	r25, 0x00	; 0
    367c:	9a 8b       	std	Y+18, r25	; 0x12
    367e:	89 8b       	std	Y+17, r24	; 0x11
    3680:	89 89       	ldd	r24, Y+17	; 0x11
    3682:	9a 89       	ldd	r25, Y+18	; 0x12
    3684:	01 97       	sbiw	r24, 0x01	; 1
    3686:	f1 f7       	brne	.-4      	; 0x3684 <HLCd_voidSendData+0x3b8>
    3688:	9a 8b       	std	Y+18, r25	; 0x12
    368a:	89 8b       	std	Y+17, r24	; 0x11
		while(__ticks)
		{
			// wait 1/10 ms
			_delay_loop_2(((F_CPU) / 4e3) / 10);
			__ticks --;
    368c:	8b 89       	ldd	r24, Y+19	; 0x13
    368e:	9c 89       	ldd	r25, Y+20	; 0x14
    3690:	01 97       	sbiw	r24, 0x01	; 1
    3692:	9c 8b       	std	Y+20, r25	; 0x14
    3694:	8b 8b       	std	Y+19, r24	; 0x13
		__ticks = 1;
	else if (__tmp > 65535)
	{
		//	__ticks = requested delay in 1/10 ms
		__ticks = (uint16_t) (__ms * 10.0);
		while(__ticks)
    3696:	8b 89       	ldd	r24, Y+19	; 0x13
    3698:	9c 89       	ldd	r25, Y+20	; 0x14
    369a:	00 97       	sbiw	r24, 0x00	; 0
    369c:	69 f7       	brne	.-38     	; 0x3678 <HLCd_voidSendData+0x3ac>
    369e:	14 c0       	rjmp	.+40     	; 0x36c8 <HLCd_voidSendData+0x3fc>
			__ticks --;
		}
		return;
	}
	else
		__ticks = (uint16_t)__tmp;
    36a0:	6d 89       	ldd	r22, Y+21	; 0x15
    36a2:	7e 89       	ldd	r23, Y+22	; 0x16
    36a4:	8f 89       	ldd	r24, Y+23	; 0x17
    36a6:	98 8d       	ldd	r25, Y+24	; 0x18
    36a8:	0e 94 49 00 	call	0x92	; 0x92 <__fixunssfsi>
    36ac:	dc 01       	movw	r26, r24
    36ae:	cb 01       	movw	r24, r22
    36b0:	9c 8b       	std	Y+20, r25	; 0x14
    36b2:	8b 8b       	std	Y+19, r24	; 0x13
    36b4:	8b 89       	ldd	r24, Y+19	; 0x13
    36b6:	9c 89       	ldd	r25, Y+20	; 0x14
    36b8:	98 8b       	std	Y+16, r25	; 0x10
    36ba:	8f 87       	std	Y+15, r24	; 0x0f
    36bc:	8f 85       	ldd	r24, Y+15	; 0x0f
    36be:	98 89       	ldd	r25, Y+16	; 0x10
    36c0:	01 97       	sbiw	r24, 0x01	; 1
    36c2:	f1 f7       	brne	.-4      	; 0x36c0 <HLCd_voidSendData+0x3f4>
    36c4:	98 8b       	std	Y+16, r25	; 0x10
    36c6:	8f 87       	std	Y+15, r24	; 0x0f
	_delay_ms(1) ;
	MDIO_voidSetPinValue(LCD_E_PORT, LCD_E_PIN, DIO_LOW) ;
    36c8:	81 e0       	ldi	r24, 0x01	; 1
    36ca:	62 e0       	ldi	r22, 0x02	; 2
    36cc:	40 e0       	ldi	r20, 0x00	; 0
    36ce:	0e 94 f2 0f 	call	0x1fe4	; 0x1fe4 <MDIO_voidSetPinValue>
    36d2:	80 e0       	ldi	r24, 0x00	; 0
    36d4:	90 e0       	ldi	r25, 0x00	; 0
    36d6:	a0 e8       	ldi	r26, 0x80	; 128
    36d8:	bf e3       	ldi	r27, 0x3F	; 63
    36da:	8b 87       	std	Y+11, r24	; 0x0b
    36dc:	9c 87       	std	Y+12, r25	; 0x0c
    36de:	ad 87       	std	Y+13, r26	; 0x0d
    36e0:	be 87       	std	Y+14, r27	; 0x0e
 */
void
_delay_ms(double __ms)
{
	uint16_t __ticks;
	double __tmp = ((F_CPU) / 4e3) * __ms;
    36e2:	6b 85       	ldd	r22, Y+11	; 0x0b
    36e4:	7c 85       	ldd	r23, Y+12	; 0x0c
    36e6:	8d 85       	ldd	r24, Y+13	; 0x0d
    36e8:	9e 85       	ldd	r25, Y+14	; 0x0e
    36ea:	20 e0       	ldi	r18, 0x00	; 0
    36ec:	30 e0       	ldi	r19, 0x00	; 0
    36ee:	4a ef       	ldi	r20, 0xFA	; 250
    36f0:	54 e4       	ldi	r21, 0x44	; 68
    36f2:	0e 94 1f 02 	call	0x43e	; 0x43e <__mulsf3>
    36f6:	dc 01       	movw	r26, r24
    36f8:	cb 01       	movw	r24, r22
    36fa:	8f 83       	std	Y+7, r24	; 0x07
    36fc:	98 87       	std	Y+8, r25	; 0x08
    36fe:	a9 87       	std	Y+9, r26	; 0x09
    3700:	ba 87       	std	Y+10, r27	; 0x0a
	if (__tmp < 1.0)
    3702:	6f 81       	ldd	r22, Y+7	; 0x07
    3704:	78 85       	ldd	r23, Y+8	; 0x08
    3706:	89 85       	ldd	r24, Y+9	; 0x09
    3708:	9a 85       	ldd	r25, Y+10	; 0x0a
    370a:	20 e0       	ldi	r18, 0x00	; 0
    370c:	30 e0       	ldi	r19, 0x00	; 0
    370e:	40 e8       	ldi	r20, 0x80	; 128
    3710:	5f e3       	ldi	r21, 0x3F	; 63
    3712:	0e 94 85 04 	call	0x90a	; 0x90a <__ltsf2>
    3716:	88 23       	and	r24, r24
    3718:	2c f4       	brge	.+10     	; 0x3724 <HLCd_voidSendData+0x458>
		__ticks = 1;
    371a:	81 e0       	ldi	r24, 0x01	; 1
    371c:	90 e0       	ldi	r25, 0x00	; 0
    371e:	9e 83       	std	Y+6, r25	; 0x06
    3720:	8d 83       	std	Y+5, r24	; 0x05
    3722:	3f c0       	rjmp	.+126    	; 0x37a2 <HLCd_voidSendData+0x4d6>
	else if (__tmp > 65535)
    3724:	6f 81       	ldd	r22, Y+7	; 0x07
    3726:	78 85       	ldd	r23, Y+8	; 0x08
    3728:	89 85       	ldd	r24, Y+9	; 0x09
    372a:	9a 85       	ldd	r25, Y+10	; 0x0a
    372c:	20 e0       	ldi	r18, 0x00	; 0
    372e:	3f ef       	ldi	r19, 0xFF	; 255
    3730:	4f e7       	ldi	r20, 0x7F	; 127
    3732:	57 e4       	ldi	r21, 0x47	; 71
    3734:	0e 94 25 04 	call	0x84a	; 0x84a <__gtsf2>
    3738:	18 16       	cp	r1, r24
    373a:	4c f5       	brge	.+82     	; 0x378e <HLCd_voidSendData+0x4c2>
	{
		//	__ticks = requested delay in 1/10 ms
		__ticks = (uint16_t) (__ms * 10.0);
    373c:	6b 85       	ldd	r22, Y+11	; 0x0b
    373e:	7c 85       	ldd	r23, Y+12	; 0x0c
    3740:	8d 85       	ldd	r24, Y+13	; 0x0d
    3742:	9e 85       	ldd	r25, Y+14	; 0x0e
    3744:	20 e0       	ldi	r18, 0x00	; 0
    3746:	30 e0       	ldi	r19, 0x00	; 0
    3748:	40 e2       	ldi	r20, 0x20	; 32
    374a:	51 e4       	ldi	r21, 0x41	; 65
    374c:	0e 94 1f 02 	call	0x43e	; 0x43e <__mulsf3>
    3750:	dc 01       	movw	r26, r24
    3752:	cb 01       	movw	r24, r22
    3754:	bc 01       	movw	r22, r24
    3756:	cd 01       	movw	r24, r26
    3758:	0e 94 49 00 	call	0x92	; 0x92 <__fixunssfsi>
    375c:	dc 01       	movw	r26, r24
    375e:	cb 01       	movw	r24, r22
    3760:	9e 83       	std	Y+6, r25	; 0x06
    3762:	8d 83       	std	Y+5, r24	; 0x05
    3764:	0f c0       	rjmp	.+30     	; 0x3784 <HLCd_voidSendData+0x4b8>
    3766:	88 ec       	ldi	r24, 0xC8	; 200
    3768:	90 e0       	ldi	r25, 0x00	; 0
    376a:	9c 83       	std	Y+4, r25	; 0x04
    376c:	8b 83       	std	Y+3, r24	; 0x03
    376e:	8b 81       	ldd	r24, Y+3	; 0x03
    3770:	9c 81       	ldd	r25, Y+4	; 0x04
    3772:	01 97       	sbiw	r24, 0x01	; 1
    3774:	f1 f7       	brne	.-4      	; 0x3772 <HLCd_voidSendData+0x4a6>
    3776:	9c 83       	std	Y+4, r25	; 0x04
    3778:	8b 83       	std	Y+3, r24	; 0x03
		while(__ticks)
		{
			// wait 1/10 ms
			_delay_loop_2(((F_CPU) / 4e3) / 10);
			__ticks --;
    377a:	8d 81       	ldd	r24, Y+5	; 0x05
    377c:	9e 81       	ldd	r25, Y+6	; 0x06
    377e:	01 97       	sbiw	r24, 0x01	; 1
    3780:	9e 83       	std	Y+6, r25	; 0x06
    3782:	8d 83       	std	Y+5, r24	; 0x05
		__ticks = 1;
	else if (__tmp > 65535)
	{
		//	__ticks = requested delay in 1/10 ms
		__ticks = (uint16_t) (__ms * 10.0);
		while(__ticks)
    3784:	8d 81       	ldd	r24, Y+5	; 0x05
    3786:	9e 81       	ldd	r25, Y+6	; 0x06
    3788:	00 97       	sbiw	r24, 0x00	; 0
    378a:	69 f7       	brne	.-38     	; 0x3766 <HLCd_voidSendData+0x49a>
    378c:	14 c0       	rjmp	.+40     	; 0x37b6 <HLCd_voidSendData+0x4ea>
			__ticks --;
		}
		return;
	}
	else
		__ticks = (uint16_t)__tmp;
    378e:	6f 81       	ldd	r22, Y+7	; 0x07
    3790:	78 85       	ldd	r23, Y+8	; 0x08
    3792:	89 85       	ldd	r24, Y+9	; 0x09
    3794:	9a 85       	ldd	r25, Y+10	; 0x0a
    3796:	0e 94 49 00 	call	0x92	; 0x92 <__fixunssfsi>
    379a:	dc 01       	movw	r26, r24
    379c:	cb 01       	movw	r24, r22
    379e:	9e 83       	std	Y+6, r25	; 0x06
    37a0:	8d 83       	std	Y+5, r24	; 0x05
    37a2:	8d 81       	ldd	r24, Y+5	; 0x05
    37a4:	9e 81       	ldd	r25, Y+6	; 0x06
    37a6:	9a 83       	std	Y+2, r25	; 0x02
    37a8:	89 83       	std	Y+1, r24	; 0x01
    37aa:	89 81       	ldd	r24, Y+1	; 0x01
    37ac:	9a 81       	ldd	r25, Y+2	; 0x02
    37ae:	01 97       	sbiw	r24, 0x01	; 1
    37b0:	f1 f7       	brne	.-4      	; 0x37ae <HLCd_voidSendData+0x4e2>
    37b2:	9a 83       	std	Y+2, r25	; 0x02
    37b4:	89 83       	std	Y+1, r24	; 0x01
	_delay_ms(1) ;
#else
#error "invalid LCD Mode"
#endif
}
    37b6:	e9 96       	adiw	r28, 0x39	; 57
    37b8:	0f b6       	in	r0, 0x3f	; 63
    37ba:	f8 94       	cli
    37bc:	de bf       	out	0x3e, r29	; 62
    37be:	0f be       	out	0x3f, r0	; 63
    37c0:	cd bf       	out	0x3d, r28	; 61
    37c2:	cf 91       	pop	r28
    37c4:	df 91       	pop	r29
    37c6:	08 95       	ret

000037c8 <HLCD_voidSendCmd>:
void HLCD_voidSendCmd  (u8 A_u8Cmd)
{
    37c8:	df 93       	push	r29
    37ca:	cf 93       	push	r28
    37cc:	cd b7       	in	r28, 0x3d	; 61
    37ce:	de b7       	in	r29, 0x3e	; 62
    37d0:	e9 97       	sbiw	r28, 0x39	; 57
    37d2:	0f b6       	in	r0, 0x3f	; 63
    37d4:	f8 94       	cli
    37d6:	de bf       	out	0x3e, r29	; 62
    37d8:	0f be       	out	0x3f, r0	; 63
    37da:	cd bf       	out	0x3d, r28	; 61
    37dc:	89 af       	std	Y+57, r24	; 0x39
	MDIO_voidSetPinValue(LCD_E_PORT, LCD_E_PIN, DIO_HIGH) ;
	_delay_ms(1) ;
	MDIO_voidSetPinValue(LCD_E_PORT, LCD_E_PIN, DIO_LOW) ;
	_delay_ms(1) ;
#elif LCD_MODE == 4
	MDIO_voidSetPinValue(LCD_RS_PORT, LCD_RS_PIN, DIO_LOW) ;
    37de:	81 e0       	ldi	r24, 0x01	; 1
    37e0:	60 e0       	ldi	r22, 0x00	; 0
    37e2:	40 e0       	ldi	r20, 0x00	; 0
    37e4:	0e 94 f2 0f 	call	0x1fe4	; 0x1fe4 <MDIO_voidSetPinValue>
	MDIO_voidSetPinValue(LCD_RW_PORT, LCD_RW_PIN, DIO_LOW) ;
    37e8:	81 e0       	ldi	r24, 0x01	; 1
    37ea:	61 e0       	ldi	r22, 0x01	; 1
    37ec:	40 e0       	ldi	r20, 0x00	; 0
    37ee:	0e 94 f2 0f 	call	0x1fe4	; 0x1fe4 <MDIO_voidSetPinValue>

	MDIO_voidSetPinValue(LCD_PORT, DIO_PIN4, READ_BIT(A_u8Cmd , 4 )) ;
    37f2:	89 ad       	ldd	r24, Y+57	; 0x39
    37f4:	88 2f       	mov	r24, r24
    37f6:	90 e0       	ldi	r25, 0x00	; 0
    37f8:	80 71       	andi	r24, 0x10	; 16
    37fa:	90 70       	andi	r25, 0x00	; 0
    37fc:	95 95       	asr	r25
    37fe:	87 95       	ror	r24
    3800:	95 95       	asr	r25
    3802:	87 95       	ror	r24
    3804:	95 95       	asr	r25
    3806:	87 95       	ror	r24
    3808:	95 95       	asr	r25
    380a:	87 95       	ror	r24
    380c:	98 2f       	mov	r25, r24
    380e:	80 e0       	ldi	r24, 0x00	; 0
    3810:	64 e0       	ldi	r22, 0x04	; 4
    3812:	49 2f       	mov	r20, r25
    3814:	0e 94 f2 0f 	call	0x1fe4	; 0x1fe4 <MDIO_voidSetPinValue>
	MDIO_voidSetPinValue(LCD_PORT, DIO_PIN5, READ_BIT(A_u8Cmd , 5 )) ;
    3818:	89 ad       	ldd	r24, Y+57	; 0x39
    381a:	88 2f       	mov	r24, r24
    381c:	90 e0       	ldi	r25, 0x00	; 0
    381e:	80 72       	andi	r24, 0x20	; 32
    3820:	90 70       	andi	r25, 0x00	; 0
    3822:	95 95       	asr	r25
    3824:	87 95       	ror	r24
    3826:	95 95       	asr	r25
    3828:	87 95       	ror	r24
    382a:	95 95       	asr	r25
    382c:	87 95       	ror	r24
    382e:	95 95       	asr	r25
    3830:	87 95       	ror	r24
    3832:	95 95       	asr	r25
    3834:	87 95       	ror	r24
    3836:	98 2f       	mov	r25, r24
    3838:	80 e0       	ldi	r24, 0x00	; 0
    383a:	65 e0       	ldi	r22, 0x05	; 5
    383c:	49 2f       	mov	r20, r25
    383e:	0e 94 f2 0f 	call	0x1fe4	; 0x1fe4 <MDIO_voidSetPinValue>
	MDIO_voidSetPinValue(LCD_PORT, DIO_PIN6, READ_BIT(A_u8Cmd , 6 )) ;
    3842:	89 ad       	ldd	r24, Y+57	; 0x39
    3844:	88 2f       	mov	r24, r24
    3846:	90 e0       	ldi	r25, 0x00	; 0
    3848:	80 74       	andi	r24, 0x40	; 64
    384a:	90 70       	andi	r25, 0x00	; 0
    384c:	08 2e       	mov	r0, r24
    384e:	89 2f       	mov	r24, r25
    3850:	00 0c       	add	r0, r0
    3852:	88 1f       	adc	r24, r24
    3854:	99 0b       	sbc	r25, r25
    3856:	00 0c       	add	r0, r0
    3858:	88 1f       	adc	r24, r24
    385a:	99 1f       	adc	r25, r25
    385c:	98 2f       	mov	r25, r24
    385e:	80 e0       	ldi	r24, 0x00	; 0
    3860:	66 e0       	ldi	r22, 0x06	; 6
    3862:	49 2f       	mov	r20, r25
    3864:	0e 94 f2 0f 	call	0x1fe4	; 0x1fe4 <MDIO_voidSetPinValue>
	MDIO_voidSetPinValue(LCD_PORT, DIO_PIN7, READ_BIT(A_u8Cmd , 7 )) ;
    3868:	89 ad       	ldd	r24, Y+57	; 0x39
    386a:	98 2f       	mov	r25, r24
    386c:	99 1f       	adc	r25, r25
    386e:	99 27       	eor	r25, r25
    3870:	99 1f       	adc	r25, r25
    3872:	80 e0       	ldi	r24, 0x00	; 0
    3874:	67 e0       	ldi	r22, 0x07	; 7
    3876:	49 2f       	mov	r20, r25
    3878:	0e 94 f2 0f 	call	0x1fe4	; 0x1fe4 <MDIO_voidSetPinValue>

	MDIO_voidSetPinValue(LCD_E_PORT, LCD_E_PIN, DIO_HIGH) ;
    387c:	81 e0       	ldi	r24, 0x01	; 1
    387e:	62 e0       	ldi	r22, 0x02	; 2
    3880:	41 e0       	ldi	r20, 0x01	; 1
    3882:	0e 94 f2 0f 	call	0x1fe4	; 0x1fe4 <MDIO_voidSetPinValue>
    3886:	80 e0       	ldi	r24, 0x00	; 0
    3888:	90 e0       	ldi	r25, 0x00	; 0
    388a:	a0 e8       	ldi	r26, 0x80	; 128
    388c:	bf e3       	ldi	r27, 0x3F	; 63
    388e:	8d ab       	std	Y+53, r24	; 0x35
    3890:	9e ab       	std	Y+54, r25	; 0x36
    3892:	af ab       	std	Y+55, r26	; 0x37
    3894:	b8 af       	std	Y+56, r27	; 0x38
 */
void
_delay_ms(double __ms)
{
	uint16_t __ticks;
	double __tmp = ((F_CPU) / 4e3) * __ms;
    3896:	6d a9       	ldd	r22, Y+53	; 0x35
    3898:	7e a9       	ldd	r23, Y+54	; 0x36
    389a:	8f a9       	ldd	r24, Y+55	; 0x37
    389c:	98 ad       	ldd	r25, Y+56	; 0x38
    389e:	20 e0       	ldi	r18, 0x00	; 0
    38a0:	30 e0       	ldi	r19, 0x00	; 0
    38a2:	4a ef       	ldi	r20, 0xFA	; 250
    38a4:	54 e4       	ldi	r21, 0x44	; 68
    38a6:	0e 94 1f 02 	call	0x43e	; 0x43e <__mulsf3>
    38aa:	dc 01       	movw	r26, r24
    38ac:	cb 01       	movw	r24, r22
    38ae:	89 ab       	std	Y+49, r24	; 0x31
    38b0:	9a ab       	std	Y+50, r25	; 0x32
    38b2:	ab ab       	std	Y+51, r26	; 0x33
    38b4:	bc ab       	std	Y+52, r27	; 0x34
	if (__tmp < 1.0)
    38b6:	69 a9       	ldd	r22, Y+49	; 0x31
    38b8:	7a a9       	ldd	r23, Y+50	; 0x32
    38ba:	8b a9       	ldd	r24, Y+51	; 0x33
    38bc:	9c a9       	ldd	r25, Y+52	; 0x34
    38be:	20 e0       	ldi	r18, 0x00	; 0
    38c0:	30 e0       	ldi	r19, 0x00	; 0
    38c2:	40 e8       	ldi	r20, 0x80	; 128
    38c4:	5f e3       	ldi	r21, 0x3F	; 63
    38c6:	0e 94 85 04 	call	0x90a	; 0x90a <__ltsf2>
    38ca:	88 23       	and	r24, r24
    38cc:	2c f4       	brge	.+10     	; 0x38d8 <HLCD_voidSendCmd+0x110>
		__ticks = 1;
    38ce:	81 e0       	ldi	r24, 0x01	; 1
    38d0:	90 e0       	ldi	r25, 0x00	; 0
    38d2:	98 ab       	std	Y+48, r25	; 0x30
    38d4:	8f a7       	std	Y+47, r24	; 0x2f
    38d6:	3f c0       	rjmp	.+126    	; 0x3956 <HLCD_voidSendCmd+0x18e>
	else if (__tmp > 65535)
    38d8:	69 a9       	ldd	r22, Y+49	; 0x31
    38da:	7a a9       	ldd	r23, Y+50	; 0x32
    38dc:	8b a9       	ldd	r24, Y+51	; 0x33
    38de:	9c a9       	ldd	r25, Y+52	; 0x34
    38e0:	20 e0       	ldi	r18, 0x00	; 0
    38e2:	3f ef       	ldi	r19, 0xFF	; 255
    38e4:	4f e7       	ldi	r20, 0x7F	; 127
    38e6:	57 e4       	ldi	r21, 0x47	; 71
    38e8:	0e 94 25 04 	call	0x84a	; 0x84a <__gtsf2>
    38ec:	18 16       	cp	r1, r24
    38ee:	4c f5       	brge	.+82     	; 0x3942 <HLCD_voidSendCmd+0x17a>
	{
		//	__ticks = requested delay in 1/10 ms
		__ticks = (uint16_t) (__ms * 10.0);
    38f0:	6d a9       	ldd	r22, Y+53	; 0x35
    38f2:	7e a9       	ldd	r23, Y+54	; 0x36
    38f4:	8f a9       	ldd	r24, Y+55	; 0x37
    38f6:	98 ad       	ldd	r25, Y+56	; 0x38
    38f8:	20 e0       	ldi	r18, 0x00	; 0
    38fa:	30 e0       	ldi	r19, 0x00	; 0
    38fc:	40 e2       	ldi	r20, 0x20	; 32
    38fe:	51 e4       	ldi	r21, 0x41	; 65
    3900:	0e 94 1f 02 	call	0x43e	; 0x43e <__mulsf3>
    3904:	dc 01       	movw	r26, r24
    3906:	cb 01       	movw	r24, r22
    3908:	bc 01       	movw	r22, r24
    390a:	cd 01       	movw	r24, r26
    390c:	0e 94 49 00 	call	0x92	; 0x92 <__fixunssfsi>
    3910:	dc 01       	movw	r26, r24
    3912:	cb 01       	movw	r24, r22
    3914:	98 ab       	std	Y+48, r25	; 0x30
    3916:	8f a7       	std	Y+47, r24	; 0x2f
    3918:	0f c0       	rjmp	.+30     	; 0x3938 <HLCD_voidSendCmd+0x170>
    391a:	88 ec       	ldi	r24, 0xC8	; 200
    391c:	90 e0       	ldi	r25, 0x00	; 0
    391e:	9e a7       	std	Y+46, r25	; 0x2e
    3920:	8d a7       	std	Y+45, r24	; 0x2d
    3922:	8d a5       	ldd	r24, Y+45	; 0x2d
    3924:	9e a5       	ldd	r25, Y+46	; 0x2e
    3926:	01 97       	sbiw	r24, 0x01	; 1
    3928:	f1 f7       	brne	.-4      	; 0x3926 <HLCD_voidSendCmd+0x15e>
    392a:	9e a7       	std	Y+46, r25	; 0x2e
    392c:	8d a7       	std	Y+45, r24	; 0x2d
		while(__ticks)
		{
			// wait 1/10 ms
			_delay_loop_2(((F_CPU) / 4e3) / 10);
			__ticks --;
    392e:	8f a5       	ldd	r24, Y+47	; 0x2f
    3930:	98 a9       	ldd	r25, Y+48	; 0x30
    3932:	01 97       	sbiw	r24, 0x01	; 1
    3934:	98 ab       	std	Y+48, r25	; 0x30
    3936:	8f a7       	std	Y+47, r24	; 0x2f
		__ticks = 1;
	else if (__tmp > 65535)
	{
		//	__ticks = requested delay in 1/10 ms
		__ticks = (uint16_t) (__ms * 10.0);
		while(__ticks)
    3938:	8f a5       	ldd	r24, Y+47	; 0x2f
    393a:	98 a9       	ldd	r25, Y+48	; 0x30
    393c:	00 97       	sbiw	r24, 0x00	; 0
    393e:	69 f7       	brne	.-38     	; 0x391a <HLCD_voidSendCmd+0x152>
    3940:	14 c0       	rjmp	.+40     	; 0x396a <HLCD_voidSendCmd+0x1a2>
			__ticks --;
		}
		return;
	}
	else
		__ticks = (uint16_t)__tmp;
    3942:	69 a9       	ldd	r22, Y+49	; 0x31
    3944:	7a a9       	ldd	r23, Y+50	; 0x32
    3946:	8b a9       	ldd	r24, Y+51	; 0x33
    3948:	9c a9       	ldd	r25, Y+52	; 0x34
    394a:	0e 94 49 00 	call	0x92	; 0x92 <__fixunssfsi>
    394e:	dc 01       	movw	r26, r24
    3950:	cb 01       	movw	r24, r22
    3952:	98 ab       	std	Y+48, r25	; 0x30
    3954:	8f a7       	std	Y+47, r24	; 0x2f
    3956:	8f a5       	ldd	r24, Y+47	; 0x2f
    3958:	98 a9       	ldd	r25, Y+48	; 0x30
    395a:	9c a7       	std	Y+44, r25	; 0x2c
    395c:	8b a7       	std	Y+43, r24	; 0x2b
    395e:	8b a5       	ldd	r24, Y+43	; 0x2b
    3960:	9c a5       	ldd	r25, Y+44	; 0x2c
    3962:	01 97       	sbiw	r24, 0x01	; 1
    3964:	f1 f7       	brne	.-4      	; 0x3962 <HLCD_voidSendCmd+0x19a>
    3966:	9c a7       	std	Y+44, r25	; 0x2c
    3968:	8b a7       	std	Y+43, r24	; 0x2b
	_delay_ms(1) ;
	MDIO_voidSetPinValue(LCD_E_PORT, LCD_E_PIN, DIO_LOW) ;
    396a:	81 e0       	ldi	r24, 0x01	; 1
    396c:	62 e0       	ldi	r22, 0x02	; 2
    396e:	40 e0       	ldi	r20, 0x00	; 0
    3970:	0e 94 f2 0f 	call	0x1fe4	; 0x1fe4 <MDIO_voidSetPinValue>
    3974:	80 e0       	ldi	r24, 0x00	; 0
    3976:	90 e0       	ldi	r25, 0x00	; 0
    3978:	a0 e8       	ldi	r26, 0x80	; 128
    397a:	bf e3       	ldi	r27, 0x3F	; 63
    397c:	8f a3       	std	Y+39, r24	; 0x27
    397e:	98 a7       	std	Y+40, r25	; 0x28
    3980:	a9 a7       	std	Y+41, r26	; 0x29
    3982:	ba a7       	std	Y+42, r27	; 0x2a
 */
void
_delay_ms(double __ms)
{
	uint16_t __ticks;
	double __tmp = ((F_CPU) / 4e3) * __ms;
    3984:	6f a1       	ldd	r22, Y+39	; 0x27
    3986:	78 a5       	ldd	r23, Y+40	; 0x28
    3988:	89 a5       	ldd	r24, Y+41	; 0x29
    398a:	9a a5       	ldd	r25, Y+42	; 0x2a
    398c:	20 e0       	ldi	r18, 0x00	; 0
    398e:	30 e0       	ldi	r19, 0x00	; 0
    3990:	4a ef       	ldi	r20, 0xFA	; 250
    3992:	54 e4       	ldi	r21, 0x44	; 68
    3994:	0e 94 1f 02 	call	0x43e	; 0x43e <__mulsf3>
    3998:	dc 01       	movw	r26, r24
    399a:	cb 01       	movw	r24, r22
    399c:	8b a3       	std	Y+35, r24	; 0x23
    399e:	9c a3       	std	Y+36, r25	; 0x24
    39a0:	ad a3       	std	Y+37, r26	; 0x25
    39a2:	be a3       	std	Y+38, r27	; 0x26
	if (__tmp < 1.0)
    39a4:	6b a1       	ldd	r22, Y+35	; 0x23
    39a6:	7c a1       	ldd	r23, Y+36	; 0x24
    39a8:	8d a1       	ldd	r24, Y+37	; 0x25
    39aa:	9e a1       	ldd	r25, Y+38	; 0x26
    39ac:	20 e0       	ldi	r18, 0x00	; 0
    39ae:	30 e0       	ldi	r19, 0x00	; 0
    39b0:	40 e8       	ldi	r20, 0x80	; 128
    39b2:	5f e3       	ldi	r21, 0x3F	; 63
    39b4:	0e 94 85 04 	call	0x90a	; 0x90a <__ltsf2>
    39b8:	88 23       	and	r24, r24
    39ba:	2c f4       	brge	.+10     	; 0x39c6 <HLCD_voidSendCmd+0x1fe>
		__ticks = 1;
    39bc:	81 e0       	ldi	r24, 0x01	; 1
    39be:	90 e0       	ldi	r25, 0x00	; 0
    39c0:	9a a3       	std	Y+34, r25	; 0x22
    39c2:	89 a3       	std	Y+33, r24	; 0x21
    39c4:	3f c0       	rjmp	.+126    	; 0x3a44 <HLCD_voidSendCmd+0x27c>
	else if (__tmp > 65535)
    39c6:	6b a1       	ldd	r22, Y+35	; 0x23
    39c8:	7c a1       	ldd	r23, Y+36	; 0x24
    39ca:	8d a1       	ldd	r24, Y+37	; 0x25
    39cc:	9e a1       	ldd	r25, Y+38	; 0x26
    39ce:	20 e0       	ldi	r18, 0x00	; 0
    39d0:	3f ef       	ldi	r19, 0xFF	; 255
    39d2:	4f e7       	ldi	r20, 0x7F	; 127
    39d4:	57 e4       	ldi	r21, 0x47	; 71
    39d6:	0e 94 25 04 	call	0x84a	; 0x84a <__gtsf2>
    39da:	18 16       	cp	r1, r24
    39dc:	4c f5       	brge	.+82     	; 0x3a30 <HLCD_voidSendCmd+0x268>
	{
		//	__ticks = requested delay in 1/10 ms
		__ticks = (uint16_t) (__ms * 10.0);
    39de:	6f a1       	ldd	r22, Y+39	; 0x27
    39e0:	78 a5       	ldd	r23, Y+40	; 0x28
    39e2:	89 a5       	ldd	r24, Y+41	; 0x29
    39e4:	9a a5       	ldd	r25, Y+42	; 0x2a
    39e6:	20 e0       	ldi	r18, 0x00	; 0
    39e8:	30 e0       	ldi	r19, 0x00	; 0
    39ea:	40 e2       	ldi	r20, 0x20	; 32
    39ec:	51 e4       	ldi	r21, 0x41	; 65
    39ee:	0e 94 1f 02 	call	0x43e	; 0x43e <__mulsf3>
    39f2:	dc 01       	movw	r26, r24
    39f4:	cb 01       	movw	r24, r22
    39f6:	bc 01       	movw	r22, r24
    39f8:	cd 01       	movw	r24, r26
    39fa:	0e 94 49 00 	call	0x92	; 0x92 <__fixunssfsi>
    39fe:	dc 01       	movw	r26, r24
    3a00:	cb 01       	movw	r24, r22
    3a02:	9a a3       	std	Y+34, r25	; 0x22
    3a04:	89 a3       	std	Y+33, r24	; 0x21
    3a06:	0f c0       	rjmp	.+30     	; 0x3a26 <HLCD_voidSendCmd+0x25e>
    3a08:	88 ec       	ldi	r24, 0xC8	; 200
    3a0a:	90 e0       	ldi	r25, 0x00	; 0
    3a0c:	98 a3       	std	Y+32, r25	; 0x20
    3a0e:	8f 8f       	std	Y+31, r24	; 0x1f
    3a10:	8f 8d       	ldd	r24, Y+31	; 0x1f
    3a12:	98 a1       	ldd	r25, Y+32	; 0x20
    3a14:	01 97       	sbiw	r24, 0x01	; 1
    3a16:	f1 f7       	brne	.-4      	; 0x3a14 <HLCD_voidSendCmd+0x24c>
    3a18:	98 a3       	std	Y+32, r25	; 0x20
    3a1a:	8f 8f       	std	Y+31, r24	; 0x1f
		while(__ticks)
		{
			// wait 1/10 ms
			_delay_loop_2(((F_CPU) / 4e3) / 10);
			__ticks --;
    3a1c:	89 a1       	ldd	r24, Y+33	; 0x21
    3a1e:	9a a1       	ldd	r25, Y+34	; 0x22
    3a20:	01 97       	sbiw	r24, 0x01	; 1
    3a22:	9a a3       	std	Y+34, r25	; 0x22
    3a24:	89 a3       	std	Y+33, r24	; 0x21
		__ticks = 1;
	else if (__tmp > 65535)
	{
		//	__ticks = requested delay in 1/10 ms
		__ticks = (uint16_t) (__ms * 10.0);
		while(__ticks)
    3a26:	89 a1       	ldd	r24, Y+33	; 0x21
    3a28:	9a a1       	ldd	r25, Y+34	; 0x22
    3a2a:	00 97       	sbiw	r24, 0x00	; 0
    3a2c:	69 f7       	brne	.-38     	; 0x3a08 <HLCD_voidSendCmd+0x240>
    3a2e:	14 c0       	rjmp	.+40     	; 0x3a58 <HLCD_voidSendCmd+0x290>
			__ticks --;
		}
		return;
	}
	else
		__ticks = (uint16_t)__tmp;
    3a30:	6b a1       	ldd	r22, Y+35	; 0x23
    3a32:	7c a1       	ldd	r23, Y+36	; 0x24
    3a34:	8d a1       	ldd	r24, Y+37	; 0x25
    3a36:	9e a1       	ldd	r25, Y+38	; 0x26
    3a38:	0e 94 49 00 	call	0x92	; 0x92 <__fixunssfsi>
    3a3c:	dc 01       	movw	r26, r24
    3a3e:	cb 01       	movw	r24, r22
    3a40:	9a a3       	std	Y+34, r25	; 0x22
    3a42:	89 a3       	std	Y+33, r24	; 0x21
    3a44:	89 a1       	ldd	r24, Y+33	; 0x21
    3a46:	9a a1       	ldd	r25, Y+34	; 0x22
    3a48:	9e 8f       	std	Y+30, r25	; 0x1e
    3a4a:	8d 8f       	std	Y+29, r24	; 0x1d
    3a4c:	8d 8d       	ldd	r24, Y+29	; 0x1d
    3a4e:	9e 8d       	ldd	r25, Y+30	; 0x1e
    3a50:	01 97       	sbiw	r24, 0x01	; 1
    3a52:	f1 f7       	brne	.-4      	; 0x3a50 <HLCD_voidSendCmd+0x288>
    3a54:	9e 8f       	std	Y+30, r25	; 0x1e
    3a56:	8d 8f       	std	Y+29, r24	; 0x1d
	_delay_ms(1) ;

	MDIO_voidSetPinValue(LCD_RS_PORT, LCD_RS_PIN, DIO_LOW) ;
    3a58:	81 e0       	ldi	r24, 0x01	; 1
    3a5a:	60 e0       	ldi	r22, 0x00	; 0
    3a5c:	40 e0       	ldi	r20, 0x00	; 0
    3a5e:	0e 94 f2 0f 	call	0x1fe4	; 0x1fe4 <MDIO_voidSetPinValue>
	MDIO_voidSetPinValue(LCD_RW_PORT, LCD_RW_PIN, DIO_LOW) ;
    3a62:	81 e0       	ldi	r24, 0x01	; 1
    3a64:	61 e0       	ldi	r22, 0x01	; 1
    3a66:	40 e0       	ldi	r20, 0x00	; 0
    3a68:	0e 94 f2 0f 	call	0x1fe4	; 0x1fe4 <MDIO_voidSetPinValue>

	MDIO_voidSetPinValue(LCD_PORT, DIO_PIN4, READ_BIT(A_u8Cmd , 0 )) ;
    3a6c:	89 ad       	ldd	r24, Y+57	; 0x39
    3a6e:	98 2f       	mov	r25, r24
    3a70:	91 70       	andi	r25, 0x01	; 1
    3a72:	80 e0       	ldi	r24, 0x00	; 0
    3a74:	64 e0       	ldi	r22, 0x04	; 4
    3a76:	49 2f       	mov	r20, r25
    3a78:	0e 94 f2 0f 	call	0x1fe4	; 0x1fe4 <MDIO_voidSetPinValue>
	MDIO_voidSetPinValue(LCD_PORT, DIO_PIN5, READ_BIT(A_u8Cmd , 1 )) ;
    3a7c:	89 ad       	ldd	r24, Y+57	; 0x39
    3a7e:	88 2f       	mov	r24, r24
    3a80:	90 e0       	ldi	r25, 0x00	; 0
    3a82:	82 70       	andi	r24, 0x02	; 2
    3a84:	90 70       	andi	r25, 0x00	; 0
    3a86:	95 95       	asr	r25
    3a88:	87 95       	ror	r24
    3a8a:	98 2f       	mov	r25, r24
    3a8c:	80 e0       	ldi	r24, 0x00	; 0
    3a8e:	65 e0       	ldi	r22, 0x05	; 5
    3a90:	49 2f       	mov	r20, r25
    3a92:	0e 94 f2 0f 	call	0x1fe4	; 0x1fe4 <MDIO_voidSetPinValue>
	MDIO_voidSetPinValue(LCD_PORT, DIO_PIN6, READ_BIT(A_u8Cmd , 2 )) ;
    3a96:	89 ad       	ldd	r24, Y+57	; 0x39
    3a98:	88 2f       	mov	r24, r24
    3a9a:	90 e0       	ldi	r25, 0x00	; 0
    3a9c:	84 70       	andi	r24, 0x04	; 4
    3a9e:	90 70       	andi	r25, 0x00	; 0
    3aa0:	95 95       	asr	r25
    3aa2:	87 95       	ror	r24
    3aa4:	95 95       	asr	r25
    3aa6:	87 95       	ror	r24
    3aa8:	98 2f       	mov	r25, r24
    3aaa:	80 e0       	ldi	r24, 0x00	; 0
    3aac:	66 e0       	ldi	r22, 0x06	; 6
    3aae:	49 2f       	mov	r20, r25
    3ab0:	0e 94 f2 0f 	call	0x1fe4	; 0x1fe4 <MDIO_voidSetPinValue>
	MDIO_voidSetPinValue(LCD_PORT, DIO_PIN7, READ_BIT(A_u8Cmd , 3 )) ;
    3ab4:	89 ad       	ldd	r24, Y+57	; 0x39
    3ab6:	88 2f       	mov	r24, r24
    3ab8:	90 e0       	ldi	r25, 0x00	; 0
    3aba:	88 70       	andi	r24, 0x08	; 8
    3abc:	90 70       	andi	r25, 0x00	; 0
    3abe:	95 95       	asr	r25
    3ac0:	87 95       	ror	r24
    3ac2:	95 95       	asr	r25
    3ac4:	87 95       	ror	r24
    3ac6:	95 95       	asr	r25
    3ac8:	87 95       	ror	r24
    3aca:	98 2f       	mov	r25, r24
    3acc:	80 e0       	ldi	r24, 0x00	; 0
    3ace:	67 e0       	ldi	r22, 0x07	; 7
    3ad0:	49 2f       	mov	r20, r25
    3ad2:	0e 94 f2 0f 	call	0x1fe4	; 0x1fe4 <MDIO_voidSetPinValue>

	MDIO_voidSetPinValue(LCD_E_PORT, LCD_E_PIN, DIO_HIGH) ;
    3ad6:	81 e0       	ldi	r24, 0x01	; 1
    3ad8:	62 e0       	ldi	r22, 0x02	; 2
    3ada:	41 e0       	ldi	r20, 0x01	; 1
    3adc:	0e 94 f2 0f 	call	0x1fe4	; 0x1fe4 <MDIO_voidSetPinValue>
    3ae0:	80 e0       	ldi	r24, 0x00	; 0
    3ae2:	90 e0       	ldi	r25, 0x00	; 0
    3ae4:	a0 e8       	ldi	r26, 0x80	; 128
    3ae6:	bf e3       	ldi	r27, 0x3F	; 63
    3ae8:	89 8f       	std	Y+25, r24	; 0x19
    3aea:	9a 8f       	std	Y+26, r25	; 0x1a
    3aec:	ab 8f       	std	Y+27, r26	; 0x1b
    3aee:	bc 8f       	std	Y+28, r27	; 0x1c
 */
void
_delay_ms(double __ms)
{
	uint16_t __ticks;
	double __tmp = ((F_CPU) / 4e3) * __ms;
    3af0:	69 8d       	ldd	r22, Y+25	; 0x19
    3af2:	7a 8d       	ldd	r23, Y+26	; 0x1a
    3af4:	8b 8d       	ldd	r24, Y+27	; 0x1b
    3af6:	9c 8d       	ldd	r25, Y+28	; 0x1c
    3af8:	20 e0       	ldi	r18, 0x00	; 0
    3afa:	30 e0       	ldi	r19, 0x00	; 0
    3afc:	4a ef       	ldi	r20, 0xFA	; 250
    3afe:	54 e4       	ldi	r21, 0x44	; 68
    3b00:	0e 94 1f 02 	call	0x43e	; 0x43e <__mulsf3>
    3b04:	dc 01       	movw	r26, r24
    3b06:	cb 01       	movw	r24, r22
    3b08:	8d 8b       	std	Y+21, r24	; 0x15
    3b0a:	9e 8b       	std	Y+22, r25	; 0x16
    3b0c:	af 8b       	std	Y+23, r26	; 0x17
    3b0e:	b8 8f       	std	Y+24, r27	; 0x18
	if (__tmp < 1.0)
    3b10:	6d 89       	ldd	r22, Y+21	; 0x15
    3b12:	7e 89       	ldd	r23, Y+22	; 0x16
    3b14:	8f 89       	ldd	r24, Y+23	; 0x17
    3b16:	98 8d       	ldd	r25, Y+24	; 0x18
    3b18:	20 e0       	ldi	r18, 0x00	; 0
    3b1a:	30 e0       	ldi	r19, 0x00	; 0
    3b1c:	40 e8       	ldi	r20, 0x80	; 128
    3b1e:	5f e3       	ldi	r21, 0x3F	; 63
    3b20:	0e 94 85 04 	call	0x90a	; 0x90a <__ltsf2>
    3b24:	88 23       	and	r24, r24
    3b26:	2c f4       	brge	.+10     	; 0x3b32 <HLCD_voidSendCmd+0x36a>
		__ticks = 1;
    3b28:	81 e0       	ldi	r24, 0x01	; 1
    3b2a:	90 e0       	ldi	r25, 0x00	; 0
    3b2c:	9c 8b       	std	Y+20, r25	; 0x14
    3b2e:	8b 8b       	std	Y+19, r24	; 0x13
    3b30:	3f c0       	rjmp	.+126    	; 0x3bb0 <HLCD_voidSendCmd+0x3e8>
	else if (__tmp > 65535)
    3b32:	6d 89       	ldd	r22, Y+21	; 0x15
    3b34:	7e 89       	ldd	r23, Y+22	; 0x16
    3b36:	8f 89       	ldd	r24, Y+23	; 0x17
    3b38:	98 8d       	ldd	r25, Y+24	; 0x18
    3b3a:	20 e0       	ldi	r18, 0x00	; 0
    3b3c:	3f ef       	ldi	r19, 0xFF	; 255
    3b3e:	4f e7       	ldi	r20, 0x7F	; 127
    3b40:	57 e4       	ldi	r21, 0x47	; 71
    3b42:	0e 94 25 04 	call	0x84a	; 0x84a <__gtsf2>
    3b46:	18 16       	cp	r1, r24
    3b48:	4c f5       	brge	.+82     	; 0x3b9c <HLCD_voidSendCmd+0x3d4>
	{
		//	__ticks = requested delay in 1/10 ms
		__ticks = (uint16_t) (__ms * 10.0);
    3b4a:	69 8d       	ldd	r22, Y+25	; 0x19
    3b4c:	7a 8d       	ldd	r23, Y+26	; 0x1a
    3b4e:	8b 8d       	ldd	r24, Y+27	; 0x1b
    3b50:	9c 8d       	ldd	r25, Y+28	; 0x1c
    3b52:	20 e0       	ldi	r18, 0x00	; 0
    3b54:	30 e0       	ldi	r19, 0x00	; 0
    3b56:	40 e2       	ldi	r20, 0x20	; 32
    3b58:	51 e4       	ldi	r21, 0x41	; 65
    3b5a:	0e 94 1f 02 	call	0x43e	; 0x43e <__mulsf3>
    3b5e:	dc 01       	movw	r26, r24
    3b60:	cb 01       	movw	r24, r22
    3b62:	bc 01       	movw	r22, r24
    3b64:	cd 01       	movw	r24, r26
    3b66:	0e 94 49 00 	call	0x92	; 0x92 <__fixunssfsi>
    3b6a:	dc 01       	movw	r26, r24
    3b6c:	cb 01       	movw	r24, r22
    3b6e:	9c 8b       	std	Y+20, r25	; 0x14
    3b70:	8b 8b       	std	Y+19, r24	; 0x13
    3b72:	0f c0       	rjmp	.+30     	; 0x3b92 <HLCD_voidSendCmd+0x3ca>
    3b74:	88 ec       	ldi	r24, 0xC8	; 200
    3b76:	90 e0       	ldi	r25, 0x00	; 0
    3b78:	9a 8b       	std	Y+18, r25	; 0x12
    3b7a:	89 8b       	std	Y+17, r24	; 0x11
    3b7c:	89 89       	ldd	r24, Y+17	; 0x11
    3b7e:	9a 89       	ldd	r25, Y+18	; 0x12
    3b80:	01 97       	sbiw	r24, 0x01	; 1
    3b82:	f1 f7       	brne	.-4      	; 0x3b80 <HLCD_voidSendCmd+0x3b8>
    3b84:	9a 8b       	std	Y+18, r25	; 0x12
    3b86:	89 8b       	std	Y+17, r24	; 0x11
		while(__ticks)
		{
			// wait 1/10 ms
			_delay_loop_2(((F_CPU) / 4e3) / 10);
			__ticks --;
    3b88:	8b 89       	ldd	r24, Y+19	; 0x13
    3b8a:	9c 89       	ldd	r25, Y+20	; 0x14
    3b8c:	01 97       	sbiw	r24, 0x01	; 1
    3b8e:	9c 8b       	std	Y+20, r25	; 0x14
    3b90:	8b 8b       	std	Y+19, r24	; 0x13
		__ticks = 1;
	else if (__tmp > 65535)
	{
		//	__ticks = requested delay in 1/10 ms
		__ticks = (uint16_t) (__ms * 10.0);
		while(__ticks)
    3b92:	8b 89       	ldd	r24, Y+19	; 0x13
    3b94:	9c 89       	ldd	r25, Y+20	; 0x14
    3b96:	00 97       	sbiw	r24, 0x00	; 0
    3b98:	69 f7       	brne	.-38     	; 0x3b74 <HLCD_voidSendCmd+0x3ac>
    3b9a:	14 c0       	rjmp	.+40     	; 0x3bc4 <HLCD_voidSendCmd+0x3fc>
			__ticks --;
		}
		return;
	}
	else
		__ticks = (uint16_t)__tmp;
    3b9c:	6d 89       	ldd	r22, Y+21	; 0x15
    3b9e:	7e 89       	ldd	r23, Y+22	; 0x16
    3ba0:	8f 89       	ldd	r24, Y+23	; 0x17
    3ba2:	98 8d       	ldd	r25, Y+24	; 0x18
    3ba4:	0e 94 49 00 	call	0x92	; 0x92 <__fixunssfsi>
    3ba8:	dc 01       	movw	r26, r24
    3baa:	cb 01       	movw	r24, r22
    3bac:	9c 8b       	std	Y+20, r25	; 0x14
    3bae:	8b 8b       	std	Y+19, r24	; 0x13
    3bb0:	8b 89       	ldd	r24, Y+19	; 0x13
    3bb2:	9c 89       	ldd	r25, Y+20	; 0x14
    3bb4:	98 8b       	std	Y+16, r25	; 0x10
    3bb6:	8f 87       	std	Y+15, r24	; 0x0f
    3bb8:	8f 85       	ldd	r24, Y+15	; 0x0f
    3bba:	98 89       	ldd	r25, Y+16	; 0x10
    3bbc:	01 97       	sbiw	r24, 0x01	; 1
    3bbe:	f1 f7       	brne	.-4      	; 0x3bbc <HLCD_voidSendCmd+0x3f4>
    3bc0:	98 8b       	std	Y+16, r25	; 0x10
    3bc2:	8f 87       	std	Y+15, r24	; 0x0f
	_delay_ms(1) ;
	MDIO_voidSetPinValue(LCD_E_PORT, LCD_E_PIN, DIO_LOW) ;
    3bc4:	81 e0       	ldi	r24, 0x01	; 1
    3bc6:	62 e0       	ldi	r22, 0x02	; 2
    3bc8:	40 e0       	ldi	r20, 0x00	; 0
    3bca:	0e 94 f2 0f 	call	0x1fe4	; 0x1fe4 <MDIO_voidSetPinValue>
    3bce:	80 e0       	ldi	r24, 0x00	; 0
    3bd0:	90 e0       	ldi	r25, 0x00	; 0
    3bd2:	a0 e8       	ldi	r26, 0x80	; 128
    3bd4:	bf e3       	ldi	r27, 0x3F	; 63
    3bd6:	8b 87       	std	Y+11, r24	; 0x0b
    3bd8:	9c 87       	std	Y+12, r25	; 0x0c
    3bda:	ad 87       	std	Y+13, r26	; 0x0d
    3bdc:	be 87       	std	Y+14, r27	; 0x0e
 */
void
_delay_ms(double __ms)
{
	uint16_t __ticks;
	double __tmp = ((F_CPU) / 4e3) * __ms;
    3bde:	6b 85       	ldd	r22, Y+11	; 0x0b
    3be0:	7c 85       	ldd	r23, Y+12	; 0x0c
    3be2:	8d 85       	ldd	r24, Y+13	; 0x0d
    3be4:	9e 85       	ldd	r25, Y+14	; 0x0e
    3be6:	20 e0       	ldi	r18, 0x00	; 0
    3be8:	30 e0       	ldi	r19, 0x00	; 0
    3bea:	4a ef       	ldi	r20, 0xFA	; 250
    3bec:	54 e4       	ldi	r21, 0x44	; 68
    3bee:	0e 94 1f 02 	call	0x43e	; 0x43e <__mulsf3>
    3bf2:	dc 01       	movw	r26, r24
    3bf4:	cb 01       	movw	r24, r22
    3bf6:	8f 83       	std	Y+7, r24	; 0x07
    3bf8:	98 87       	std	Y+8, r25	; 0x08
    3bfa:	a9 87       	std	Y+9, r26	; 0x09
    3bfc:	ba 87       	std	Y+10, r27	; 0x0a
	if (__tmp < 1.0)
    3bfe:	6f 81       	ldd	r22, Y+7	; 0x07
    3c00:	78 85       	ldd	r23, Y+8	; 0x08
    3c02:	89 85       	ldd	r24, Y+9	; 0x09
    3c04:	9a 85       	ldd	r25, Y+10	; 0x0a
    3c06:	20 e0       	ldi	r18, 0x00	; 0
    3c08:	30 e0       	ldi	r19, 0x00	; 0
    3c0a:	40 e8       	ldi	r20, 0x80	; 128
    3c0c:	5f e3       	ldi	r21, 0x3F	; 63
    3c0e:	0e 94 85 04 	call	0x90a	; 0x90a <__ltsf2>
    3c12:	88 23       	and	r24, r24
    3c14:	2c f4       	brge	.+10     	; 0x3c20 <HLCD_voidSendCmd+0x458>
		__ticks = 1;
    3c16:	81 e0       	ldi	r24, 0x01	; 1
    3c18:	90 e0       	ldi	r25, 0x00	; 0
    3c1a:	9e 83       	std	Y+6, r25	; 0x06
    3c1c:	8d 83       	std	Y+5, r24	; 0x05
    3c1e:	3f c0       	rjmp	.+126    	; 0x3c9e <HLCD_voidSendCmd+0x4d6>
	else if (__tmp > 65535)
    3c20:	6f 81       	ldd	r22, Y+7	; 0x07
    3c22:	78 85       	ldd	r23, Y+8	; 0x08
    3c24:	89 85       	ldd	r24, Y+9	; 0x09
    3c26:	9a 85       	ldd	r25, Y+10	; 0x0a
    3c28:	20 e0       	ldi	r18, 0x00	; 0
    3c2a:	3f ef       	ldi	r19, 0xFF	; 255
    3c2c:	4f e7       	ldi	r20, 0x7F	; 127
    3c2e:	57 e4       	ldi	r21, 0x47	; 71
    3c30:	0e 94 25 04 	call	0x84a	; 0x84a <__gtsf2>
    3c34:	18 16       	cp	r1, r24
    3c36:	4c f5       	brge	.+82     	; 0x3c8a <HLCD_voidSendCmd+0x4c2>
	{
		//	__ticks = requested delay in 1/10 ms
		__ticks = (uint16_t) (__ms * 10.0);
    3c38:	6b 85       	ldd	r22, Y+11	; 0x0b
    3c3a:	7c 85       	ldd	r23, Y+12	; 0x0c
    3c3c:	8d 85       	ldd	r24, Y+13	; 0x0d
    3c3e:	9e 85       	ldd	r25, Y+14	; 0x0e
    3c40:	20 e0       	ldi	r18, 0x00	; 0
    3c42:	30 e0       	ldi	r19, 0x00	; 0
    3c44:	40 e2       	ldi	r20, 0x20	; 32
    3c46:	51 e4       	ldi	r21, 0x41	; 65
    3c48:	0e 94 1f 02 	call	0x43e	; 0x43e <__mulsf3>
    3c4c:	dc 01       	movw	r26, r24
    3c4e:	cb 01       	movw	r24, r22
    3c50:	bc 01       	movw	r22, r24
    3c52:	cd 01       	movw	r24, r26
    3c54:	0e 94 49 00 	call	0x92	; 0x92 <__fixunssfsi>
    3c58:	dc 01       	movw	r26, r24
    3c5a:	cb 01       	movw	r24, r22
    3c5c:	9e 83       	std	Y+6, r25	; 0x06
    3c5e:	8d 83       	std	Y+5, r24	; 0x05
    3c60:	0f c0       	rjmp	.+30     	; 0x3c80 <HLCD_voidSendCmd+0x4b8>
    3c62:	88 ec       	ldi	r24, 0xC8	; 200
    3c64:	90 e0       	ldi	r25, 0x00	; 0
    3c66:	9c 83       	std	Y+4, r25	; 0x04
    3c68:	8b 83       	std	Y+3, r24	; 0x03
    3c6a:	8b 81       	ldd	r24, Y+3	; 0x03
    3c6c:	9c 81       	ldd	r25, Y+4	; 0x04
    3c6e:	01 97       	sbiw	r24, 0x01	; 1
    3c70:	f1 f7       	brne	.-4      	; 0x3c6e <HLCD_voidSendCmd+0x4a6>
    3c72:	9c 83       	std	Y+4, r25	; 0x04
    3c74:	8b 83       	std	Y+3, r24	; 0x03
		while(__ticks)
		{
			// wait 1/10 ms
			_delay_loop_2(((F_CPU) / 4e3) / 10);
			__ticks --;
    3c76:	8d 81       	ldd	r24, Y+5	; 0x05
    3c78:	9e 81       	ldd	r25, Y+6	; 0x06
    3c7a:	01 97       	sbiw	r24, 0x01	; 1
    3c7c:	9e 83       	std	Y+6, r25	; 0x06
    3c7e:	8d 83       	std	Y+5, r24	; 0x05
		__ticks = 1;
	else if (__tmp > 65535)
	{
		//	__ticks = requested delay in 1/10 ms
		__ticks = (uint16_t) (__ms * 10.0);
		while(__ticks)
    3c80:	8d 81       	ldd	r24, Y+5	; 0x05
    3c82:	9e 81       	ldd	r25, Y+6	; 0x06
    3c84:	00 97       	sbiw	r24, 0x00	; 0
    3c86:	69 f7       	brne	.-38     	; 0x3c62 <HLCD_voidSendCmd+0x49a>
    3c88:	14 c0       	rjmp	.+40     	; 0x3cb2 <HLCD_voidSendCmd+0x4ea>
			__ticks --;
		}
		return;
	}
	else
		__ticks = (uint16_t)__tmp;
    3c8a:	6f 81       	ldd	r22, Y+7	; 0x07
    3c8c:	78 85       	ldd	r23, Y+8	; 0x08
    3c8e:	89 85       	ldd	r24, Y+9	; 0x09
    3c90:	9a 85       	ldd	r25, Y+10	; 0x0a
    3c92:	0e 94 49 00 	call	0x92	; 0x92 <__fixunssfsi>
    3c96:	dc 01       	movw	r26, r24
    3c98:	cb 01       	movw	r24, r22
    3c9a:	9e 83       	std	Y+6, r25	; 0x06
    3c9c:	8d 83       	std	Y+5, r24	; 0x05
    3c9e:	8d 81       	ldd	r24, Y+5	; 0x05
    3ca0:	9e 81       	ldd	r25, Y+6	; 0x06
    3ca2:	9a 83       	std	Y+2, r25	; 0x02
    3ca4:	89 83       	std	Y+1, r24	; 0x01
    3ca6:	89 81       	ldd	r24, Y+1	; 0x01
    3ca8:	9a 81       	ldd	r25, Y+2	; 0x02
    3caa:	01 97       	sbiw	r24, 0x01	; 1
    3cac:	f1 f7       	brne	.-4      	; 0x3caa <HLCD_voidSendCmd+0x4e2>
    3cae:	9a 83       	std	Y+2, r25	; 0x02
    3cb0:	89 83       	std	Y+1, r24	; 0x01
	_delay_ms(1) ;
#else
#error "invalid LCD Mode"
#endif
}
    3cb2:	e9 96       	adiw	r28, 0x39	; 57
    3cb4:	0f b6       	in	r0, 0x3f	; 63
    3cb6:	f8 94       	cli
    3cb8:	de bf       	out	0x3e, r29	; 62
    3cba:	0f be       	out	0x3f, r0	; 63
    3cbc:	cd bf       	out	0x3d, r28	; 61
    3cbe:	cf 91       	pop	r28
    3cc0:	df 91       	pop	r29
    3cc2:	08 95       	ret

00003cc4 <HLCD_voidDisplayStr>:
void HLCD_voidDisplayStr (u8* AP_u8Str)
{
    3cc4:	df 93       	push	r29
    3cc6:	cf 93       	push	r28
    3cc8:	00 d0       	rcall	.+0      	; 0x3cca <HLCD_voidDisplayStr+0x6>
    3cca:	0f 92       	push	r0
    3ccc:	cd b7       	in	r28, 0x3d	; 61
    3cce:	de b7       	in	r29, 0x3e	; 62
    3cd0:	9b 83       	std	Y+3, r25	; 0x03
    3cd2:	8a 83       	std	Y+2, r24	; 0x02
	u8 L_u8Iterator  = 0;
    3cd4:	19 82       	std	Y+1, r1	; 0x01
    3cd6:	0e c0       	rjmp	.+28     	; 0x3cf4 <HLCD_voidDisplayStr+0x30>
	while (AP_u8Str[L_u8Iterator] != '\0')
	{
		HLCd_voidSendData(AP_u8Str[L_u8Iterator]) ;
    3cd8:	89 81       	ldd	r24, Y+1	; 0x01
    3cda:	28 2f       	mov	r18, r24
    3cdc:	30 e0       	ldi	r19, 0x00	; 0
    3cde:	8a 81       	ldd	r24, Y+2	; 0x02
    3ce0:	9b 81       	ldd	r25, Y+3	; 0x03
    3ce2:	fc 01       	movw	r30, r24
    3ce4:	e2 0f       	add	r30, r18
    3ce6:	f3 1f       	adc	r31, r19
    3ce8:	80 81       	ld	r24, Z
    3cea:	0e 94 66 19 	call	0x32cc	; 0x32cc <HLCd_voidSendData>
		L_u8Iterator ++ ;
    3cee:	89 81       	ldd	r24, Y+1	; 0x01
    3cf0:	8f 5f       	subi	r24, 0xFF	; 255
    3cf2:	89 83       	std	Y+1, r24	; 0x01
#endif
}
void HLCD_voidDisplayStr (u8* AP_u8Str)
{
	u8 L_u8Iterator  = 0;
	while (AP_u8Str[L_u8Iterator] != '\0')
    3cf4:	89 81       	ldd	r24, Y+1	; 0x01
    3cf6:	28 2f       	mov	r18, r24
    3cf8:	30 e0       	ldi	r19, 0x00	; 0
    3cfa:	8a 81       	ldd	r24, Y+2	; 0x02
    3cfc:	9b 81       	ldd	r25, Y+3	; 0x03
    3cfe:	fc 01       	movw	r30, r24
    3d00:	e2 0f       	add	r30, r18
    3d02:	f3 1f       	adc	r31, r19
    3d04:	80 81       	ld	r24, Z
    3d06:	88 23       	and	r24, r24
    3d08:	39 f7       	brne	.-50     	; 0x3cd8 <HLCD_voidDisplayStr+0x14>
	{
		HLCd_voidSendData(AP_u8Str[L_u8Iterator]) ;
		L_u8Iterator ++ ;
	}
}
    3d0a:	0f 90       	pop	r0
    3d0c:	0f 90       	pop	r0
    3d0e:	0f 90       	pop	r0
    3d10:	cf 91       	pop	r28
    3d12:	df 91       	pop	r29
    3d14:	08 95       	ret

00003d16 <HLCD_voidClrDisplay>:
void HLCD_voidClrDisplay        (void)
{
    3d16:	df 93       	push	r29
    3d18:	cf 93       	push	r28
    3d1a:	cd b7       	in	r28, 0x3d	; 61
    3d1c:	de b7       	in	r29, 0x3e	; 62
    3d1e:	2e 97       	sbiw	r28, 0x0e	; 14
    3d20:	0f b6       	in	r0, 0x3f	; 63
    3d22:	f8 94       	cli
    3d24:	de bf       	out	0x3e, r29	; 62
    3d26:	0f be       	out	0x3f, r0	; 63
    3d28:	cd bf       	out	0x3d, r28	; 61
	HLCD_voidSendCmd(0x01) ;
    3d2a:	81 e0       	ldi	r24, 0x01	; 1
    3d2c:	0e 94 e4 1b 	call	0x37c8	; 0x37c8 <HLCD_voidSendCmd>
    3d30:	80 e0       	ldi	r24, 0x00	; 0
    3d32:	90 e0       	ldi	r25, 0x00	; 0
    3d34:	a0 e8       	ldi	r26, 0x80	; 128
    3d36:	b0 e4       	ldi	r27, 0x40	; 64
    3d38:	8b 87       	std	Y+11, r24	; 0x0b
    3d3a:	9c 87       	std	Y+12, r25	; 0x0c
    3d3c:	ad 87       	std	Y+13, r26	; 0x0d
    3d3e:	be 87       	std	Y+14, r27	; 0x0e
 */
void
_delay_ms(double __ms)
{
	uint16_t __ticks;
	double __tmp = ((F_CPU) / 4e3) * __ms;
    3d40:	6b 85       	ldd	r22, Y+11	; 0x0b
    3d42:	7c 85       	ldd	r23, Y+12	; 0x0c
    3d44:	8d 85       	ldd	r24, Y+13	; 0x0d
    3d46:	9e 85       	ldd	r25, Y+14	; 0x0e
    3d48:	20 e0       	ldi	r18, 0x00	; 0
    3d4a:	30 e0       	ldi	r19, 0x00	; 0
    3d4c:	4a ef       	ldi	r20, 0xFA	; 250
    3d4e:	54 e4       	ldi	r21, 0x44	; 68
    3d50:	0e 94 1f 02 	call	0x43e	; 0x43e <__mulsf3>
    3d54:	dc 01       	movw	r26, r24
    3d56:	cb 01       	movw	r24, r22
    3d58:	8f 83       	std	Y+7, r24	; 0x07
    3d5a:	98 87       	std	Y+8, r25	; 0x08
    3d5c:	a9 87       	std	Y+9, r26	; 0x09
    3d5e:	ba 87       	std	Y+10, r27	; 0x0a
	if (__tmp < 1.0)
    3d60:	6f 81       	ldd	r22, Y+7	; 0x07
    3d62:	78 85       	ldd	r23, Y+8	; 0x08
    3d64:	89 85       	ldd	r24, Y+9	; 0x09
    3d66:	9a 85       	ldd	r25, Y+10	; 0x0a
    3d68:	20 e0       	ldi	r18, 0x00	; 0
    3d6a:	30 e0       	ldi	r19, 0x00	; 0
    3d6c:	40 e8       	ldi	r20, 0x80	; 128
    3d6e:	5f e3       	ldi	r21, 0x3F	; 63
    3d70:	0e 94 85 04 	call	0x90a	; 0x90a <__ltsf2>
    3d74:	88 23       	and	r24, r24
    3d76:	2c f4       	brge	.+10     	; 0x3d82 <HLCD_voidClrDisplay+0x6c>
		__ticks = 1;
    3d78:	81 e0       	ldi	r24, 0x01	; 1
    3d7a:	90 e0       	ldi	r25, 0x00	; 0
    3d7c:	9e 83       	std	Y+6, r25	; 0x06
    3d7e:	8d 83       	std	Y+5, r24	; 0x05
    3d80:	3f c0       	rjmp	.+126    	; 0x3e00 <HLCD_voidClrDisplay+0xea>
	else if (__tmp > 65535)
    3d82:	6f 81       	ldd	r22, Y+7	; 0x07
    3d84:	78 85       	ldd	r23, Y+8	; 0x08
    3d86:	89 85       	ldd	r24, Y+9	; 0x09
    3d88:	9a 85       	ldd	r25, Y+10	; 0x0a
    3d8a:	20 e0       	ldi	r18, 0x00	; 0
    3d8c:	3f ef       	ldi	r19, 0xFF	; 255
    3d8e:	4f e7       	ldi	r20, 0x7F	; 127
    3d90:	57 e4       	ldi	r21, 0x47	; 71
    3d92:	0e 94 25 04 	call	0x84a	; 0x84a <__gtsf2>
    3d96:	18 16       	cp	r1, r24
    3d98:	4c f5       	brge	.+82     	; 0x3dec <HLCD_voidClrDisplay+0xd6>
	{
		//	__ticks = requested delay in 1/10 ms
		__ticks = (uint16_t) (__ms * 10.0);
    3d9a:	6b 85       	ldd	r22, Y+11	; 0x0b
    3d9c:	7c 85       	ldd	r23, Y+12	; 0x0c
    3d9e:	8d 85       	ldd	r24, Y+13	; 0x0d
    3da0:	9e 85       	ldd	r25, Y+14	; 0x0e
    3da2:	20 e0       	ldi	r18, 0x00	; 0
    3da4:	30 e0       	ldi	r19, 0x00	; 0
    3da6:	40 e2       	ldi	r20, 0x20	; 32
    3da8:	51 e4       	ldi	r21, 0x41	; 65
    3daa:	0e 94 1f 02 	call	0x43e	; 0x43e <__mulsf3>
    3dae:	dc 01       	movw	r26, r24
    3db0:	cb 01       	movw	r24, r22
    3db2:	bc 01       	movw	r22, r24
    3db4:	cd 01       	movw	r24, r26
    3db6:	0e 94 49 00 	call	0x92	; 0x92 <__fixunssfsi>
    3dba:	dc 01       	movw	r26, r24
    3dbc:	cb 01       	movw	r24, r22
    3dbe:	9e 83       	std	Y+6, r25	; 0x06
    3dc0:	8d 83       	std	Y+5, r24	; 0x05
    3dc2:	0f c0       	rjmp	.+30     	; 0x3de2 <HLCD_voidClrDisplay+0xcc>
    3dc4:	88 ec       	ldi	r24, 0xC8	; 200
    3dc6:	90 e0       	ldi	r25, 0x00	; 0
    3dc8:	9c 83       	std	Y+4, r25	; 0x04
    3dca:	8b 83       	std	Y+3, r24	; 0x03
    3dcc:	8b 81       	ldd	r24, Y+3	; 0x03
    3dce:	9c 81       	ldd	r25, Y+4	; 0x04
    3dd0:	01 97       	sbiw	r24, 0x01	; 1
    3dd2:	f1 f7       	brne	.-4      	; 0x3dd0 <HLCD_voidClrDisplay+0xba>
    3dd4:	9c 83       	std	Y+4, r25	; 0x04
    3dd6:	8b 83       	std	Y+3, r24	; 0x03
		while(__ticks)
		{
			// wait 1/10 ms
			_delay_loop_2(((F_CPU) / 4e3) / 10);
			__ticks --;
    3dd8:	8d 81       	ldd	r24, Y+5	; 0x05
    3dda:	9e 81       	ldd	r25, Y+6	; 0x06
    3ddc:	01 97       	sbiw	r24, 0x01	; 1
    3dde:	9e 83       	std	Y+6, r25	; 0x06
    3de0:	8d 83       	std	Y+5, r24	; 0x05
		__ticks = 1;
	else if (__tmp > 65535)
	{
		//	__ticks = requested delay in 1/10 ms
		__ticks = (uint16_t) (__ms * 10.0);
		while(__ticks)
    3de2:	8d 81       	ldd	r24, Y+5	; 0x05
    3de4:	9e 81       	ldd	r25, Y+6	; 0x06
    3de6:	00 97       	sbiw	r24, 0x00	; 0
    3de8:	69 f7       	brne	.-38     	; 0x3dc4 <HLCD_voidClrDisplay+0xae>
    3dea:	14 c0       	rjmp	.+40     	; 0x3e14 <HLCD_voidClrDisplay+0xfe>
			__ticks --;
		}
		return;
	}
	else
		__ticks = (uint16_t)__tmp;
    3dec:	6f 81       	ldd	r22, Y+7	; 0x07
    3dee:	78 85       	ldd	r23, Y+8	; 0x08
    3df0:	89 85       	ldd	r24, Y+9	; 0x09
    3df2:	9a 85       	ldd	r25, Y+10	; 0x0a
    3df4:	0e 94 49 00 	call	0x92	; 0x92 <__fixunssfsi>
    3df8:	dc 01       	movw	r26, r24
    3dfa:	cb 01       	movw	r24, r22
    3dfc:	9e 83       	std	Y+6, r25	; 0x06
    3dfe:	8d 83       	std	Y+5, r24	; 0x05
    3e00:	8d 81       	ldd	r24, Y+5	; 0x05
    3e02:	9e 81       	ldd	r25, Y+6	; 0x06
    3e04:	9a 83       	std	Y+2, r25	; 0x02
    3e06:	89 83       	std	Y+1, r24	; 0x01
    3e08:	89 81       	ldd	r24, Y+1	; 0x01
    3e0a:	9a 81       	ldd	r25, Y+2	; 0x02
    3e0c:	01 97       	sbiw	r24, 0x01	; 1
    3e0e:	f1 f7       	brne	.-4      	; 0x3e0c <HLCD_voidClrDisplay+0xf6>
    3e10:	9a 83       	std	Y+2, r25	; 0x02
    3e12:	89 83       	std	Y+1, r24	; 0x01
	_delay_ms(4) ;
}
    3e14:	2e 96       	adiw	r28, 0x0e	; 14
    3e16:	0f b6       	in	r0, 0x3f	; 63
    3e18:	f8 94       	cli
    3e1a:	de bf       	out	0x3e, r29	; 62
    3e1c:	0f be       	out	0x3f, r0	; 63
    3e1e:	cd bf       	out	0x3d, r28	; 61
    3e20:	cf 91       	pop	r28
    3e22:	df 91       	pop	r29
    3e24:	08 95       	ret

00003e26 <HLCD_voidShiftDisplayLeft>:
void HLCD_voidShiftDisplayLeft  (void)
{
    3e26:	df 93       	push	r29
    3e28:	cf 93       	push	r28
    3e2a:	cd b7       	in	r28, 0x3d	; 61
    3e2c:	de b7       	in	r29, 0x3e	; 62
    3e2e:	2e 97       	sbiw	r28, 0x0e	; 14
    3e30:	0f b6       	in	r0, 0x3f	; 63
    3e32:	f8 94       	cli
    3e34:	de bf       	out	0x3e, r29	; 62
    3e36:	0f be       	out	0x3f, r0	; 63
    3e38:	cd bf       	out	0x3d, r28	; 61
	HLCD_voidSendCmd(0x18) ;
    3e3a:	88 e1       	ldi	r24, 0x18	; 24
    3e3c:	0e 94 e4 1b 	call	0x37c8	; 0x37c8 <HLCD_voidSendCmd>
    3e40:	80 e0       	ldi	r24, 0x00	; 0
    3e42:	90 e0       	ldi	r25, 0x00	; 0
    3e44:	a0 e8       	ldi	r26, 0x80	; 128
    3e46:	bf e3       	ldi	r27, 0x3F	; 63
    3e48:	8b 87       	std	Y+11, r24	; 0x0b
    3e4a:	9c 87       	std	Y+12, r25	; 0x0c
    3e4c:	ad 87       	std	Y+13, r26	; 0x0d
    3e4e:	be 87       	std	Y+14, r27	; 0x0e
 */
void
_delay_ms(double __ms)
{
	uint16_t __ticks;
	double __tmp = ((F_CPU) / 4e3) * __ms;
    3e50:	6b 85       	ldd	r22, Y+11	; 0x0b
    3e52:	7c 85       	ldd	r23, Y+12	; 0x0c
    3e54:	8d 85       	ldd	r24, Y+13	; 0x0d
    3e56:	9e 85       	ldd	r25, Y+14	; 0x0e
    3e58:	20 e0       	ldi	r18, 0x00	; 0
    3e5a:	30 e0       	ldi	r19, 0x00	; 0
    3e5c:	4a ef       	ldi	r20, 0xFA	; 250
    3e5e:	54 e4       	ldi	r21, 0x44	; 68
    3e60:	0e 94 1f 02 	call	0x43e	; 0x43e <__mulsf3>
    3e64:	dc 01       	movw	r26, r24
    3e66:	cb 01       	movw	r24, r22
    3e68:	8f 83       	std	Y+7, r24	; 0x07
    3e6a:	98 87       	std	Y+8, r25	; 0x08
    3e6c:	a9 87       	std	Y+9, r26	; 0x09
    3e6e:	ba 87       	std	Y+10, r27	; 0x0a
	if (__tmp < 1.0)
    3e70:	6f 81       	ldd	r22, Y+7	; 0x07
    3e72:	78 85       	ldd	r23, Y+8	; 0x08
    3e74:	89 85       	ldd	r24, Y+9	; 0x09
    3e76:	9a 85       	ldd	r25, Y+10	; 0x0a
    3e78:	20 e0       	ldi	r18, 0x00	; 0
    3e7a:	30 e0       	ldi	r19, 0x00	; 0
    3e7c:	40 e8       	ldi	r20, 0x80	; 128
    3e7e:	5f e3       	ldi	r21, 0x3F	; 63
    3e80:	0e 94 85 04 	call	0x90a	; 0x90a <__ltsf2>
    3e84:	88 23       	and	r24, r24
    3e86:	2c f4       	brge	.+10     	; 0x3e92 <HLCD_voidShiftDisplayLeft+0x6c>
		__ticks = 1;
    3e88:	81 e0       	ldi	r24, 0x01	; 1
    3e8a:	90 e0       	ldi	r25, 0x00	; 0
    3e8c:	9e 83       	std	Y+6, r25	; 0x06
    3e8e:	8d 83       	std	Y+5, r24	; 0x05
    3e90:	3f c0       	rjmp	.+126    	; 0x3f10 <HLCD_voidShiftDisplayLeft+0xea>
	else if (__tmp > 65535)
    3e92:	6f 81       	ldd	r22, Y+7	; 0x07
    3e94:	78 85       	ldd	r23, Y+8	; 0x08
    3e96:	89 85       	ldd	r24, Y+9	; 0x09
    3e98:	9a 85       	ldd	r25, Y+10	; 0x0a
    3e9a:	20 e0       	ldi	r18, 0x00	; 0
    3e9c:	3f ef       	ldi	r19, 0xFF	; 255
    3e9e:	4f e7       	ldi	r20, 0x7F	; 127
    3ea0:	57 e4       	ldi	r21, 0x47	; 71
    3ea2:	0e 94 25 04 	call	0x84a	; 0x84a <__gtsf2>
    3ea6:	18 16       	cp	r1, r24
    3ea8:	4c f5       	brge	.+82     	; 0x3efc <HLCD_voidShiftDisplayLeft+0xd6>
	{
		//	__ticks = requested delay in 1/10 ms
		__ticks = (uint16_t) (__ms * 10.0);
    3eaa:	6b 85       	ldd	r22, Y+11	; 0x0b
    3eac:	7c 85       	ldd	r23, Y+12	; 0x0c
    3eae:	8d 85       	ldd	r24, Y+13	; 0x0d
    3eb0:	9e 85       	ldd	r25, Y+14	; 0x0e
    3eb2:	20 e0       	ldi	r18, 0x00	; 0
    3eb4:	30 e0       	ldi	r19, 0x00	; 0
    3eb6:	40 e2       	ldi	r20, 0x20	; 32
    3eb8:	51 e4       	ldi	r21, 0x41	; 65
    3eba:	0e 94 1f 02 	call	0x43e	; 0x43e <__mulsf3>
    3ebe:	dc 01       	movw	r26, r24
    3ec0:	cb 01       	movw	r24, r22
    3ec2:	bc 01       	movw	r22, r24
    3ec4:	cd 01       	movw	r24, r26
    3ec6:	0e 94 49 00 	call	0x92	; 0x92 <__fixunssfsi>
    3eca:	dc 01       	movw	r26, r24
    3ecc:	cb 01       	movw	r24, r22
    3ece:	9e 83       	std	Y+6, r25	; 0x06
    3ed0:	8d 83       	std	Y+5, r24	; 0x05
    3ed2:	0f c0       	rjmp	.+30     	; 0x3ef2 <HLCD_voidShiftDisplayLeft+0xcc>
    3ed4:	88 ec       	ldi	r24, 0xC8	; 200
    3ed6:	90 e0       	ldi	r25, 0x00	; 0
    3ed8:	9c 83       	std	Y+4, r25	; 0x04
    3eda:	8b 83       	std	Y+3, r24	; 0x03
    3edc:	8b 81       	ldd	r24, Y+3	; 0x03
    3ede:	9c 81       	ldd	r25, Y+4	; 0x04
    3ee0:	01 97       	sbiw	r24, 0x01	; 1
    3ee2:	f1 f7       	brne	.-4      	; 0x3ee0 <HLCD_voidShiftDisplayLeft+0xba>
    3ee4:	9c 83       	std	Y+4, r25	; 0x04
    3ee6:	8b 83       	std	Y+3, r24	; 0x03
		while(__ticks)
		{
			// wait 1/10 ms
			_delay_loop_2(((F_CPU) / 4e3) / 10);
			__ticks --;
    3ee8:	8d 81       	ldd	r24, Y+5	; 0x05
    3eea:	9e 81       	ldd	r25, Y+6	; 0x06
    3eec:	01 97       	sbiw	r24, 0x01	; 1
    3eee:	9e 83       	std	Y+6, r25	; 0x06
    3ef0:	8d 83       	std	Y+5, r24	; 0x05
		__ticks = 1;
	else if (__tmp > 65535)
	{
		//	__ticks = requested delay in 1/10 ms
		__ticks = (uint16_t) (__ms * 10.0);
		while(__ticks)
    3ef2:	8d 81       	ldd	r24, Y+5	; 0x05
    3ef4:	9e 81       	ldd	r25, Y+6	; 0x06
    3ef6:	00 97       	sbiw	r24, 0x00	; 0
    3ef8:	69 f7       	brne	.-38     	; 0x3ed4 <HLCD_voidShiftDisplayLeft+0xae>
    3efa:	14 c0       	rjmp	.+40     	; 0x3f24 <HLCD_voidShiftDisplayLeft+0xfe>
			__ticks --;
		}
		return;
	}
	else
		__ticks = (uint16_t)__tmp;
    3efc:	6f 81       	ldd	r22, Y+7	; 0x07
    3efe:	78 85       	ldd	r23, Y+8	; 0x08
    3f00:	89 85       	ldd	r24, Y+9	; 0x09
    3f02:	9a 85       	ldd	r25, Y+10	; 0x0a
    3f04:	0e 94 49 00 	call	0x92	; 0x92 <__fixunssfsi>
    3f08:	dc 01       	movw	r26, r24
    3f0a:	cb 01       	movw	r24, r22
    3f0c:	9e 83       	std	Y+6, r25	; 0x06
    3f0e:	8d 83       	std	Y+5, r24	; 0x05
    3f10:	8d 81       	ldd	r24, Y+5	; 0x05
    3f12:	9e 81       	ldd	r25, Y+6	; 0x06
    3f14:	9a 83       	std	Y+2, r25	; 0x02
    3f16:	89 83       	std	Y+1, r24	; 0x01
    3f18:	89 81       	ldd	r24, Y+1	; 0x01
    3f1a:	9a 81       	ldd	r25, Y+2	; 0x02
    3f1c:	01 97       	sbiw	r24, 0x01	; 1
    3f1e:	f1 f7       	brne	.-4      	; 0x3f1c <HLCD_voidShiftDisplayLeft+0xf6>
    3f20:	9a 83       	std	Y+2, r25	; 0x02
    3f22:	89 83       	std	Y+1, r24	; 0x01
		_delay_ms(1) ;
}
    3f24:	2e 96       	adiw	r28, 0x0e	; 14
    3f26:	0f b6       	in	r0, 0x3f	; 63
    3f28:	f8 94       	cli
    3f2a:	de bf       	out	0x3e, r29	; 62
    3f2c:	0f be       	out	0x3f, r0	; 63
    3f2e:	cd bf       	out	0x3d, r28	; 61
    3f30:	cf 91       	pop	r28
    3f32:	df 91       	pop	r29
    3f34:	08 95       	ret

00003f36 <HLCD_voidShiftDisplayRight>:
void HLCD_voidShiftDisplayRight (void)
{
    3f36:	df 93       	push	r29
    3f38:	cf 93       	push	r28
    3f3a:	cd b7       	in	r28, 0x3d	; 61
    3f3c:	de b7       	in	r29, 0x3e	; 62
    3f3e:	2e 97       	sbiw	r28, 0x0e	; 14
    3f40:	0f b6       	in	r0, 0x3f	; 63
    3f42:	f8 94       	cli
    3f44:	de bf       	out	0x3e, r29	; 62
    3f46:	0f be       	out	0x3f, r0	; 63
    3f48:	cd bf       	out	0x3d, r28	; 61
	HLCD_voidSendCmd(0x1C) ;
    3f4a:	8c e1       	ldi	r24, 0x1C	; 28
    3f4c:	0e 94 e4 1b 	call	0x37c8	; 0x37c8 <HLCD_voidSendCmd>
    3f50:	80 e0       	ldi	r24, 0x00	; 0
    3f52:	90 e0       	ldi	r25, 0x00	; 0
    3f54:	a0 e8       	ldi	r26, 0x80	; 128
    3f56:	bf e3       	ldi	r27, 0x3F	; 63
    3f58:	8b 87       	std	Y+11, r24	; 0x0b
    3f5a:	9c 87       	std	Y+12, r25	; 0x0c
    3f5c:	ad 87       	std	Y+13, r26	; 0x0d
    3f5e:	be 87       	std	Y+14, r27	; 0x0e
 */
void
_delay_ms(double __ms)
{
	uint16_t __ticks;
	double __tmp = ((F_CPU) / 4e3) * __ms;
    3f60:	6b 85       	ldd	r22, Y+11	; 0x0b
    3f62:	7c 85       	ldd	r23, Y+12	; 0x0c
    3f64:	8d 85       	ldd	r24, Y+13	; 0x0d
    3f66:	9e 85       	ldd	r25, Y+14	; 0x0e
    3f68:	20 e0       	ldi	r18, 0x00	; 0
    3f6a:	30 e0       	ldi	r19, 0x00	; 0
    3f6c:	4a ef       	ldi	r20, 0xFA	; 250
    3f6e:	54 e4       	ldi	r21, 0x44	; 68
    3f70:	0e 94 1f 02 	call	0x43e	; 0x43e <__mulsf3>
    3f74:	dc 01       	movw	r26, r24
    3f76:	cb 01       	movw	r24, r22
    3f78:	8f 83       	std	Y+7, r24	; 0x07
    3f7a:	98 87       	std	Y+8, r25	; 0x08
    3f7c:	a9 87       	std	Y+9, r26	; 0x09
    3f7e:	ba 87       	std	Y+10, r27	; 0x0a
	if (__tmp < 1.0)
    3f80:	6f 81       	ldd	r22, Y+7	; 0x07
    3f82:	78 85       	ldd	r23, Y+8	; 0x08
    3f84:	89 85       	ldd	r24, Y+9	; 0x09
    3f86:	9a 85       	ldd	r25, Y+10	; 0x0a
    3f88:	20 e0       	ldi	r18, 0x00	; 0
    3f8a:	30 e0       	ldi	r19, 0x00	; 0
    3f8c:	40 e8       	ldi	r20, 0x80	; 128
    3f8e:	5f e3       	ldi	r21, 0x3F	; 63
    3f90:	0e 94 85 04 	call	0x90a	; 0x90a <__ltsf2>
    3f94:	88 23       	and	r24, r24
    3f96:	2c f4       	brge	.+10     	; 0x3fa2 <HLCD_voidShiftDisplayRight+0x6c>
		__ticks = 1;
    3f98:	81 e0       	ldi	r24, 0x01	; 1
    3f9a:	90 e0       	ldi	r25, 0x00	; 0
    3f9c:	9e 83       	std	Y+6, r25	; 0x06
    3f9e:	8d 83       	std	Y+5, r24	; 0x05
    3fa0:	3f c0       	rjmp	.+126    	; 0x4020 <HLCD_voidShiftDisplayRight+0xea>
	else if (__tmp > 65535)
    3fa2:	6f 81       	ldd	r22, Y+7	; 0x07
    3fa4:	78 85       	ldd	r23, Y+8	; 0x08
    3fa6:	89 85       	ldd	r24, Y+9	; 0x09
    3fa8:	9a 85       	ldd	r25, Y+10	; 0x0a
    3faa:	20 e0       	ldi	r18, 0x00	; 0
    3fac:	3f ef       	ldi	r19, 0xFF	; 255
    3fae:	4f e7       	ldi	r20, 0x7F	; 127
    3fb0:	57 e4       	ldi	r21, 0x47	; 71
    3fb2:	0e 94 25 04 	call	0x84a	; 0x84a <__gtsf2>
    3fb6:	18 16       	cp	r1, r24
    3fb8:	4c f5       	brge	.+82     	; 0x400c <HLCD_voidShiftDisplayRight+0xd6>
	{
		//	__ticks = requested delay in 1/10 ms
		__ticks = (uint16_t) (__ms * 10.0);
    3fba:	6b 85       	ldd	r22, Y+11	; 0x0b
    3fbc:	7c 85       	ldd	r23, Y+12	; 0x0c
    3fbe:	8d 85       	ldd	r24, Y+13	; 0x0d
    3fc0:	9e 85       	ldd	r25, Y+14	; 0x0e
    3fc2:	20 e0       	ldi	r18, 0x00	; 0
    3fc4:	30 e0       	ldi	r19, 0x00	; 0
    3fc6:	40 e2       	ldi	r20, 0x20	; 32
    3fc8:	51 e4       	ldi	r21, 0x41	; 65
    3fca:	0e 94 1f 02 	call	0x43e	; 0x43e <__mulsf3>
    3fce:	dc 01       	movw	r26, r24
    3fd0:	cb 01       	movw	r24, r22
    3fd2:	bc 01       	movw	r22, r24
    3fd4:	cd 01       	movw	r24, r26
    3fd6:	0e 94 49 00 	call	0x92	; 0x92 <__fixunssfsi>
    3fda:	dc 01       	movw	r26, r24
    3fdc:	cb 01       	movw	r24, r22
    3fde:	9e 83       	std	Y+6, r25	; 0x06
    3fe0:	8d 83       	std	Y+5, r24	; 0x05
    3fe2:	0f c0       	rjmp	.+30     	; 0x4002 <HLCD_voidShiftDisplayRight+0xcc>
    3fe4:	88 ec       	ldi	r24, 0xC8	; 200
    3fe6:	90 e0       	ldi	r25, 0x00	; 0
    3fe8:	9c 83       	std	Y+4, r25	; 0x04
    3fea:	8b 83       	std	Y+3, r24	; 0x03
    3fec:	8b 81       	ldd	r24, Y+3	; 0x03
    3fee:	9c 81       	ldd	r25, Y+4	; 0x04
    3ff0:	01 97       	sbiw	r24, 0x01	; 1
    3ff2:	f1 f7       	brne	.-4      	; 0x3ff0 <HLCD_voidShiftDisplayRight+0xba>
    3ff4:	9c 83       	std	Y+4, r25	; 0x04
    3ff6:	8b 83       	std	Y+3, r24	; 0x03
		while(__ticks)
		{
			// wait 1/10 ms
			_delay_loop_2(((F_CPU) / 4e3) / 10);
			__ticks --;
    3ff8:	8d 81       	ldd	r24, Y+5	; 0x05
    3ffa:	9e 81       	ldd	r25, Y+6	; 0x06
    3ffc:	01 97       	sbiw	r24, 0x01	; 1
    3ffe:	9e 83       	std	Y+6, r25	; 0x06
    4000:	8d 83       	std	Y+5, r24	; 0x05
		__ticks = 1;
	else if (__tmp > 65535)
	{
		//	__ticks = requested delay in 1/10 ms
		__ticks = (uint16_t) (__ms * 10.0);
		while(__ticks)
    4002:	8d 81       	ldd	r24, Y+5	; 0x05
    4004:	9e 81       	ldd	r25, Y+6	; 0x06
    4006:	00 97       	sbiw	r24, 0x00	; 0
    4008:	69 f7       	brne	.-38     	; 0x3fe4 <HLCD_voidShiftDisplayRight+0xae>
    400a:	14 c0       	rjmp	.+40     	; 0x4034 <HLCD_voidShiftDisplayRight+0xfe>
			__ticks --;
		}
		return;
	}
	else
		__ticks = (uint16_t)__tmp;
    400c:	6f 81       	ldd	r22, Y+7	; 0x07
    400e:	78 85       	ldd	r23, Y+8	; 0x08
    4010:	89 85       	ldd	r24, Y+9	; 0x09
    4012:	9a 85       	ldd	r25, Y+10	; 0x0a
    4014:	0e 94 49 00 	call	0x92	; 0x92 <__fixunssfsi>
    4018:	dc 01       	movw	r26, r24
    401a:	cb 01       	movw	r24, r22
    401c:	9e 83       	std	Y+6, r25	; 0x06
    401e:	8d 83       	std	Y+5, r24	; 0x05
    4020:	8d 81       	ldd	r24, Y+5	; 0x05
    4022:	9e 81       	ldd	r25, Y+6	; 0x06
    4024:	9a 83       	std	Y+2, r25	; 0x02
    4026:	89 83       	std	Y+1, r24	; 0x01
    4028:	89 81       	ldd	r24, Y+1	; 0x01
    402a:	9a 81       	ldd	r25, Y+2	; 0x02
    402c:	01 97       	sbiw	r24, 0x01	; 1
    402e:	f1 f7       	brne	.-4      	; 0x402c <HLCD_voidShiftDisplayRight+0xf6>
    4030:	9a 83       	std	Y+2, r25	; 0x02
    4032:	89 83       	std	Y+1, r24	; 0x01
		_delay_ms(1) ;
}
    4034:	2e 96       	adiw	r28, 0x0e	; 14
    4036:	0f b6       	in	r0, 0x3f	; 63
    4038:	f8 94       	cli
    403a:	de bf       	out	0x3e, r29	; 62
    403c:	0f be       	out	0x3f, r0	; 63
    403e:	cd bf       	out	0x3d, r28	; 61
    4040:	cf 91       	pop	r28
    4042:	df 91       	pop	r29
    4044:	08 95       	ret

00004046 <HLCD_voidMoveCursor>:
void HLCD_voidMoveCursor        (u8 A_u8Row , u8 A_u8Col)
{
    4046:	df 93       	push	r29
    4048:	cf 93       	push	r28
    404a:	00 d0       	rcall	.+0      	; 0x404c <HLCD_voidMoveCursor+0x6>
    404c:	0f 92       	push	r0
    404e:	cd b7       	in	r28, 0x3d	; 61
    4050:	de b7       	in	r29, 0x3e	; 62
    4052:	8a 83       	std	Y+2, r24	; 0x02
    4054:	6b 83       	std	Y+3, r22	; 0x03
	u8 L_u8AC ;
	if (A_u8Row == LCD_ROW0)
    4056:	8a 81       	ldd	r24, Y+2	; 0x02
    4058:	88 23       	and	r24, r24
    405a:	19 f4       	brne	.+6      	; 0x4062 <HLCD_voidMoveCursor+0x1c>
	{
		L_u8AC = A_u8Col ;
    405c:	8b 81       	ldd	r24, Y+3	; 0x03
    405e:	89 83       	std	Y+1, r24	; 0x01
    4060:	06 c0       	rjmp	.+12     	; 0x406e <HLCD_voidMoveCursor+0x28>
	}
	else if (A_u8Row == LCD_ROW1)
    4062:	8a 81       	ldd	r24, Y+2	; 0x02
    4064:	81 30       	cpi	r24, 0x01	; 1
    4066:	19 f4       	brne	.+6      	; 0x406e <HLCD_voidMoveCursor+0x28>
	{
		L_u8AC = A_u8Col+0x40 ;
    4068:	8b 81       	ldd	r24, Y+3	; 0x03
    406a:	80 5c       	subi	r24, 0xC0	; 192
    406c:	89 83       	std	Y+1, r24	; 0x01
	}
	HLCD_voidSendCmd(L_u8AC+0x80) ;
    406e:	89 81       	ldd	r24, Y+1	; 0x01
    4070:	80 58       	subi	r24, 0x80	; 128
    4072:	0e 94 e4 1b 	call	0x37c8	; 0x37c8 <HLCD_voidSendCmd>
}
    4076:	0f 90       	pop	r0
    4078:	0f 90       	pop	r0
    407a:	0f 90       	pop	r0
    407c:	cf 91       	pop	r28
    407e:	df 91       	pop	r29
    4080:	08 95       	ret

00004082 <HLCD_voidDisplayCustomChar>:
void HLCD_voidDisplayCustomChar (u8 A_u8Arr [] , u8 A_u8BlockNumber , u8 A_u8Row , u8 A_u8Col)
{
    4082:	df 93       	push	r29
    4084:	cf 93       	push	r28
    4086:	00 d0       	rcall	.+0      	; 0x4088 <HLCD_voidDisplayCustomChar+0x6>
    4088:	00 d0       	rcall	.+0      	; 0x408a <HLCD_voidDisplayCustomChar+0x8>
    408a:	00 d0       	rcall	.+0      	; 0x408c <HLCD_voidDisplayCustomChar+0xa>
    408c:	cd b7       	in	r28, 0x3d	; 61
    408e:	de b7       	in	r29, 0x3e	; 62
    4090:	9b 83       	std	Y+3, r25	; 0x03
    4092:	8a 83       	std	Y+2, r24	; 0x02
    4094:	6c 83       	std	Y+4, r22	; 0x04
    4096:	4d 83       	std	Y+5, r20	; 0x05
    4098:	2e 83       	std	Y+6, r18	; 0x06
	u8 L_u8Iterator ;
	HLCD_voidSendCmd(A_u8BlockNumber*8 + 0x40) ;
    409a:	8c 81       	ldd	r24, Y+4	; 0x04
    409c:	88 2f       	mov	r24, r24
    409e:	90 e0       	ldi	r25, 0x00	; 0
    40a0:	08 96       	adiw	r24, 0x08	; 8
    40a2:	88 0f       	add	r24, r24
    40a4:	99 1f       	adc	r25, r25
    40a6:	88 0f       	add	r24, r24
    40a8:	99 1f       	adc	r25, r25
    40aa:	88 0f       	add	r24, r24
    40ac:	99 1f       	adc	r25, r25
    40ae:	0e 94 e4 1b 	call	0x37c8	; 0x37c8 <HLCD_voidSendCmd>
	for (L_u8Iterator = 0 ; L_u8Iterator < 8 ; L_u8Iterator++)
    40b2:	19 82       	std	Y+1, r1	; 0x01
    40b4:	0e c0       	rjmp	.+28     	; 0x40d2 <HLCD_voidDisplayCustomChar+0x50>
	{
		HLCd_voidSendData(A_u8Arr[L_u8Iterator]) ;
    40b6:	89 81       	ldd	r24, Y+1	; 0x01
    40b8:	28 2f       	mov	r18, r24
    40ba:	30 e0       	ldi	r19, 0x00	; 0
    40bc:	8a 81       	ldd	r24, Y+2	; 0x02
    40be:	9b 81       	ldd	r25, Y+3	; 0x03
    40c0:	fc 01       	movw	r30, r24
    40c2:	e2 0f       	add	r30, r18
    40c4:	f3 1f       	adc	r31, r19
    40c6:	80 81       	ld	r24, Z
    40c8:	0e 94 66 19 	call	0x32cc	; 0x32cc <HLCd_voidSendData>
}
void HLCD_voidDisplayCustomChar (u8 A_u8Arr [] , u8 A_u8BlockNumber , u8 A_u8Row , u8 A_u8Col)
{
	u8 L_u8Iterator ;
	HLCD_voidSendCmd(A_u8BlockNumber*8 + 0x40) ;
	for (L_u8Iterator = 0 ; L_u8Iterator < 8 ; L_u8Iterator++)
    40cc:	89 81       	ldd	r24, Y+1	; 0x01
    40ce:	8f 5f       	subi	r24, 0xFF	; 255
    40d0:	89 83       	std	Y+1, r24	; 0x01
    40d2:	89 81       	ldd	r24, Y+1	; 0x01
    40d4:	88 30       	cpi	r24, 0x08	; 8
    40d6:	78 f3       	brcs	.-34     	; 0x40b6 <HLCD_voidDisplayCustomChar+0x34>
	{
		HLCd_voidSendData(A_u8Arr[L_u8Iterator]) ;
	}
	HLCD_voidMoveCursor(A_u8Row, A_u8Col) ;
    40d8:	8d 81       	ldd	r24, Y+5	; 0x05
    40da:	6e 81       	ldd	r22, Y+6	; 0x06
    40dc:	0e 94 23 20 	call	0x4046	; 0x4046 <HLCD_voidMoveCursor>
	HLCd_voidSendData(A_u8BlockNumber) ;
    40e0:	8c 81       	ldd	r24, Y+4	; 0x04
    40e2:	0e 94 66 19 	call	0x32cc	; 0x32cc <HLCd_voidSendData>
}
    40e6:	26 96       	adiw	r28, 0x06	; 6
    40e8:	0f b6       	in	r0, 0x3f	; 63
    40ea:	f8 94       	cli
    40ec:	de bf       	out	0x3e, r29	; 62
    40ee:	0f be       	out	0x3f, r0	; 63
    40f0:	cd bf       	out	0x3d, r28	; 61
    40f2:	cf 91       	pop	r28
    40f4:	df 91       	pop	r29
    40f6:	08 95       	ret

000040f8 <HDCM_voidInit>:

#include "../../MCAL/DIO/DIO.h"
#include "DC_Motor.h"

void HDCM_voidInit (u8 A_u8DCMPort , u8 A_u8Pin1Pin , u8 A_u8Pin2Pin)
{
    40f8:	df 93       	push	r29
    40fa:	cf 93       	push	r28
    40fc:	00 d0       	rcall	.+0      	; 0x40fe <HDCM_voidInit+0x6>
    40fe:	0f 92       	push	r0
    4100:	cd b7       	in	r28, 0x3d	; 61
    4102:	de b7       	in	r29, 0x3e	; 62
    4104:	89 83       	std	Y+1, r24	; 0x01
    4106:	6a 83       	std	Y+2, r22	; 0x02
    4108:	4b 83       	std	Y+3, r20	; 0x03
	MDIO_voidInitPin(A_u8DCMPort, A_u8Pin1Pin, DIO_OUTPUT) ;
    410a:	89 81       	ldd	r24, Y+1	; 0x01
    410c:	6a 81       	ldd	r22, Y+2	; 0x02
    410e:	41 e0       	ldi	r20, 0x01	; 1
    4110:	0e 94 00 0f 	call	0x1e00	; 0x1e00 <MDIO_voidInitPin>
	MDIO_voidInitPin(A_u8DCMPort, A_u8Pin2Pin, DIO_OUTPUT) ;
    4114:	89 81       	ldd	r24, Y+1	; 0x01
    4116:	6b 81       	ldd	r22, Y+3	; 0x03
    4118:	41 e0       	ldi	r20, 0x01	; 1
    411a:	0e 94 00 0f 	call	0x1e00	; 0x1e00 <MDIO_voidInitPin>
}
    411e:	0f 90       	pop	r0
    4120:	0f 90       	pop	r0
    4122:	0f 90       	pop	r0
    4124:	cf 91       	pop	r28
    4126:	df 91       	pop	r29
    4128:	08 95       	ret

0000412a <HDCM_voidStop>:
void HDCM_voidStop (u8 A_u8DCMPort , u8 A_u8Pin1Pin , u8 A_u8Pin2Pin)
{
    412a:	df 93       	push	r29
    412c:	cf 93       	push	r28
    412e:	00 d0       	rcall	.+0      	; 0x4130 <HDCM_voidStop+0x6>
    4130:	0f 92       	push	r0
    4132:	cd b7       	in	r28, 0x3d	; 61
    4134:	de b7       	in	r29, 0x3e	; 62
    4136:	89 83       	std	Y+1, r24	; 0x01
    4138:	6a 83       	std	Y+2, r22	; 0x02
    413a:	4b 83       	std	Y+3, r20	; 0x03
	MDIO_voidSetPinValue(A_u8DCMPort, A_u8Pin1Pin, DIO_LOW) ;
    413c:	89 81       	ldd	r24, Y+1	; 0x01
    413e:	6a 81       	ldd	r22, Y+2	; 0x02
    4140:	40 e0       	ldi	r20, 0x00	; 0
    4142:	0e 94 f2 0f 	call	0x1fe4	; 0x1fe4 <MDIO_voidSetPinValue>
	MDIO_voidSetPinValue(A_u8DCMPort, A_u8Pin2Pin, DIO_LOW) ;
    4146:	89 81       	ldd	r24, Y+1	; 0x01
    4148:	6b 81       	ldd	r22, Y+3	; 0x03
    414a:	40 e0       	ldi	r20, 0x00	; 0
    414c:	0e 94 f2 0f 	call	0x1fe4	; 0x1fe4 <MDIO_voidSetPinValue>
}
    4150:	0f 90       	pop	r0
    4152:	0f 90       	pop	r0
    4154:	0f 90       	pop	r0
    4156:	cf 91       	pop	r28
    4158:	df 91       	pop	r29
    415a:	08 95       	ret

0000415c <HDCM_voidCW>:
void HDCM_voidCW   (u8 A_u8DCMPort , u8 A_u8Pin1Pin , u8 A_u8Pin2Pin)
{
    415c:	df 93       	push	r29
    415e:	cf 93       	push	r28
    4160:	00 d0       	rcall	.+0      	; 0x4162 <HDCM_voidCW+0x6>
    4162:	0f 92       	push	r0
    4164:	cd b7       	in	r28, 0x3d	; 61
    4166:	de b7       	in	r29, 0x3e	; 62
    4168:	89 83       	std	Y+1, r24	; 0x01
    416a:	6a 83       	std	Y+2, r22	; 0x02
    416c:	4b 83       	std	Y+3, r20	; 0x03
	MDIO_voidSetPinValue(A_u8DCMPort, A_u8Pin1Pin, DIO_HIGH) ;
    416e:	89 81       	ldd	r24, Y+1	; 0x01
    4170:	6a 81       	ldd	r22, Y+2	; 0x02
    4172:	41 e0       	ldi	r20, 0x01	; 1
    4174:	0e 94 f2 0f 	call	0x1fe4	; 0x1fe4 <MDIO_voidSetPinValue>
	MDIO_voidSetPinValue(A_u8DCMPort, A_u8Pin2Pin, DIO_LOW) ;
    4178:	89 81       	ldd	r24, Y+1	; 0x01
    417a:	6b 81       	ldd	r22, Y+3	; 0x03
    417c:	40 e0       	ldi	r20, 0x00	; 0
    417e:	0e 94 f2 0f 	call	0x1fe4	; 0x1fe4 <MDIO_voidSetPinValue>
}
    4182:	0f 90       	pop	r0
    4184:	0f 90       	pop	r0
    4186:	0f 90       	pop	r0
    4188:	cf 91       	pop	r28
    418a:	df 91       	pop	r29
    418c:	08 95       	ret

0000418e <HDCM_voidCCW>:
void HDCM_voidCCW  (u8 A_u8DCMPort , u8 A_u8Pin1Pin , u8 A_u8Pin2Pin)
{
    418e:	df 93       	push	r29
    4190:	cf 93       	push	r28
    4192:	00 d0       	rcall	.+0      	; 0x4194 <HDCM_voidCCW+0x6>
    4194:	0f 92       	push	r0
    4196:	cd b7       	in	r28, 0x3d	; 61
    4198:	de b7       	in	r29, 0x3e	; 62
    419a:	89 83       	std	Y+1, r24	; 0x01
    419c:	6a 83       	std	Y+2, r22	; 0x02
    419e:	4b 83       	std	Y+3, r20	; 0x03
	MDIO_voidSetPinValue(A_u8DCMPort, A_u8Pin1Pin, DIO_LOW) ;
    41a0:	89 81       	ldd	r24, Y+1	; 0x01
    41a2:	6a 81       	ldd	r22, Y+2	; 0x02
    41a4:	40 e0       	ldi	r20, 0x00	; 0
    41a6:	0e 94 f2 0f 	call	0x1fe4	; 0x1fe4 <MDIO_voidSetPinValue>
	MDIO_voidSetPinValue(A_u8DCMPort, A_u8Pin2Pin, DIO_HIGH) ;
    41aa:	89 81       	ldd	r24, Y+1	; 0x01
    41ac:	6b 81       	ldd	r22, Y+3	; 0x03
    41ae:	41 e0       	ldi	r20, 0x01	; 1
    41b0:	0e 94 f2 0f 	call	0x1fe4	; 0x1fe4 <MDIO_voidSetPinValue>
}
    41b4:	0f 90       	pop	r0
    41b6:	0f 90       	pop	r0
    41b8:	0f 90       	pop	r0
    41ba:	cf 91       	pop	r28
    41bc:	df 91       	pop	r29
    41be:	08 95       	ret

000041c0 <HBUZZER_voidInit>:
#include "../../MCAL/DIO/DIO.h"
#include "Buzzer.h"


void HBUZZER_voidInit   (A_u8BuzzerPort , A_u8BuzzerPin)
{
    41c0:	df 93       	push	r29
    41c2:	cf 93       	push	r28
    41c4:	00 d0       	rcall	.+0      	; 0x41c6 <HBUZZER_voidInit+0x6>
    41c6:	00 d0       	rcall	.+0      	; 0x41c8 <HBUZZER_voidInit+0x8>
    41c8:	cd b7       	in	r28, 0x3d	; 61
    41ca:	de b7       	in	r29, 0x3e	; 62
    41cc:	9a 83       	std	Y+2, r25	; 0x02
    41ce:	89 83       	std	Y+1, r24	; 0x01
    41d0:	7c 83       	std	Y+4, r23	; 0x04
    41d2:	6b 83       	std	Y+3, r22	; 0x03
	MDIO_voidInitPin(A_u8BuzzerPort, A_u8BuzzerPin, DIO_OUTPUT) ;
    41d4:	89 81       	ldd	r24, Y+1	; 0x01
    41d6:	9b 81       	ldd	r25, Y+3	; 0x03
    41d8:	69 2f       	mov	r22, r25
    41da:	41 e0       	ldi	r20, 0x01	; 1
    41dc:	0e 94 00 0f 	call	0x1e00	; 0x1e00 <MDIO_voidInitPin>
}
    41e0:	0f 90       	pop	r0
    41e2:	0f 90       	pop	r0
    41e4:	0f 90       	pop	r0
    41e6:	0f 90       	pop	r0
    41e8:	cf 91       	pop	r28
    41ea:	df 91       	pop	r29
    41ec:	08 95       	ret

000041ee <HBUZZER_voidTurnOn>:
void HBUZZER_voidTurnOn    (A_u8BuzzerPort , A_u8BuzzerPin)
{
    41ee:	df 93       	push	r29
    41f0:	cf 93       	push	r28
    41f2:	00 d0       	rcall	.+0      	; 0x41f4 <HBUZZER_voidTurnOn+0x6>
    41f4:	00 d0       	rcall	.+0      	; 0x41f6 <HBUZZER_voidTurnOn+0x8>
    41f6:	cd b7       	in	r28, 0x3d	; 61
    41f8:	de b7       	in	r29, 0x3e	; 62
    41fa:	9a 83       	std	Y+2, r25	; 0x02
    41fc:	89 83       	std	Y+1, r24	; 0x01
    41fe:	7c 83       	std	Y+4, r23	; 0x04
    4200:	6b 83       	std	Y+3, r22	; 0x03
	MDIO_voidSetPinValue(A_u8BuzzerPort, A_u8BuzzerPin, DIO_HIGH) ;
    4202:	89 81       	ldd	r24, Y+1	; 0x01
    4204:	9b 81       	ldd	r25, Y+3	; 0x03
    4206:	69 2f       	mov	r22, r25
    4208:	41 e0       	ldi	r20, 0x01	; 1
    420a:	0e 94 f2 0f 	call	0x1fe4	; 0x1fe4 <MDIO_voidSetPinValue>
}
    420e:	0f 90       	pop	r0
    4210:	0f 90       	pop	r0
    4212:	0f 90       	pop	r0
    4214:	0f 90       	pop	r0
    4216:	cf 91       	pop	r28
    4218:	df 91       	pop	r29
    421a:	08 95       	ret

0000421c <HBUZZER_voidTurnOff>:
void HBUZZER_voidTurnOff   (A_u8BuzzerPort , A_u8BuzzerPin)
{
    421c:	df 93       	push	r29
    421e:	cf 93       	push	r28
    4220:	00 d0       	rcall	.+0      	; 0x4222 <HBUZZER_voidTurnOff+0x6>
    4222:	00 d0       	rcall	.+0      	; 0x4224 <HBUZZER_voidTurnOff+0x8>
    4224:	cd b7       	in	r28, 0x3d	; 61
    4226:	de b7       	in	r29, 0x3e	; 62
    4228:	9a 83       	std	Y+2, r25	; 0x02
    422a:	89 83       	std	Y+1, r24	; 0x01
    422c:	7c 83       	std	Y+4, r23	; 0x04
    422e:	6b 83       	std	Y+3, r22	; 0x03
	MDIO_voidSetPinValue(A_u8BuzzerPort, A_u8BuzzerPin, DIO_LOW) ;
    4230:	89 81       	ldd	r24, Y+1	; 0x01
    4232:	9b 81       	ldd	r25, Y+3	; 0x03
    4234:	69 2f       	mov	r22, r25
    4236:	40 e0       	ldi	r20, 0x00	; 0
    4238:	0e 94 f2 0f 	call	0x1fe4	; 0x1fe4 <MDIO_voidSetPinValue>
}
    423c:	0f 90       	pop	r0
    423e:	0f 90       	pop	r0
    4240:	0f 90       	pop	r0
    4242:	0f 90       	pop	r0
    4244:	cf 91       	pop	r28
    4246:	df 91       	pop	r29
    4248:	08 95       	ret

0000424a <HBUZZER_voidTogStatus>:
void HBUZZER_voidTogStatus (A_u8BuzzerPort , A_u8BuzzerPin)
{
    424a:	df 93       	push	r29
    424c:	cf 93       	push	r28
    424e:	00 d0       	rcall	.+0      	; 0x4250 <HBUZZER_voidTogStatus+0x6>
    4250:	00 d0       	rcall	.+0      	; 0x4252 <HBUZZER_voidTogStatus+0x8>
    4252:	cd b7       	in	r28, 0x3d	; 61
    4254:	de b7       	in	r29, 0x3e	; 62
    4256:	9a 83       	std	Y+2, r25	; 0x02
    4258:	89 83       	std	Y+1, r24	; 0x01
    425a:	7c 83       	std	Y+4, r23	; 0x04
    425c:	6b 83       	std	Y+3, r22	; 0x03
	MDIO_voidTogPinValue (A_u8BuzzerPort , A_u8BuzzerPin) ;
    425e:	89 81       	ldd	r24, Y+1	; 0x01
    4260:	9b 81       	ldd	r25, Y+3	; 0x03
    4262:	69 2f       	mov	r22, r25
    4264:	0e 94 8f 11 	call	0x231e	; 0x231e <MDIO_voidTogPinValue>
}
    4268:	0f 90       	pop	r0
    426a:	0f 90       	pop	r0
    426c:	0f 90       	pop	r0
    426e:	0f 90       	pop	r0
    4270:	cf 91       	pop	r28
    4272:	df 91       	pop	r29
    4274:	08 95       	ret

00004276 <main>:




void main (void)
{
    4276:	df 93       	push	r29
    4278:	cf 93       	push	r28
    427a:	cd b7       	in	r28, 0x3d	; 61
    427c:	de b7       	in	r29, 0x3e	; 62
    427e:	66 97       	sbiw	r28, 0x16	; 22
    4280:	0f b6       	in	r0, 0x3f	; 63
    4282:	f8 94       	cli
    4284:	de bf       	out	0x3e, r29	; 62
    4286:	0f be       	out	0x3f, r0	; 63
    4288:	cd bf       	out	0x3d, r28	; 61
	u32 L_u32Dis ;
	u8 L_u8Pin1Val;
	u8 L_u8Pin2Val;
	u8 L_u8Pin3Val;
	u8 L_u8Pin4Val;
	HLCD_voidInit() ;
    428a:	0e 94 1b 16 	call	0x2c36	; 0x2c36 <HLCD_voidInit>
	HUltrasonic_voidInit() ;
    428e:	0e 94 1a 13 	call	0x2634	; 0x2634 <HUltrasonic_voidInit>
	HDCM_voidInit(DIO_PORTC, DIO_PIN4, DIO_PIN5) ;
    4292:	82 e0       	ldi	r24, 0x02	; 2
    4294:	64 e0       	ldi	r22, 0x04	; 4
    4296:	45 e0       	ldi	r20, 0x05	; 5
    4298:	0e 94 7c 20 	call	0x40f8	; 0x40f8 <HDCM_voidInit>
	HDCM_voidInit(DIO_PORTC, DIO_PIN6, DIO_PIN7) ;
    429c:	82 e0       	ldi	r24, 0x02	; 2
    429e:	66 e0       	ldi	r22, 0x06	; 6
    42a0:	47 e0       	ldi	r20, 0x07	; 7
    42a2:	0e 94 7c 20 	call	0x40f8	; 0x40f8 <HDCM_voidInit>
	HBUZZER_voidInit(DIO_PORTD, DIO_PIN5) ;
    42a6:	83 e0       	ldi	r24, 0x03	; 3
    42a8:	90 e0       	ldi	r25, 0x00	; 0
    42aa:	65 e0       	ldi	r22, 0x05	; 5
    42ac:	70 e0       	ldi	r23, 0x00	; 0
    42ae:	0e 94 e0 20 	call	0x41c0	; 0x41c0 <HBUZZER_voidInit>
	HPB_voidInit(DIO_PORTC, DIO_PIN0) ;
    42b2:	82 e0       	ldi	r24, 0x02	; 2
    42b4:	90 e0       	ldi	r25, 0x00	; 0
    42b6:	60 e0       	ldi	r22, 0x00	; 0
    42b8:	70 e0       	ldi	r23, 0x00	; 0
    42ba:	0e 94 34 14 	call	0x2868	; 0x2868 <HPB_voidInit>
	HPB_voidInit(DIO_PORTC, DIO_PIN1) ;
    42be:	82 e0       	ldi	r24, 0x02	; 2
    42c0:	90 e0       	ldi	r25, 0x00	; 0
    42c2:	61 e0       	ldi	r22, 0x01	; 1
    42c4:	70 e0       	ldi	r23, 0x00	; 0
    42c6:	0e 94 34 14 	call	0x2868	; 0x2868 <HPB_voidInit>
	HPB_voidInit(DIO_PORTC, DIO_PIN2) ;
    42ca:	82 e0       	ldi	r24, 0x02	; 2
    42cc:	90 e0       	ldi	r25, 0x00	; 0
    42ce:	62 e0       	ldi	r22, 0x02	; 2
    42d0:	70 e0       	ldi	r23, 0x00	; 0
    42d2:	0e 94 34 14 	call	0x2868	; 0x2868 <HPB_voidInit>
	HPB_voidInit(DIO_PORTC, DIO_PIN3) ;
    42d6:	82 e0       	ldi	r24, 0x02	; 2
    42d8:	90 e0       	ldi	r25, 0x00	; 0
    42da:	63 e0       	ldi	r22, 0x03	; 3
    42dc:	70 e0       	ldi	r23, 0x00	; 0
    42de:	0e 94 34 14 	call	0x2868	; 0x2868 <HPB_voidInit>

	while (1)
	{
		HLCD_voidClrDisplay();
    42e2:	0e 94 8b 1e 	call	0x3d16	; 0x3d16 <HLCD_voidClrDisplay>
		HLCD_voidMoveCursor(LCD_ROW0, LCD_COL0) ;
    42e6:	80 e0       	ldi	r24, 0x00	; 0
    42e8:	60 e0       	ldi	r22, 0x00	; 0
    42ea:	0e 94 23 20 	call	0x4046	; 0x4046 <HLCD_voidMoveCursor>
		HLCD_voidDisplayStr("Distance=") ;
    42ee:	80 e6       	ldi	r24, 0x60	; 96
    42f0:	90 e0       	ldi	r25, 0x00	; 0
    42f2:	0e 94 62 1e 	call	0x3cc4	; 0x3cc4 <HLCD_voidDisplayStr>
		L_u32Dis = HUltrasonic_u32CalcDistance() ;
    42f6:	0e 94 2b 13 	call	0x2656	; 0x2656 <HUltrasonic_u32CalcDistance>
    42fa:	dc 01       	movw	r26, r24
    42fc:	cb 01       	movw	r24, r22
    42fe:	8b 8b       	std	Y+19, r24	; 0x13
    4300:	9c 8b       	std	Y+20, r25	; 0x14
    4302:	ad 8b       	std	Y+21, r26	; 0x15
    4304:	be 8b       	std	Y+22, r27	; 0x16
		HLCd_voidSendData((L_u32Dis/10) + '0') ;
    4306:	8b 89       	ldd	r24, Y+19	; 0x13
    4308:	9c 89       	ldd	r25, Y+20	; 0x14
    430a:	ad 89       	ldd	r26, Y+21	; 0x15
    430c:	be 89       	ldd	r27, Y+22	; 0x16
    430e:	2a e0       	ldi	r18, 0x0A	; 10
    4310:	30 e0       	ldi	r19, 0x00	; 0
    4312:	40 e0       	ldi	r20, 0x00	; 0
    4314:	50 e0       	ldi	r21, 0x00	; 0
    4316:	bc 01       	movw	r22, r24
    4318:	cd 01       	movw	r24, r26
    431a:	0e 94 fe 22 	call	0x45fc	; 0x45fc <__udivmodsi4>
    431e:	da 01       	movw	r26, r20
    4320:	c9 01       	movw	r24, r18
    4322:	80 5d       	subi	r24, 0xD0	; 208
    4324:	0e 94 66 19 	call	0x32cc	; 0x32cc <HLCd_voidSendData>
		HLCd_voidSendData((L_u32Dis%10) + '0') ;
    4328:	8b 89       	ldd	r24, Y+19	; 0x13
    432a:	9c 89       	ldd	r25, Y+20	; 0x14
    432c:	ad 89       	ldd	r26, Y+21	; 0x15
    432e:	be 89       	ldd	r27, Y+22	; 0x16
    4330:	2a e0       	ldi	r18, 0x0A	; 10
    4332:	30 e0       	ldi	r19, 0x00	; 0
    4334:	40 e0       	ldi	r20, 0x00	; 0
    4336:	50 e0       	ldi	r21, 0x00	; 0
    4338:	bc 01       	movw	r22, r24
    433a:	cd 01       	movw	r24, r26
    433c:	0e 94 fe 22 	call	0x45fc	; 0x45fc <__udivmodsi4>
    4340:	dc 01       	movw	r26, r24
    4342:	cb 01       	movw	r24, r22
    4344:	80 5d       	subi	r24, 0xD0	; 208
    4346:	0e 94 66 19 	call	0x32cc	; 0x32cc <HLCd_voidSendData>
		HLCD_voidDisplayStr("cm") ;
    434a:	8a e6       	ldi	r24, 0x6A	; 106
    434c:	90 e0       	ldi	r25, 0x00	; 0
    434e:	0e 94 62 1e 	call	0x3cc4	; 0x3cc4 <HLCD_voidDisplayStr>

		L_u8Pin1Val = PB_NOT_PRESSED;
    4352:	81 e0       	ldi	r24, 0x01	; 1
    4354:	8a 8b       	std	Y+18, r24	; 0x12
		L_u8Pin2Val = PB_NOT_PRESSED;
    4356:	81 e0       	ldi	r24, 0x01	; 1
    4358:	89 8b       	std	Y+17, r24	; 0x11
		L_u8Pin3Val = PB_NOT_PRESSED;
    435a:	81 e0       	ldi	r24, 0x01	; 1
    435c:	88 8b       	std	Y+16, r24	; 0x10
		L_u8Pin4Val = PB_NOT_PRESSED;
    435e:	81 e0       	ldi	r24, 0x01	; 1
    4360:	8f 87       	std	Y+15, r24	; 0x0f


		L_u8Pin1Val = HPB_u8GetStatues(DIO_PORTC, DIO_PIN0) ;
    4362:	82 e0       	ldi	r24, 0x02	; 2
    4364:	90 e0       	ldi	r25, 0x00	; 0
    4366:	60 e0       	ldi	r22, 0x00	; 0
    4368:	70 e0       	ldi	r23, 0x00	; 0
    436a:	0e 94 51 14 	call	0x28a2	; 0x28a2 <HPB_u8GetStatues>
    436e:	8a 8b       	std	Y+18, r24	; 0x12
		L_u8Pin2Val = HPB_u8GetStatues(DIO_PORTC, DIO_PIN1) ;
    4370:	82 e0       	ldi	r24, 0x02	; 2
    4372:	90 e0       	ldi	r25, 0x00	; 0
    4374:	61 e0       	ldi	r22, 0x01	; 1
    4376:	70 e0       	ldi	r23, 0x00	; 0
    4378:	0e 94 51 14 	call	0x28a2	; 0x28a2 <HPB_u8GetStatues>
    437c:	89 8b       	std	Y+17, r24	; 0x11
		L_u8Pin3Val = HPB_u8GetStatues(DIO_PORTC, DIO_PIN2) ;
    437e:	82 e0       	ldi	r24, 0x02	; 2
    4380:	90 e0       	ldi	r25, 0x00	; 0
    4382:	62 e0       	ldi	r22, 0x02	; 2
    4384:	70 e0       	ldi	r23, 0x00	; 0
    4386:	0e 94 51 14 	call	0x28a2	; 0x28a2 <HPB_u8GetStatues>
    438a:	88 8b       	std	Y+16, r24	; 0x10
		L_u8Pin4Val = HPB_u8GetStatues(DIO_PORTC, DIO_PIN3) ;
    438c:	82 e0       	ldi	r24, 0x02	; 2
    438e:	90 e0       	ldi	r25, 0x00	; 0
    4390:	63 e0       	ldi	r22, 0x03	; 3
    4392:	70 e0       	ldi	r23, 0x00	; 0
    4394:	0e 94 51 14 	call	0x28a2	; 0x28a2 <HPB_u8GetStatues>
    4398:	8f 87       	std	Y+15, r24	; 0x0f



		if(L_u32Dis >= 20){
    439a:	8b 89       	ldd	r24, Y+19	; 0x13
    439c:	9c 89       	ldd	r25, Y+20	; 0x14
    439e:	ad 89       	ldd	r26, Y+21	; 0x15
    43a0:	be 89       	ldd	r27, Y+22	; 0x16
    43a2:	84 31       	cpi	r24, 0x14	; 20
    43a4:	91 05       	cpc	r25, r1
    43a6:	a1 05       	cpc	r26, r1
    43a8:	b1 05       	cpc	r27, r1
    43aa:	08 f4       	brcc	.+2      	; 0x43ae <main+0x138>
    43ac:	6b c0       	rjmp	.+214    	; 0x4484 <main+0x20e>
		if (L_u8Pin1Val == PB_PRESSED){
    43ae:	8a 89       	ldd	r24, Y+18	; 0x12
    43b0:	88 23       	and	r24, r24
    43b2:	99 f4       	brne	.+38     	; 0x43da <main+0x164>

			        HDCM_voidCW (DIO_PORTC , DIO_PIN4 , DIO_PIN5);
    43b4:	82 e0       	ldi	r24, 0x02	; 2
    43b6:	64 e0       	ldi	r22, 0x04	; 4
    43b8:	45 e0       	ldi	r20, 0x05	; 5
    43ba:	0e 94 ae 20 	call	0x415c	; 0x415c <HDCM_voidCW>
			        HDCM_voidCW (DIO_PORTC , DIO_PIN6 , DIO_PIN7);
    43be:	82 e0       	ldi	r24, 0x02	; 2
    43c0:	66 e0       	ldi	r22, 0x06	; 6
    43c2:	47 e0       	ldi	r20, 0x07	; 7
    43c4:	0e 94 ae 20 	call	0x415c	; 0x415c <HDCM_voidCW>

			        HLCD_voidMoveCursor(LCD_ROW1, LCD_COL0) ;
    43c8:	81 e0       	ldi	r24, 0x01	; 1
    43ca:	60 e0       	ldi	r22, 0x00	; 0
    43cc:	0e 94 23 20 	call	0x4046	; 0x4046 <HLCD_voidMoveCursor>
			        HLCD_voidDisplayStr("Forward") ;
    43d0:	8d e6       	ldi	r24, 0x6D	; 109
    43d2:	90 e0       	ldi	r25, 0x00	; 0
    43d4:	0e 94 62 1e 	call	0x3cc4	; 0x3cc4 <HLCD_voidDisplayStr>
    43d8:	67 c0       	rjmp	.+206    	; 0x44a8 <main+0x232>

		}
		else if (L_u8Pin2Val == PB_PRESSED){
    43da:	89 89       	ldd	r24, Y+17	; 0x11
    43dc:	88 23       	and	r24, r24
    43de:	99 f4       	brne	.+38     	; 0x4406 <main+0x190>
			        HDCM_voidCCW (DIO_PORTC , DIO_PIN4 , DIO_PIN5);
    43e0:	82 e0       	ldi	r24, 0x02	; 2
    43e2:	64 e0       	ldi	r22, 0x04	; 4
    43e4:	45 e0       	ldi	r20, 0x05	; 5
    43e6:	0e 94 c7 20 	call	0x418e	; 0x418e <HDCM_voidCCW>
			        HDCM_voidCCW (DIO_PORTC , DIO_PIN6 , DIO_PIN7);
    43ea:	82 e0       	ldi	r24, 0x02	; 2
    43ec:	66 e0       	ldi	r22, 0x06	; 6
    43ee:	47 e0       	ldi	r20, 0x07	; 7
    43f0:	0e 94 c7 20 	call	0x418e	; 0x418e <HDCM_voidCCW>
					HLCD_voidMoveCursor(LCD_ROW1, LCD_COL0) ;
    43f4:	81 e0       	ldi	r24, 0x01	; 1
    43f6:	60 e0       	ldi	r22, 0x00	; 0
    43f8:	0e 94 23 20 	call	0x4046	; 0x4046 <HLCD_voidMoveCursor>
					HLCD_voidDisplayStr("Backward") ;
    43fc:	85 e7       	ldi	r24, 0x75	; 117
    43fe:	90 e0       	ldi	r25, 0x00	; 0
    4400:	0e 94 62 1e 	call	0x3cc4	; 0x3cc4 <HLCD_voidDisplayStr>
    4404:	51 c0       	rjmp	.+162    	; 0x44a8 <main+0x232>
				}
		else if (L_u8Pin3Val == PB_PRESSED){
    4406:	88 89       	ldd	r24, Y+16	; 0x10
    4408:	88 23       	and	r24, r24
    440a:	99 f4       	brne	.+38     	; 0x4432 <main+0x1bc>
			        HDCM_voidCW (DIO_PORTC , DIO_PIN4 , DIO_PIN5);
    440c:	82 e0       	ldi	r24, 0x02	; 2
    440e:	64 e0       	ldi	r22, 0x04	; 4
    4410:	45 e0       	ldi	r20, 0x05	; 5
    4412:	0e 94 ae 20 	call	0x415c	; 0x415c <HDCM_voidCW>
			        HDCM_voidStop (DIO_PORTC , DIO_PIN6 , DIO_PIN7) ;
    4416:	82 e0       	ldi	r24, 0x02	; 2
    4418:	66 e0       	ldi	r22, 0x06	; 6
    441a:	47 e0       	ldi	r20, 0x07	; 7
    441c:	0e 94 95 20 	call	0x412a	; 0x412a <HDCM_voidStop>
					HLCD_voidMoveCursor(LCD_ROW1, LCD_COL0) ;
    4420:	81 e0       	ldi	r24, 0x01	; 1
    4422:	60 e0       	ldi	r22, 0x00	; 0
    4424:	0e 94 23 20 	call	0x4046	; 0x4046 <HLCD_voidMoveCursor>
					HLCD_voidDisplayStr("Left") ;
    4428:	8e e7       	ldi	r24, 0x7E	; 126
    442a:	90 e0       	ldi	r25, 0x00	; 0
    442c:	0e 94 62 1e 	call	0x3cc4	; 0x3cc4 <HLCD_voidDisplayStr>
    4430:	3b c0       	rjmp	.+118    	; 0x44a8 <main+0x232>
				}
		else if (L_u8Pin4Val == PB_PRESSED){
    4432:	8f 85       	ldd	r24, Y+15	; 0x0f
    4434:	88 23       	and	r24, r24
    4436:	99 f4       	brne	.+38     	; 0x445e <main+0x1e8>
			        HDCM_voidCCW (DIO_PORTC , DIO_PIN6 , DIO_PIN7);
    4438:	82 e0       	ldi	r24, 0x02	; 2
    443a:	66 e0       	ldi	r22, 0x06	; 6
    443c:	47 e0       	ldi	r20, 0x07	; 7
    443e:	0e 94 c7 20 	call	0x418e	; 0x418e <HDCM_voidCCW>
			        HDCM_voidStop (DIO_PORTC , DIO_PIN4 , DIO_PIN5) ;
    4442:	82 e0       	ldi	r24, 0x02	; 2
    4444:	64 e0       	ldi	r22, 0x04	; 4
    4446:	45 e0       	ldi	r20, 0x05	; 5
    4448:	0e 94 95 20 	call	0x412a	; 0x412a <HDCM_voidStop>
					HLCD_voidMoveCursor(LCD_ROW1, LCD_COL0) ;
    444c:	81 e0       	ldi	r24, 0x01	; 1
    444e:	60 e0       	ldi	r22, 0x00	; 0
    4450:	0e 94 23 20 	call	0x4046	; 0x4046 <HLCD_voidMoveCursor>
					HLCD_voidDisplayStr("Right") ;
    4454:	83 e8       	ldi	r24, 0x83	; 131
    4456:	90 e0       	ldi	r25, 0x00	; 0
    4458:	0e 94 62 1e 	call	0x3cc4	; 0x3cc4 <HLCD_voidDisplayStr>
    445c:	25 c0       	rjmp	.+74     	; 0x44a8 <main+0x232>
				}
		else{
					        //HBUZZER_voidTogStatus(DIO_PORTD, DIO_PIN5) ;
					        HDCM_voidStop (DIO_PORTC , DIO_PIN4 , DIO_PIN5) ;
    445e:	82 e0       	ldi	r24, 0x02	; 2
    4460:	64 e0       	ldi	r22, 0x04	; 4
    4462:	45 e0       	ldi	r20, 0x05	; 5
    4464:	0e 94 95 20 	call	0x412a	; 0x412a <HDCM_voidStop>
					        HDCM_voidStop (DIO_PORTC , DIO_PIN6 , DIO_PIN7) ;
    4468:	82 e0       	ldi	r24, 0x02	; 2
    446a:	66 e0       	ldi	r22, 0x06	; 6
    446c:	47 e0       	ldi	r20, 0x07	; 7
    446e:	0e 94 95 20 	call	0x412a	; 0x412a <HDCM_voidStop>
							HLCD_voidMoveCursor(LCD_ROW1, LCD_COL0) ;
    4472:	81 e0       	ldi	r24, 0x01	; 1
    4474:	60 e0       	ldi	r22, 0x00	; 0
    4476:	0e 94 23 20 	call	0x4046	; 0x4046 <HLCD_voidMoveCursor>
							HLCD_voidDisplayStr("Stop") ;
    447a:	89 e8       	ldi	r24, 0x89	; 137
    447c:	90 e0       	ldi	r25, 0x00	; 0
    447e:	0e 94 62 1e 	call	0x3cc4	; 0x3cc4 <HLCD_voidDisplayStr>
    4482:	12 c0       	rjmp	.+36     	; 0x44a8 <main+0x232>
				}

		}else{
			        //HBUZZER_voidTogStatus(DIO_PORTD, DIO_PIN5) ;
			        HDCM_voidStop (DIO_PORTC , DIO_PIN4 , DIO_PIN5) ;
    4484:	82 e0       	ldi	r24, 0x02	; 2
    4486:	64 e0       	ldi	r22, 0x04	; 4
    4488:	45 e0       	ldi	r20, 0x05	; 5
    448a:	0e 94 95 20 	call	0x412a	; 0x412a <HDCM_voidStop>
			        HDCM_voidStop (DIO_PORTC , DIO_PIN6 , DIO_PIN7) ;
    448e:	82 e0       	ldi	r24, 0x02	; 2
    4490:	66 e0       	ldi	r22, 0x06	; 6
    4492:	47 e0       	ldi	r20, 0x07	; 7
    4494:	0e 94 95 20 	call	0x412a	; 0x412a <HDCM_voidStop>
					HLCD_voidMoveCursor(LCD_ROW1, LCD_COL0) ;
    4498:	81 e0       	ldi	r24, 0x01	; 1
    449a:	60 e0       	ldi	r22, 0x00	; 0
    449c:	0e 94 23 20 	call	0x4046	; 0x4046 <HLCD_voidMoveCursor>
					HLCD_voidDisplayStr("Stop") ;
    44a0:	89 e8       	ldi	r24, 0x89	; 137
    44a2:	90 e0       	ldi	r25, 0x00	; 0
    44a4:	0e 94 62 1e 	call	0x3cc4	; 0x3cc4 <HLCD_voidDisplayStr>
		}
		if(L_u32Dis <= 20){
    44a8:	8b 89       	ldd	r24, Y+19	; 0x13
    44aa:	9c 89       	ldd	r25, Y+20	; 0x14
    44ac:	ad 89       	ldd	r26, Y+21	; 0x15
    44ae:	be 89       	ldd	r27, Y+22	; 0x16
    44b0:	85 31       	cpi	r24, 0x15	; 21
    44b2:	91 05       	cpc	r25, r1
    44b4:	a1 05       	cpc	r26, r1
    44b6:	b1 05       	cpc	r27, r1
    44b8:	38 f4       	brcc	.+14     	; 0x44c8 <main+0x252>
			 HBUZZER_voidTurnOn(DIO_PORTD, DIO_PIN5) ;
    44ba:	83 e0       	ldi	r24, 0x03	; 3
    44bc:	90 e0       	ldi	r25, 0x00	; 0
    44be:	65 e0       	ldi	r22, 0x05	; 5
    44c0:	70 e0       	ldi	r23, 0x00	; 0
    44c2:	0e 94 f7 20 	call	0x41ee	; 0x41ee <HBUZZER_voidTurnOn>
    44c6:	06 c0       	rjmp	.+12     	; 0x44d4 <main+0x25e>
				}
		else{
			HBUZZER_voidTurnOff(DIO_PORTD, DIO_PIN5) ;
    44c8:	83 e0       	ldi	r24, 0x03	; 3
    44ca:	90 e0       	ldi	r25, 0x00	; 0
    44cc:	65 e0       	ldi	r22, 0x05	; 5
    44ce:	70 e0       	ldi	r23, 0x00	; 0
    44d0:	0e 94 0e 21 	call	0x421c	; 0x421c <HBUZZER_voidTurnOff>
    44d4:	80 e0       	ldi	r24, 0x00	; 0
    44d6:	90 e0       	ldi	r25, 0x00	; 0
    44d8:	aa ef       	ldi	r26, 0xFA	; 250
    44da:	b4 e4       	ldi	r27, 0x44	; 68
    44dc:	8b 87       	std	Y+11, r24	; 0x0b
    44de:	9c 87       	std	Y+12, r25	; 0x0c
    44e0:	ad 87       	std	Y+13, r26	; 0x0d
    44e2:	be 87       	std	Y+14, r27	; 0x0e
 */
void
_delay_ms(double __ms)
{
	uint16_t __ticks;
	double __tmp = ((F_CPU) / 4e3) * __ms;
    44e4:	6b 85       	ldd	r22, Y+11	; 0x0b
    44e6:	7c 85       	ldd	r23, Y+12	; 0x0c
    44e8:	8d 85       	ldd	r24, Y+13	; 0x0d
    44ea:	9e 85       	ldd	r25, Y+14	; 0x0e
    44ec:	20 e0       	ldi	r18, 0x00	; 0
    44ee:	30 e0       	ldi	r19, 0x00	; 0
    44f0:	4a ef       	ldi	r20, 0xFA	; 250
    44f2:	54 e4       	ldi	r21, 0x44	; 68
    44f4:	0e 94 1f 02 	call	0x43e	; 0x43e <__mulsf3>
    44f8:	dc 01       	movw	r26, r24
    44fa:	cb 01       	movw	r24, r22
    44fc:	8f 83       	std	Y+7, r24	; 0x07
    44fe:	98 87       	std	Y+8, r25	; 0x08
    4500:	a9 87       	std	Y+9, r26	; 0x09
    4502:	ba 87       	std	Y+10, r27	; 0x0a
	if (__tmp < 1.0)
    4504:	6f 81       	ldd	r22, Y+7	; 0x07
    4506:	78 85       	ldd	r23, Y+8	; 0x08
    4508:	89 85       	ldd	r24, Y+9	; 0x09
    450a:	9a 85       	ldd	r25, Y+10	; 0x0a
    450c:	20 e0       	ldi	r18, 0x00	; 0
    450e:	30 e0       	ldi	r19, 0x00	; 0
    4510:	40 e8       	ldi	r20, 0x80	; 128
    4512:	5f e3       	ldi	r21, 0x3F	; 63
    4514:	0e 94 85 04 	call	0x90a	; 0x90a <__ltsf2>
    4518:	88 23       	and	r24, r24
    451a:	2c f4       	brge	.+10     	; 0x4526 <main+0x2b0>
		__ticks = 1;
    451c:	81 e0       	ldi	r24, 0x01	; 1
    451e:	90 e0       	ldi	r25, 0x00	; 0
    4520:	9e 83       	std	Y+6, r25	; 0x06
    4522:	8d 83       	std	Y+5, r24	; 0x05
    4524:	3f c0       	rjmp	.+126    	; 0x45a4 <main+0x32e>
	else if (__tmp > 65535)
    4526:	6f 81       	ldd	r22, Y+7	; 0x07
    4528:	78 85       	ldd	r23, Y+8	; 0x08
    452a:	89 85       	ldd	r24, Y+9	; 0x09
    452c:	9a 85       	ldd	r25, Y+10	; 0x0a
    452e:	20 e0       	ldi	r18, 0x00	; 0
    4530:	3f ef       	ldi	r19, 0xFF	; 255
    4532:	4f e7       	ldi	r20, 0x7F	; 127
    4534:	57 e4       	ldi	r21, 0x47	; 71
    4536:	0e 94 25 04 	call	0x84a	; 0x84a <__gtsf2>
    453a:	18 16       	cp	r1, r24
    453c:	4c f5       	brge	.+82     	; 0x4590 <main+0x31a>
	{
		//	__ticks = requested delay in 1/10 ms
		__ticks = (uint16_t) (__ms * 10.0);
    453e:	6b 85       	ldd	r22, Y+11	; 0x0b
    4540:	7c 85       	ldd	r23, Y+12	; 0x0c
    4542:	8d 85       	ldd	r24, Y+13	; 0x0d
    4544:	9e 85       	ldd	r25, Y+14	; 0x0e
    4546:	20 e0       	ldi	r18, 0x00	; 0
    4548:	30 e0       	ldi	r19, 0x00	; 0
    454a:	40 e2       	ldi	r20, 0x20	; 32
    454c:	51 e4       	ldi	r21, 0x41	; 65
    454e:	0e 94 1f 02 	call	0x43e	; 0x43e <__mulsf3>
    4552:	dc 01       	movw	r26, r24
    4554:	cb 01       	movw	r24, r22
    4556:	bc 01       	movw	r22, r24
    4558:	cd 01       	movw	r24, r26
    455a:	0e 94 49 00 	call	0x92	; 0x92 <__fixunssfsi>
    455e:	dc 01       	movw	r26, r24
    4560:	cb 01       	movw	r24, r22
    4562:	9e 83       	std	Y+6, r25	; 0x06
    4564:	8d 83       	std	Y+5, r24	; 0x05
    4566:	0f c0       	rjmp	.+30     	; 0x4586 <main+0x310>
    4568:	88 ec       	ldi	r24, 0xC8	; 200
    456a:	90 e0       	ldi	r25, 0x00	; 0
    456c:	9c 83       	std	Y+4, r25	; 0x04
    456e:	8b 83       	std	Y+3, r24	; 0x03
    4570:	8b 81       	ldd	r24, Y+3	; 0x03
    4572:	9c 81       	ldd	r25, Y+4	; 0x04
    4574:	01 97       	sbiw	r24, 0x01	; 1
    4576:	f1 f7       	brne	.-4      	; 0x4574 <main+0x2fe>
    4578:	9c 83       	std	Y+4, r25	; 0x04
    457a:	8b 83       	std	Y+3, r24	; 0x03
		while(__ticks)
		{
			// wait 1/10 ms
			_delay_loop_2(((F_CPU) / 4e3) / 10);
			__ticks --;
    457c:	8d 81       	ldd	r24, Y+5	; 0x05
    457e:	9e 81       	ldd	r25, Y+6	; 0x06
    4580:	01 97       	sbiw	r24, 0x01	; 1
    4582:	9e 83       	std	Y+6, r25	; 0x06
    4584:	8d 83       	std	Y+5, r24	; 0x05
		__ticks = 1;
	else if (__tmp > 65535)
	{
		//	__ticks = requested delay in 1/10 ms
		__ticks = (uint16_t) (__ms * 10.0);
		while(__ticks)
    4586:	8d 81       	ldd	r24, Y+5	; 0x05
    4588:	9e 81       	ldd	r25, Y+6	; 0x06
    458a:	00 97       	sbiw	r24, 0x00	; 0
    458c:	69 f7       	brne	.-38     	; 0x4568 <main+0x2f2>
    458e:	14 c0       	rjmp	.+40     	; 0x45b8 <main+0x342>
			__ticks --;
		}
		return;
	}
	else
		__ticks = (uint16_t)__tmp;
    4590:	6f 81       	ldd	r22, Y+7	; 0x07
    4592:	78 85       	ldd	r23, Y+8	; 0x08
    4594:	89 85       	ldd	r24, Y+9	; 0x09
    4596:	9a 85       	ldd	r25, Y+10	; 0x0a
    4598:	0e 94 49 00 	call	0x92	; 0x92 <__fixunssfsi>
    459c:	dc 01       	movw	r26, r24
    459e:	cb 01       	movw	r24, r22
    45a0:	9e 83       	std	Y+6, r25	; 0x06
    45a2:	8d 83       	std	Y+5, r24	; 0x05
    45a4:	8d 81       	ldd	r24, Y+5	; 0x05
    45a6:	9e 81       	ldd	r25, Y+6	; 0x06
    45a8:	9a 83       	std	Y+2, r25	; 0x02
    45aa:	89 83       	std	Y+1, r24	; 0x01
    45ac:	89 81       	ldd	r24, Y+1	; 0x01
    45ae:	9a 81       	ldd	r25, Y+2	; 0x02
    45b0:	01 97       	sbiw	r24, 0x01	; 1
    45b2:	f1 f7       	brne	.-4      	; 0x45b0 <main+0x33a>
    45b4:	9a 83       	std	Y+2, r25	; 0x02
    45b6:	89 83       	std	Y+1, r24	; 0x01
		}
		        _delay_ms(2000) ;
				HLCD_voidClrDisplay() ;
    45b8:	0e 94 8b 1e 	call	0x3d16	; 0x3d16 <HLCD_voidClrDisplay>
    45bc:	92 ce       	rjmp	.-732    	; 0x42e2 <main+0x6c>

000045be <__mulsi3>:
    45be:	62 9f       	mul	r22, r18
    45c0:	d0 01       	movw	r26, r0
    45c2:	73 9f       	mul	r23, r19
    45c4:	f0 01       	movw	r30, r0
    45c6:	82 9f       	mul	r24, r18
    45c8:	e0 0d       	add	r30, r0
    45ca:	f1 1d       	adc	r31, r1
    45cc:	64 9f       	mul	r22, r20
    45ce:	e0 0d       	add	r30, r0
    45d0:	f1 1d       	adc	r31, r1
    45d2:	92 9f       	mul	r25, r18
    45d4:	f0 0d       	add	r31, r0
    45d6:	83 9f       	mul	r24, r19
    45d8:	f0 0d       	add	r31, r0
    45da:	74 9f       	mul	r23, r20
    45dc:	f0 0d       	add	r31, r0
    45de:	65 9f       	mul	r22, r21
    45e0:	f0 0d       	add	r31, r0
    45e2:	99 27       	eor	r25, r25
    45e4:	72 9f       	mul	r23, r18
    45e6:	b0 0d       	add	r27, r0
    45e8:	e1 1d       	adc	r30, r1
    45ea:	f9 1f       	adc	r31, r25
    45ec:	63 9f       	mul	r22, r19
    45ee:	b0 0d       	add	r27, r0
    45f0:	e1 1d       	adc	r30, r1
    45f2:	f9 1f       	adc	r31, r25
    45f4:	bd 01       	movw	r22, r26
    45f6:	cf 01       	movw	r24, r30
    45f8:	11 24       	eor	r1, r1
    45fa:	08 95       	ret

000045fc <__udivmodsi4>:
    45fc:	a1 e2       	ldi	r26, 0x21	; 33
    45fe:	1a 2e       	mov	r1, r26
    4600:	aa 1b       	sub	r26, r26
    4602:	bb 1b       	sub	r27, r27
    4604:	fd 01       	movw	r30, r26
    4606:	0d c0       	rjmp	.+26     	; 0x4622 <__udivmodsi4_ep>

00004608 <__udivmodsi4_loop>:
    4608:	aa 1f       	adc	r26, r26
    460a:	bb 1f       	adc	r27, r27
    460c:	ee 1f       	adc	r30, r30
    460e:	ff 1f       	adc	r31, r31
    4610:	a2 17       	cp	r26, r18
    4612:	b3 07       	cpc	r27, r19
    4614:	e4 07       	cpc	r30, r20
    4616:	f5 07       	cpc	r31, r21
    4618:	20 f0       	brcs	.+8      	; 0x4622 <__udivmodsi4_ep>
    461a:	a2 1b       	sub	r26, r18
    461c:	b3 0b       	sbc	r27, r19
    461e:	e4 0b       	sbc	r30, r20
    4620:	f5 0b       	sbc	r31, r21

00004622 <__udivmodsi4_ep>:
    4622:	66 1f       	adc	r22, r22
    4624:	77 1f       	adc	r23, r23
    4626:	88 1f       	adc	r24, r24
    4628:	99 1f       	adc	r25, r25
    462a:	1a 94       	dec	r1
    462c:	69 f7       	brne	.-38     	; 0x4608 <__udivmodsi4_loop>
    462e:	60 95       	com	r22
    4630:	70 95       	com	r23
    4632:	80 95       	com	r24
    4634:	90 95       	com	r25
    4636:	9b 01       	movw	r18, r22
    4638:	ac 01       	movw	r20, r24
    463a:	bd 01       	movw	r22, r26
    463c:	cf 01       	movw	r24, r30
    463e:	08 95       	ret

00004640 <__prologue_saves__>:
    4640:	2f 92       	push	r2
    4642:	3f 92       	push	r3
    4644:	4f 92       	push	r4
    4646:	5f 92       	push	r5
    4648:	6f 92       	push	r6
    464a:	7f 92       	push	r7
    464c:	8f 92       	push	r8
    464e:	9f 92       	push	r9
    4650:	af 92       	push	r10
    4652:	bf 92       	push	r11
    4654:	cf 92       	push	r12
    4656:	df 92       	push	r13
    4658:	ef 92       	push	r14
    465a:	ff 92       	push	r15
    465c:	0f 93       	push	r16
    465e:	1f 93       	push	r17
    4660:	cf 93       	push	r28
    4662:	df 93       	push	r29
    4664:	cd b7       	in	r28, 0x3d	; 61
    4666:	de b7       	in	r29, 0x3e	; 62
    4668:	ca 1b       	sub	r28, r26
    466a:	db 0b       	sbc	r29, r27
    466c:	0f b6       	in	r0, 0x3f	; 63
    466e:	f8 94       	cli
    4670:	de bf       	out	0x3e, r29	; 62
    4672:	0f be       	out	0x3f, r0	; 63
    4674:	cd bf       	out	0x3d, r28	; 61
    4676:	09 94       	ijmp

00004678 <__epilogue_restores__>:
    4678:	2a 88       	ldd	r2, Y+18	; 0x12
    467a:	39 88       	ldd	r3, Y+17	; 0x11
    467c:	48 88       	ldd	r4, Y+16	; 0x10
    467e:	5f 84       	ldd	r5, Y+15	; 0x0f
    4680:	6e 84       	ldd	r6, Y+14	; 0x0e
    4682:	7d 84       	ldd	r7, Y+13	; 0x0d
    4684:	8c 84       	ldd	r8, Y+12	; 0x0c
    4686:	9b 84       	ldd	r9, Y+11	; 0x0b
    4688:	aa 84       	ldd	r10, Y+10	; 0x0a
    468a:	b9 84       	ldd	r11, Y+9	; 0x09
    468c:	c8 84       	ldd	r12, Y+8	; 0x08
    468e:	df 80       	ldd	r13, Y+7	; 0x07
    4690:	ee 80       	ldd	r14, Y+6	; 0x06
    4692:	fd 80       	ldd	r15, Y+5	; 0x05
    4694:	0c 81       	ldd	r16, Y+4	; 0x04
    4696:	1b 81       	ldd	r17, Y+3	; 0x03
    4698:	aa 81       	ldd	r26, Y+2	; 0x02
    469a:	b9 81       	ldd	r27, Y+1	; 0x01
    469c:	ce 0f       	add	r28, r30
    469e:	d1 1d       	adc	r29, r1
    46a0:	0f b6       	in	r0, 0x3f	; 63
    46a2:	f8 94       	cli
    46a4:	de bf       	out	0x3e, r29	; 62
    46a6:	0f be       	out	0x3f, r0	; 63
    46a8:	cd bf       	out	0x3d, r28	; 61
    46aa:	ed 01       	movw	r28, r26
    46ac:	08 95       	ret

000046ae <_exit>:
    46ae:	f8 94       	cli

000046b0 <__stop_program>:
    46b0:	ff cf       	rjmp	.-2      	; 0x46b0 <__stop_program>
